파일명,센서,슬레이트 시간(초),사람 등장,도난_시작,도난_종료,사람 퇴장,사람 등장,싸움_시작,싸움_종료,사람 퇴장,사람 등장,배회_시작,배회_종료,사람 퇴장,사람 등장,침입_시작,침입_종료,사람 퇴장,사람 등장,쓰러짐_시작,쓰러짐_종료,사람 퇴장,사람 등장,유기_시작,유기_종료,사람 퇴장
AA_E_TT_CL_DY_6M_1M_01_1,IR,1:32,3:41,3:48,4:19,4:23,6:40,6:45,7:15,7:19,9:42,9:47,10:15,10:20,12:41,12:54,13:13,13:13,15:40,15:48,16:10,16:19,18:41,19:00,19:07,19:10
AA_E_TT_CL_DY_6M_1M_01_1,RGB,1:31,3:41,3:48,4:19,4:23,6:40,6:45,7:15,7:19,9:42,9:47,10:15,10:20,12:41,12:54,13:13,13:13,15:40,15:48,16:10,16:19,18:41,19:00,19:07,19:10
AA_E_TT_CL_DY_6M_1M_01_1,Depth,1:32,3:41,3:48,4:19,4:23,6:40,6:45,7:15,7:19,9:42,9:47,10:15,10:20,12:41,12:54,13:13,13:13,15:40,15:48,16:10,16:19,18:41,19:00,19:07,19:10
AA_E_TT_CL_DY_6M_1M_01_1,Thermal,1:28,3:37,3:44,4:15,4:19,6:36,6:41,7:11,7:15,9:38,9:43,10:11,10:16,12:37,12:50,13:09,13:09,15:36,15:44,16:06,16:15,18:37,18:56,19:03,19:06
AA_E_TT_CL_DY_6M_1M_01_1,Lidar,1:14,3:23,3:30,4:01,4:05,6:22,6:27,6:57,7:01,9:24,9:29,9:57,10:02,12:23,12:36,12:55,12:55,15:22,15:30,15:52,16:01,18:23,18:42,18:49,18:52
AA_E_TT_CL_DY_6M_1M_03_0,IR,0:34,2:43,2:51,3:16,3:22,5:41,5:52,6:19,6:27,8:41,8:46,9:25,9:30,11:42,11:46,12:25,12:28,14:39,14:43,15:14,15:20,17:42,18:08,18:19,18:23
AA_E_TT_CL_DY_6M_1M_03_0,RGB,0:34,2:43,2:51,3:16,3:22,5:41,5:52,6:19,6:27,8:41,8:46,9:25,9:30,11:42,11:46,12:25,12:28,14:39,14:43,15:14,15:20,17:42,18:08,18:19,18:23
AA_E_TT_CL_DY_6M_1M_03_0,Depth,0:34,2:43,2:51,3:16,3:22,5:41,5:52,6:19,6:27,8:41,8:46,9:25,9:30,11:42,11:46,12:25,12:28,14:39,14:43,15:14,15:20,17:42,18:08,18:19,18:23
AA_E_TT_CL_DY_6M_1M_03_0,Thermal,0:33,2:42,2:50,3:15,3:21,5:40,5:51,6:18,6:26,8:40,8:45,9:24,9:29,11:41,11:45,12:24,12:27,14:38,14:42,15:13,15:19,17:41,18:07,18:18,18:22
AA_E_TT_CL_DY_6M_1M_03_0,Lidar,0:25,2:34,2:42,3:07,3:13,5:32,5:43,6:10,6:18,8:32,8:37,9:16,9:21,11:33,11:37,12:16,12:19,14:30,14:34,15:05,15:11,17:33,17:59,18:10,18:14
AA_E_TT_CL_DY_6M_1M_05_0,IR,0:39,2:58,3:08,3:35,3:40,6:07,6:13,6:41,6:50,8:57,9:02,9:38,9:43,11:56,12:03,12:40,12:40,14:58,15:02,15:31,15:36,17:57,18:20,18:34,18:37
AA_E_TT_CL_DY_6M_1M_05_0,RGB,0:39,2:58,3:08,3:35,3:40,6:07,6:13,6:41,6:50,8:57,9:02,9:38,9:43,11:56,12:03,12:40,12:40,14:58,15:02,15:31,15:36,17:57,18:20,18:34,18:37
AA_E_TT_CL_DY_6M_1M_05_0,Depth,0:39,2:58,3:08,3:35,3:40,6:07,6:13,6:41,6:50,8:57,9:02,9:38,9:43,11:56,12:03,12:40,12:40,14:58,15:02,15:31,15:36,17:57,18:20,18:34,18:37
AA_E_TT_CL_DY_6M_1M_05_0,Thermal,0:37,2:56,3:06,3:33,3:38,6:05,6:11,6:39,6:48,8:55,9:00,9:36,9:41,11:54,12:01,12:38,12:38,14:56,15:00,15:29,15:34,17:55,18:18,18:32,18:35
AA_E_TT_CL_DY_6M_1M_05_0,Lidar,0:27,2:46,2:56,3:23,3:28,5:55,6:01,6:29,6:38,8:45,8:50,9:26,9:31,11:44,11:51,12:28,12:28,14:46,14:50,15:19,15:24,17:45,18:08,18:22,18:25
AA_E_TT_CL_DY_6M_1M_07_0,IR,0:52,2:38,2:44,3:05,3:10,5:33,5:37,6:10,6:10,8:30,8:35,9:12,9:17,11:29,11:36,12:13,12:13,14:30,14:33,15:00,15:06,17:27,17:40,18:05,18:08
AA_E_TT_CL_DY_6M_1M_07_0,RGB,0:52,2:38,2:44,3:05,3:10,5:33,5:37,6:10,6:10,8:30,8:35,9:12,9:17,11:29,11:36,12:13,12:13,14:30,14:33,15:00,15:06,17:27,17:40,18:05,18:08
AA_E_TT_CL_DY_6M_1M_07_0,Depth,0:52,2:38,2:44,3:05,3:10,5:33,5:37,6:10,6:10,8:30,8:35,9:12,9:17,11:29,11:36,12:13,12:13,14:30,14:33,15:00,15:06,17:27,17:40,18:05,18:08
AA_E_TT_CL_DY_6M_1M_07_0,Thermal,0:46,2:56,3:03,3:28,3:33,5:58,6:03,6:35,6:35,8:56,9:01,9:38,9:43,11:55,12:02,12:39,12:39,14:55,14:59,15:26,15:31,17:54,18:06,18:31,18:33
AA_E_TT_CL_DY_6M_1M_07_0,Lidar,0:36,2:46,2:53,3:18,3:23,5:48,5:53,6:25,6:25,8:46,8:51,9:28,9:33,11:45,11:52,12:29,12:29,14:45,14:49,15:16,15:21,17:44,17:56,18:21,18:23
AA_E_TT_CL_DY_6M_50CM_01_0,IR,1:31,3:40,3:47,4:18,4:22,6:39,6:44,7:14,7:18,9:41,9:46,10:14,10:19,12:40,12:53,13:12,13:12,15:39,15:47,16:09,16:18,18:40,18:59,19:06,19:09
AA_E_TT_CL_DY_6M_50CM_01_0,RGB,1:31,3:40,3:47,4:18,4:22,6:39,6:44,7:14,7:18,9:41,9:46,10:14,10:19,12:40,12:53,13:12,13:12,15:39,15:47,16:09,16:18,18:40,18:59,19:06,19:09
AA_E_TT_CL_DY_6M_50CM_01_0,Depth,1:31,3:40,3:47,4:18,4:22,6:39,6:44,7:14,7:18,9:41,9:46,10:14,10:19,12:40,12:53,13:12,13:12,15:39,15:47,16:09,16:18,18:40,18:59,19:06,19:09
AA_E_TT_CL_DY_6M_50CM_01_0,Thermal,1:22,3:31,3:38,4:09,4:13,6:30,6:35,7:05,7:09,9:32,9:37,10:05,10:10,12:31,12:44,13:03,13:03,15:30,15:38,16:00,16:09,18:31,18:50,18:57,19:00
AA_E_TT_CL_DY_6M_50CM_01_0,Lidar,1:03,3:12,3:19,3:50,3:54,6:11,6:16,6:46,6:50,9:13,9:18,9:46,9:51,12:12,12:25,12:44,12:44,15:11,15:19,15:41,15:50,18:12,18:31,18:38,18:41
AA_E_TT_CL_DY_6M_50CM_03_0,IR,0:34,2:43,2:51,3:16,3:22,5:41,5:52,6:19,6:27,8:41,8:46,9:25,9:30,11:42,11:46,12:25,12:28,14:39,14:43,15:14,15:20,17:42,18:08,18:19,18:23
AA_E_TT_CL_DY_6M_50CM_03_0,RGB,0:34,2:43,2:51,3:16,3:22,5:41,5:52,6:19,6:27,8:41,8:46,9:25,9:30,11:42,11:46,12:25,12:28,14:39,14:43,15:14,15:20,17:42,18:08,18:19,18:23
AA_E_TT_CL_DY_6M_50CM_03_0,Depth,0:34,2:43,2:51,3:16,3:22,5:41,5:52,6:19,6:27,8:41,8:46,9:25,9:30,11:42,11:46,12:25,12:28,14:39,14:43,15:14,15:20,17:42,18:08,18:19,18:23
AA_E_TT_CL_DY_6M_50CM_03_0,Thermal,0:32,2:41,2:49,3:14,3:20,5:39,5:50,6:17,6:25,8:39,8:44,9:23,9:28,11:40,11:44,12:23,12:26,14:37,14:41,15:12,15:18,17:40,18:06,18:17,18:21
AA_E_TT_CL_DY_6M_50CM_03_0,Lidar,0:23,2:32,2:40,3:05,3:11,5:30,5:41,6:08,6:16,8:30,8:35,9:14,9:19,11:31,11:35,12:14,12:17,14:28,14:32,15:03,15:09,17:31,17:57,18:08,18:12
AA_E_TT_CL_DY_6M_50CM_05_0,IR,0:53,3:12,3:22,3:49,3:54,6:21,6:27,6:55,7:04,9:11,9:16,9:52,9:57,12:10,12:17,12:54,12:54,15:12,15:16,15:45,15:50,18:11,18:34,18:48,18:51
AA_E_TT_CL_DY_6M_50CM_05_0,RGB,0:53,3:12,3:22,3:49,3:54,6:21,6:27,6:55,7:04,9:11,9:16,9:52,9:57,12:10,12:17,12:54,12:54,15:12,15:16,15:45,15:50,18:11,18:34,18:48,18:51
AA_E_TT_CL_DY_6M_50CM_05_0,Depth,0:53,3:12,3:22,3:49,3:54,6:21,6:27,6:55,7:04,9:11,9:16,9:52,9:57,12:10,12:17,12:54,12:54,15:12,15:16,15:45,15:50,18:11,18:34,18:48,18:51
AA_E_TT_CL_DY_6M_50CM_05_0,Thermal,0:46,3:05,3:15,3:42,3:47,6:14,6:20,6:48,6:57,9:04,9:09,9:45,9:50,12:03,12:10,12:47,12:47,15:05,15:09,15:38,15:43,18:04,18:27,18:41,18:44
AA_E_TT_CL_DY_6M_50CM_05_0,Lidar,0:29,2:48,2:58,3:25,3:30,5:57,6:03,6:31,6:40,8:47,8:52,9:28,9:33,11:46,11:53,12:30,12:30,14:48,14:52,15:21,15:26,17:47,18:10,18:24,18:27
AA_E_TT_CL_DY_6M_50CM_07_0,IR,0:49,2:59,3:06,3:31,3:36,6:01,6:06,6:38,6:38,8:59,9:04,9:41,9:46,11:58,12:05,12:42,12:42,14:58,15:02,15:29,15:34,17:57,18:09,18:34,18:36
AA_E_TT_CL_DY_6M_50CM_07_0,RGB,0:49,2:59,3:06,3:31,3:36,6:01,6:06,6:38,6:38,8:59,9:04,9:41,9:46,11:58,12:05,12:42,12:42,14:58,15:02,15:29,15:34,17:57,18:09,18:34,18:36
AA_E_TT_CL_DY_6M_50CM_07_0,Depth,0:49,2:59,3:06,3:31,3:36,6:01,6:06,6:38,6:38,8:59,9:04,9:41,9:46,11:58,12:05,12:42,12:42,14:58,15:02,15:29,15:34,17:57,18:09,18:34,18:36
AA_E_TT_CL_DY_6M_50CM_07_0,Thermal,0:46,2:56,3:03,3:28,3:33,5:58,6:03,6:35,6:35,8:56,9:01,9:38,9:43,11:55,12:02,12:39,12:39,14:55,14:59,15:26,15:31,17:54,18:06,18:31,18:33
AA_E_TT_CL_DY_6M_50CM_07_0,Lidar,0:36,2:46,2:53,3:18,3:23,5:48,5:53,6:25,6:25,8:46,8:51,9:28,9:33,11:45,11:52,12:29,12:29,14:45,14:49,15:16,15:21,17:44,17:56,18:21,18:23
AA_E_TT_CL_DY_8M_1M_01_1,IR,0:48,3:00,3:07,3:28,3:33,5:57,6:12,6:32,6:42,8:57,9:02,9:36,9:41,11:57,12:04,12:40,12:43,14:57,15:08,15:34,15:39,17:56,18:07,18:17,18:20
AA_E_TT_CL_DY_8M_1M_01_1,RGB,0:48,3:00,3:07,3:28,3:33,5:57,6:12,6:32,6:42,8:57,9:02,9:36,9:41,11:57,12:04,12:40,12:43,14:57,15:08,15:34,15:39,17:56,18:07,18:17,18:20
AA_E_TT_CL_DY_8M_1M_01_1,Depth,0:48,3:00,3:07,3:28,3:33,5:57,6:12,6:32,6:42,8:57,9:02,9:36,9:41,11:57,12:04,12:40,12:43,14:57,15:08,15:34,15:39,17:56,18:07,18:17,18:20
AA_E_TT_CL_DY_8M_1M_01_1,Thermal,0:49,3:01,3:08,3:29,3:34,5:58,6:13,6:33,6:43,8:58,9:03,9:37,9:42,11:58,12:05,12:41,12:44,14:58,15:09,15:35,15:40,17:57,18:08,18:18,18:21
AA_E_TT_CL_DY_8M_1M_01_1,Lidar,0:31,2:43,2:50,3:11,3:16,5:40,5:55,6:15,6:25,8:40,8:45,9:19,9:24,11:40,11:47,12:23,12:26,14:40,14:51,15:17,15:22,17:39,17:50,18:00,18:03
AA_E_TT_CL_DY_8M_1M_03_0,IR,0:52,3:01,3:18,3:39,3:44,6:03,6:09,6:41,6:49,9:01,9:06,9:49,9:54,11:59,12:08,12:48,12:52,15:01,15:12,15:39,15:44,18:01,18:15,18:34,18:45
AA_E_TT_CL_DY_8M_1M_03_0,RGB,0:52,3:01,3:18,3:39,3:44,6:03,6:09,6:41,6:49,9:01,9:06,9:49,9:54,11:59,12:08,12:48,12:52,15:01,15:12,15:39,15:44,18:01,18:15,18:34,18:45
AA_E_TT_CL_DY_8M_1M_03_0,Depth,0:52,3:01,3:18,3:39,3:44,6:03,6:09,6:41,6:49,9:01,9:06,9:49,9:54,11:59,12:08,12:48,12:52,15:01,15:12,15:39,15:44,18:01,18:15,18:34,18:45
AA_E_TT_CL_DY_8M_1M_03_0,Thermal,0:50,2:59,3:16,3:37,3:42,6:01,6:07,6:39,6:47,8:59,9:04,9:47,9:52,11:57,12:06,12:46,12:50,14:59,15:10,15:37,15:42,17:59,18:13,18:32,18:43
AA_E_TT_CL_DY_8M_1M_03_0,Lidar,0:38,2:47,3:04,3:25,3:30,5:49,5:55,6:27,6:35,8:47,8:52,9:35,9:40,11:45,11:54,12:34,12:38,14:47,14:58,15:25,15:30,17:47,18:01,18:20,18:31
AA_E_TT_CL_DY_8M_1M_05_0,IR,0:38,2:46,3:01,3:23,3:28,5:46,5:53,6:26,6:26,8:44,8:49,9:27,9:32,11:44,11:55,12:21,12:26,14:43,14:52,15:22,15:30,17:46,17:56,18:09,18:19
AA_E_TT_CL_DY_8M_1M_05_0,RGB,0:38,2:46,3:01,3:23,3:28,5:46,5:53,6:26,6:26,8:44,8:49,9:27,9:32,11:44,11:55,12:21,12:26,14:43,14:52,15:22,15:30,17:46,17:56,18:09,18:19
AA_E_TT_CL_DY_8M_1M_05_0,Depth,0:38,2:46,3:01,3:23,3:28,5:46,5:53,6:26,6:26,8:44,8:49,9:27,9:32,11:44,11:55,12:21,12:26,14:43,14:52,15:22,15:30,17:46,17:56,18:09,18:19
AA_E_TT_CL_DY_8M_1M_05_0,Thermal,0:35,2:43,2:58,3:20,3:25,5:43,5:50,6:23,6:23,8:41,8:46,9:24,9:29,11:41,11:52,12:18,12:23,14:40,14:49,15:19,15:27,17:43,17:53,18:06,18:16
AA_E_TT_CL_DY_8M_1M_05_0,Lidar,0:21,2:29,2:44,3:06,3:11,5:29,5:36,6:09,6:09,8:27,8:32,9:10,9:15,11:27,11:38,12:04,12:09,14:26,14:35,15:05,15:13,17:29,17:39,17:52,18:02
AA_E_TT_CL_DY_8M_50CM_01_0,IR,0:43,2:55,3:02,3:23,3:28,5:52,6:07,6:27,6:37,8:52,8:57,9:31,9:36,11:52,11:59,12:35,12:38,14:52,15:03,15:29,15:34,17:51,18:02,18:12,18:15
AA_E_TT_CL_DY_8M_50CM_01_0,RGB,0:43,2:55,3:02,3:23,3:28,5:52,6:07,6:27,6:37,8:52,8:57,9:31,9:36,11:52,11:59,12:35,12:38,14:52,15:03,15:29,15:34,17:51,18:02,18:12,18:15
AA_E_TT_CL_DY_8M_50CM_01_0,Depth,0:43,2:55,3:02,3:23,3:28,5:52,6:07,6:27,6:37,8:52,8:57,9:31,9:36,11:52,11:59,12:35,12:38,14:52,15:03,15:29,15:34,17:51,18:02,18:12,18:15
AA_E_TT_CL_DY_8M_50CM_01_0,Thermal,0:38,2:50,2:57,3:18,3:23,5:47,6:02,6:22,6:32,8:47,8:52,9:26,9:31,11:47,11:54,12:30,12:33,14:47,14:58,15:24,15:29,17:46,17:57,18:07,18:10
AA_E_TT_CL_DY_8M_50CM_01_0,Lidar,0:19,2:31,2:38,2:59,3:04,5:28,5:43,6:03,6:13,8:28,8:33,9:07,9:12,11:28,11:35,12:11,12:14,14:28,14:39,15:05,15:10,17:27,17:38,17:48,17:51
AA_E_TT_CL_DY_8M_50CM_03_0,IR,0:46,2:55,3:12,3:33,3:38,5:57,6:03,6:35,6:43,8:55,9:00,9:43,9:48,11:53,12:02,12:42,12:46,14:55,15:06,15:33,15:38,17:55,18:09,18:28,18:39
AA_E_TT_CL_DY_8M_50CM_03_0,RGB,0:46,2:55,3:12,3:33,3:38,5:57,6:03,6:35,6:43,8:55,9:00,9:43,9:48,11:53,12:02,12:42,12:46,14:55,15:06,15:33,15:38,17:55,18:09,18:28,18:39
AA_E_TT_CL_DY_8M_50CM_03_0,Depth,0:46,2:55,3:12,3:33,3:38,5:57,6:03,6:35,6:43,8:55,9:00,9:43,9:48,11:53,12:02,12:42,12:46,14:55,15:06,15:33,15:38,17:55,18:09,18:28,18:39
AA_E_TT_CL_DY_8M_50CM_03_0,Thermal,0:43,2:52,3:09,3:30,3:35,5:54,6:00,6:32,6:40,8:52,8:57,9:40,9:45,11:50,11:59,12:39,12:43,14:52,15:03,15:30,15:35,17:52,18:06,18:25,18:36
AA_E_TT_CL_DY_8M_50CM_03_0,Lidar,0:32,2:41,2:58,3:19,3:24,5:43,5:49,6:21,6:29,8:41,8:46,9:29,9:34,11:39,11:48,12:28,12:32,14:41,14:52,15:19,15:24,17:41,17:55,18:14,18:25
AA_E_TT_CL_DY_8M_50CM_05_0,IR,0:34,2:42,2:57,3:19,3:24,5:42,5:49,6:22,6:22,8:40,8:45,9:23,9:28,11:40,11:51,12:17,12:22,14:39,14:48,15:18,15:26,17:42,17:52,18:05,18:15
AA_E_TT_CL_DY_8M_50CM_05_0,RGB,0:34,2:42,2:57,3:19,3:24,5:42,5:49,6:22,6:22,8:40,8:45,9:23,9:28,11:40,11:51,12:17,12:22,14:39,14:48,15:18,15:26,17:42,17:52,18:05,18:15
AA_E_TT_CL_DY_8M_50CM_05_0,Depth,0:34,2:42,2:57,3:19,3:24,5:42,5:49,6:22,6:22,8:40,8:45,9:23,9:28,11:40,11:51,12:17,12:22,14:39,14:48,15:18,15:26,17:42,17:52,18:05,18:15
AA_E_TT_CL_DY_8M_50CM_05_0,Thermal,0:31,2:39,2:54,3:16,3:21,5:39,5:46,6:19,6:19,8:37,8:42,9:20,9:25,11:37,11:48,12:14,12:19,14:36,14:45,15:15,15:23,17:39,17:49,18:02,18:12
AA_E_TT_CL_DY_8M_50CM_05_0,Lidar,0:23,2:31,2:46,3:08,3:13,5:31,5:38,6:11,6:11,8:29,8:34,9:12,9:17,11:29,11:40,12:06,12:11,14:28,14:37,15:07,15:15,17:31,17:41,17:54,18:04
AA_E_TT_CL_DY_S_1M_01_1,IR,0:52,2:56,3:08,3:29,3:31,5:59,6:10,6:43,6:46,10:40,10:45,11:03,11:08,13:57,14:07,14:26,14:26,16:58,17:05,17:22,17:27,19:56,20:04,20:14,20:18
AA_E_TT_CL_DY_S_1M_01_1,RGB,0:52,2:56,3:08,3:29,3:31,5:59,6:10,6:43,6:46,10:40,10:45,11:03,11:08,13:57,14:07,14:26,14:26,16:58,17:05,17:22,17:27,19:56,20:04,20:14,20:18
AA_E_TT_CL_DY_S_1M_01_1,Depth,0:52,2:56,3:08,3:29,3:31,5:59,6:10,6:43,6:46,10:40,10:45,11:03,11:08,13:57,14:07,14:26,14:26,16:58,17:05,17:22,17:27,19:56,20:04,20:14,20:18
AA_E_TT_CL_DY_S_1M_01_1,Thermal,0:50,2:54,3:06,3:27,3:29,5:57,6:08,6:41,6:44,10:38,10:43,11:01,11:06,13:55,14:05,14:24,14:24,16:56,17:03,17:20,17:25,19:54,20:02,20:12,20:16
AA_E_TT_CL_DY_S_1M_01_1,Lidar,0:36,2:40,2:52,3:13,3:15,5:43,5:54,6:27,6:30,10:24,10:29,10:47,10:52,13:41,13:51,14:10,14:10,16:42,16:49,17:06,17:11,19:40,19:48,19:58,20:02
AA_E_TT_CL_DY_S_1M_03_0,IR,1:22,3:33,3:47,4:08,4:15,6:33,6:45,7:14,7:20,9:33,9:38,10:16,10:21,12:32,12:41,13:04,13:04,15:32,15:44,16:11,16:16,18:33,18:46,19:10,19:17
AA_E_TT_CL_DY_S_1M_03_0,RGB,1:22,3:33,3:47,4:08,4:15,6:33,6:45,7:14,7:20,9:33,9:38,10:16,10:21,12:32,12:41,13:04,13:04,15:32,15:44,16:11,16:16,18:33,18:46,19:10,19:17
AA_E_TT_CL_DY_S_1M_03_0,Depth,1:22,3:33,3:47,4:08,4:15,6:33,6:45,7:14,7:20,9:33,9:38,10:16,10:21,12:32,12:41,13:04,13:04,15:32,15:44,16:11,16:16,18:33,18:46,19:10,19:17
AA_E_TT_CL_DY_S_1M_03_0,Thermal,1:18,3:29,3:43,4:04,4:11,6:29,6:41,7:10,7:16,9:29,9:34,10:12,10:17,12:28,12:37,13:00,13:00,15:28,15:40,16:07,16:12,18:29,18:42,19:06,19:13
AA_E_TT_CL_DY_S_1M_03_0,Lidar,1:07,3:18,3:32,3:53,4:00,6:18,6:30,6:59,7:05,9:18,9:23,10:01,10:06,12:17,12:26,12:49,12:49,15:17,15:29,15:56,16:01,18:18,18:31,18:55,19:02
AA_E_TT_CL_DY_S_1M_05_0,IR,2:06,4:32,4:38,5:04,5:09,7:31,7:38,8:12,8:20,10:30,10:35,11:11,11:16,13:30,13:43,14:06,14:11,16:30,16:44,17:12,17:17,19:29,19:55,20:06,20:12
AA_E_TT_CL_DY_S_1M_05_0,RGB,2:06,4:32,4:38,5:04,5:09,7:31,7:38,8:12,8:20,10:30,10:35,11:11,11:16,13:30,13:43,14:06,14:11,16:30,16:44,17:12,17:17,19:29,19:55,20:06,20:12
AA_E_TT_CL_DY_S_1M_05_0,Depth,2:06,4:32,4:38,5:04,5:09,7:31,7:38,8:12,8:20,10:30,10:35,11:11,11:16,13:30,13:43,14:06,14:11,16:30,16:44,17:12,17:17,19:29,19:55,20:06,20:12
AA_E_TT_CL_DY_S_1M_05_0,Thermal,2:06,4:32,4:38,5:04,5:09,7:31,7:38,8:12,8:20,10:30,10:35,11:11,11:16,13:30,13:43,14:06,14:11,16:30,16:44,17:12,17:17,19:29,19:55,20:06,20:12
AA_E_TT_CL_DY_S_1M_05_0,Lidar,1:54,4:20,4:26,4:52,4:57,7:19,7:26,8:00,8:08,10:18,10:23,10:59,11:04,13:18,13:31,13:54,13:59,16:18,16:32,17:00,17:05,19:17,19:43,19:54,20:00
AA_E_TT_CL_DY_S_50CM_01_0,IR,0:50,2:54,3:06,3:27,3:29,5:57,6:08,6:41,6:44,10:38,10:43,11:01,11:06,13:55,14:05,14:24,14:24,16:56,17:03,17:20,17:25,19:54,20:02,20:12,20:16
AA_E_TT_CL_DY_S_50CM_01_0,RGB,0:50,2:54,3:06,3:27,3:29,5:57,6:08,6:41,6:44,10:38,10:43,11:01,11:06,13:55,14:05,14:24,14:24,16:56,17:03,17:20,17:25,19:54,20:02,20:12,20:16
AA_E_TT_CL_DY_S_50CM_01_0,Depth,0:50,2:54,3:06,3:27,3:29,5:57,6:08,6:41,6:44,10:38,10:43,11:01,11:06,13:55,14:05,14:24,14:24,16:56,17:03,17:20,17:25,19:54,20:02,20:12,20:16
AA_E_TT_CL_DY_S_50CM_01_0,Thermal,0:45,2:49,3:01,3:22,3:24,5:52,6:03,6:36,6:39,10:33,10:38,10:56,11:01,13:50,14:00,14:19,14:19,16:51,16:58,17:15,17:20,19:49,19:57,20:07,20:11
AA_E_TT_CL_DY_S_50CM_01_0,Lidar,0:30,2:34,2:46,3:07,3:09,5:37,5:48,6:21,6:24,10:18,10:23,10:41,10:46,13:35,13:45,14:04,14:04,16:36,16:43,17:00,17:05,19:34,19:42,19:52,19:56
AA_E_TT_CL_DY_S_50CM_03_0,IR,1:15,3:29,3:42,4:06,4:13,6:28,6:35,7:09,7:16,9:28,9:33,10:10,10:15,12:28,12:44,13:06,13:06,15:29,15:35,16:06,16:10,18:30,18:49,19:04,19:09
AA_E_TT_CL_DY_S_50CM_03_0,RGB,1:15,3:29,3:42,4:06,4:13,6:28,6:35,7:09,7:16,9:28,9:33,10:10,10:15,12:28,12:44,13:06,13:06,15:29,15:35,16:06,16:10,18:30,18:49,19:04,19:09
AA_E_TT_CL_DY_S_50CM_03_0,Depth,1:15,3:29,3:42,4:06,4:13,6:28,6:35,7:09,7:16,9:28,9:33,10:10,10:15,12:28,12:44,13:06,13:06,15:29,15:35,16:06,16:10,18:30,18:49,19:04,19:09
AA_E_TT_CL_DY_S_50CM_03_0,Thermal,1:13,3:27,3:40,4:04,4:11,6:26,6:33,7:07,7:14,9:26,9:31,10:08,10:13,12:26,12:42,13:04,13:04,15:27,15:33,16:04,16:08,18:28,18:47,19:02,19:07
AA_E_TT_CL_DY_S_50CM_03_0,Lidar,1:03,3:17,3:30,3:54,4:01,6:16,6:23,6:57,7:04,9:16,9:21,9:58,10:03,12:16,12:32,12:54,12:54,15:17,15:23,15:54,15:58,18:18,18:37,18:52,18:57
AA_E_TT_CL_DY_S_50CM_05_0,IR,2:03,4:29,4:35,5:01,5:06,7:28,7:35,8:09,8:17,10:27,10:32,11:08,11:13,13:27,13:40,14:03,14:08,16:27,16:41,17:09,17:14,19:26,19:52,20:03,20:09
AA_E_TT_CL_DY_S_50CM_05_0,RGB,2:03,4:29,4:35,5:01,5:06,7:28,7:35,8:09,8:17,10:27,10:32,11:08,11:13,13:27,13:40,14:03,14:08,16:27,16:41,17:09,17:14,19:26,19:52,20:03,20:09
AA_E_TT_CL_DY_S_50CM_05_0,Depth,2:03,4:29,4:35,5:01,5:06,7:28,7:35,8:09,8:17,10:27,10:32,11:08,11:13,13:27,13:40,14:03,14:08,16:27,16:41,17:09,17:14,19:26,19:52,20:03,20:09
AA_E_TT_CL_DY_S_50CM_05_0,Thermal,1:58,4:24,4:30,4:56,5:01,7:23,7:30,8:04,8:12,10:22,10:27,11:03,11:08,13:22,13:35,13:58,14:03,16:22,16:36,17:04,17:09,19:21,19:47,19:58,20:04
AA_E_TT_CL_DY_S_50CM_05_0,Lidar,1:47,4:13,4:19,4:45,4:50,7:12,7:19,7:53,8:01,10:11,10:16,10:52,10:57,13:11,13:24,13:47,13:52,16:11,16:25,16:53,16:58,19:10,19:36,19:47,19:53
AA_E_TT_CL_NT_6M_1M_01_5,IR,1:10,3:21,3:27,3:52,3:54,6:22,6:27,6:58,7:04,9:20,9:25,9:48,9:53,12:19,12:25,12:51,12:51,15:19,15:37,15:53,15:58,18:20,18:30,18:46,18:48
AA_E_TT_CL_NT_6M_1M_01_5,RGB,1:10,3:21,3:27,3:52,3:54,6:22,6:27,6:58,7:04,9:20,9:25,9:48,9:53,12:19,12:25,12:51,12:51,15:19,15:37,15:53,15:58,18:20,18:30,18:46,18:48
AA_E_TT_CL_NT_6M_1M_01_5,Depth,1:10,3:21,3:27,3:52,3:54,6:22,6:27,6:58,7:04,9:20,9:25,9:48,9:53,12:19,12:25,12:51,12:51,15:19,15:37,15:53,15:58,18:20,18:30,18:46,18:48
AA_E_TT_CL_NT_6M_1M_01_5,Thermal,1:07,3:18,3:24,3:49,3:51,6:19,6:24,6:55,7:01,9:17,9:22,9:45,9:50,12:16,12:22,12:48,12:48,15:16,15:34,15:50,15:55,18:17,18:27,18:43,18:45
AA_E_TT_CL_NT_6M_1M_01_5,Lidar,-,-,-,-,-,-,-,-,-,-,-,-,-,-,-,-,-,-,-,-,-,-,-,-,-
AA_E_TT_CL_NT_6M_1M_03_0_쓰러짐유기2개,IR,0:37,0:00,0:00,0:00,0:00,0:00,0:00,0:00,0:00,0:00,0:00,0:00,0:00,0:00,0:00,0:00,0:00,5:43,5:48,6:25,6:31,8:47,9:11,9:23,9:27
AA_E_TT_CL_NT_6M_1M_03_0_쓰러짐유기2개,RGB,0:37,0:00,0:00,0:00,0:00,0:00,0:00,0:00,0:00,0:00,0:00,0:00,0:00,0:00,0:00,0:00,0:00,5:43,5:48,6:25,6:31,8:47,9:11,9:23,9:27
AA_E_TT_CL_NT_6M_1M_03_0_쓰러짐유기2개,Depth,0:37,0:00,0:00,0:00,0:00,0:00,0:00,0:00,0:00,0:00,0:00,0:00,0:00,0:00,0:00,0:00,0:00,5:43,5:48,6:25,6:31,8:47,9:11,9:23,9:27
AA_E_TT_CL_NT_6M_1M_03_0_쓰러짐유기2개,Thermal,0:34,0:00,0:00,0:00,0:00,0:00,0:00,0:00,0:00,0:00,0:00,0:00,0:00,0:00,0:00,0:00,0:00,5:40,5:45,6:22,6:28,8:44,9:08,9:20,9:24
AA_E_TT_CL_NT_6M_1M_03_0_쓰러짐유기2개,Lidar,0:22,0:00,0:00,0:00,0:00,0:00,0:00,0:00,0:00,0:00,0:00,0:00,0:00,0:00,0:00,0:00,0:00,5:28,5:33,6:10,6:16,8:32,8:56,9:08,9:12
AA_E_TT_CL_NT_6M_1M_03_0_침입까지만,IR,0:37,2:43,2:53,3:19,3:27,5:44,5:52,6:28,6:32,8:43,8:48,9:27,9:32,11:43,11:53,12:21,12:21,0:00,0:00,0:00,0:00,0:00,0:00,0:00,0:00
AA_E_TT_CL_NT_6M_1M_03_0_침입까지만,RGB,0:37,2:43,2:53,3:19,3:27,5:44,5:52,6:28,6:32,8:43,8:48,9:27,9:32,11:43,11:53,12:21,12:21,0:00,0:00,0:00,0:00,0:00,0:00,0:00,0:00
AA_E_TT_CL_NT_6M_1M_03_0_침입까지만,Depth,0:37,2:43,2:53,3:19,3:27,5:44,5:52,6:28,6:32,8:43,8:48,9:27,9:32,11:43,11:53,12:21,12:21,0:00,0:00,0:00,0:00,0:00,0:00,0:00,0:00
AA_E_TT_CL_NT_6M_1M_03_0_침입까지만,Thermal,0:36,2:42,2:52,3:18,3:26,5:43,5:51,6:27,6:31,8:42,8:47,9:26,9:31,11:42,11:52,12:20,12:20,0:00,0:00,0:00,0:00,0:00,0:00,0:00,0:00
AA_E_TT_CL_NT_6M_1M_03_0_침입까지만,Lidar,0:25,2:31,2:41,3:07,3:15,5:32,5:40,6:16,6:20,8:31,8:36,9:15,9:20,11:31,11:41,12:09,12:09,0:00,0:00,0:00,0:00,0:00,0:00,0:00,0:00
AA_E_TT_CL_NT_6M_1M_05_0,IR,0:37,2:47,2:54,3:20,3:24,5:47,5:52,6:29,6:34,8:46,8:51,9:30,9:35,11:47,11:51,12:26,12:30,14:47,14:55,15:23,15:26,17:44,18:02,18:14,18:19
AA_E_TT_CL_NT_6M_1M_05_0,RGB,0:37,2:47,2:54,3:20,3:24,5:47,5:52,6:29,6:34,8:46,8:51,9:30,9:35,11:47,11:51,12:26,12:30,14:47,14:55,15:23,15:26,17:44,18:02,18:14,18:19
AA_E_TT_CL_NT_6M_1M_05_0,Depth,0:37,2:47,2:54,3:20,3:24,5:47,5:52,6:29,6:34,8:46,8:51,9:30,9:35,11:47,11:51,12:26,12:30,14:47,14:55,15:23,15:26,17:44,18:02,18:14,18:19
AA_E_TT_CL_NT_6M_1M_05_0,Thermal,0:36,2:46,2:53,3:19,3:23,5:46,5:51,6:28,6:33,8:45,8:50,9:29,9:34,11:46,11:50,12:25,12:29,14:46,14:54,15:22,15:25,17:43,18:01,18:13,18:18
AA_E_TT_CL_NT_6M_1M_05_0,Lidar,0:19,2:29,2:36,3:02,3:06,5:29,5:34,6:11,6:16,8:28,8:33,9:12,9:17,11:29,11:33,12:08,12:12,14:29,14:37,15:05,15:08,17:26,17:44,17:56,18:01
AA_E_TT_CL_NT_6M_50CM_01_0,IR,1:12,3:23,3:29,3:54,3:56,6:24,6:29,7:00,7:06,9:22,9:27,9:50,9:55,12:21,12:27,12:53,12:53,15:21,15:39,15:55,16:00,18:22,18:32,18:48,18:50
AA_E_TT_CL_NT_6M_50CM_01_0,RGB,1:12,3:23,3:29,3:54,3:56,6:24,6:29,7:00,7:06,9:22,9:27,9:50,9:55,12:21,12:27,12:53,12:53,15:21,15:39,15:55,16:00,18:22,18:32,18:48,18:50
AA_E_TT_CL_NT_6M_50CM_01_0,Depth,1:12,3:23,3:29,3:54,3:56,6:24,6:29,7:00,7:06,9:22,9:27,9:50,9:55,12:21,12:27,12:53,12:53,15:21,15:39,15:55,16:00,18:22,18:32,18:48,18:50
AA_E_TT_CL_NT_6M_50CM_01_0,Thermal,1:07,3:18,3:24,3:49,3:51,6:19,6:24,6:55,7:01,9:17,9:22,9:45,9:50,12:16,12:22,12:48,12:48,15:16,15:34,15:50,15:55,18:17,18:27,18:43,18:45
AA_E_TT_CL_NT_6M_50CM_01_0,Lidar,0:47,2:58,3:04,3:29,3:31,5:59,6:04,6:35,6:41,8:57,9:02,9:25,9:30,11:56,12:02,12:28,12:28,14:56,15:14,15:30,15:35,17:57,18:07,18:23,18:25
AA_E_TT_CL_NT_6M_50CM_03_0_쓰러짐유기2개,IR,0:31,0:00,0:00,0:00,0:00,0:00,0:00,0:00,0:00,0:00,0:00,0:00,0:00,0:00,0:00,0:00,0:00,5:37,5:42,6:19,6:25,8:41,9:05,9:17,9:21
AA_E_TT_CL_NT_6M_50CM_03_0_쓰러짐유기2개,RGB,0:31,0:00,0:00,0:00,0:00,0:00,0:00,0:00,0:00,0:00,0:00,0:00,0:00,0:00,0:00,0:00,0:00,5:37,5:42,6:19,6:25,8:41,9:05,9:17,9:21
AA_E_TT_CL_NT_6M_50CM_03_0_쓰러짐유기2개,Depth,0:31,0:00,0:00,0:00,0:00,0:00,0:00,0:00,0:00,0:00,0:00,0:00,0:00,0:00,0:00,0:00,0:00,5:37,5:42,6:19,6:25,8:41,9:05,9:17,9:21
AA_E_TT_CL_NT_6M_50CM_03_0_쓰러짐유기2개,Thermal,0:28,0:00,0:00,0:00,0:00,0:00,0:00,0:00,0:00,0:00,0:00,0:00,0:00,0:00,0:00,0:00,0:00,5:34,5:39,6:16,6:22,8:38,9:02,9:14,9:18
AA_E_TT_CL_NT_6M_50CM_03_0_쓰러짐유기2개,Lidar,0:19,0:00,0:00,0:00,0:00,0:00,0:00,0:00,0:00,0:00,0:00,0:00,0:00,0:00,0:00,0:00,0:00,5:25,5:30,6:07,6:13,8:29,8:53,9:05,9:09
AA_E_TT_CL_NT_6M_50CM_03_0_침입까지만,IR,0:32,2:38,2:48,3:14,3:22,5:39,5:47,6:23,6:27,8:38,8:43,9:22,9:27,11:38,11:48,12:16,12:16,0:00,0:00,0:00,0:00,0:00,0:00,0:00,0:00
AA_E_TT_CL_NT_6M_50CM_03_0_침입까지만,RGB,0:32,2:38,2:48,3:14,3:22,5:39,5:47,6:23,6:27,8:38,8:43,9:22,9:27,11:38,11:48,12:16,12:16,0:00,0:00,0:00,0:00,0:00,0:00,0:00,0:00
AA_E_TT_CL_NT_6M_50CM_03_0_침입까지만,Depth,0:32,2:38,2:48,3:14,3:22,5:39,5:47,6:23,6:27,8:38,8:43,9:22,9:27,11:38,11:48,12:16,12:16,0:00,0:00,0:00,0:00,0:00,0:00,0:00,0:00
AA_E_TT_CL_NT_6M_50CM_03_0_침입까지만,Thermal,0:29,2:35,2:45,3:11,3:19,5:36,5:44,6:20,6:24,8:35,8:40,9:19,9:24,11:35,11:45,12:13,12:13,0:00,0:00,0:00,0:00,0:00,0:00,0:00,0:00
AA_E_TT_CL_NT_6M_50CM_03_0_침입까지만,Lidar,0:22,2:28,2:38,3:04,3:12,5:29,5:37,6:13,6:17,8:28,8:33,9:12,9:17,11:28,11:38,12:06,12:06,0:00,0:00,0:00,0:00,0:00,0:00,0:00,0:00
AA_E_TT_CL_NT_6M_50CM_05_0,IR,0:37,2:47,2:54,3:20,3:24,5:47,5:52,6:29,6:34,8:46,8:51,9:30,9:35,11:47,11:51,12:26,12:30,14:47,14:55,15:23,15:26,17:44,18:02,18:14,18:19
AA_E_TT_CL_NT_6M_50CM_05_0,RGB,0:37,2:47,2:54,3:20,3:24,5:47,5:52,6:29,6:34,8:46,8:51,9:30,9:35,11:47,11:51,12:26,12:30,14:47,14:55,15:23,15:26,17:44,18:02,18:14,18:19
AA_E_TT_CL_NT_6M_50CM_05_0,Depth,0:37,2:47,2:54,3:20,3:24,5:47,5:52,6:29,6:34,8:46,8:51,9:30,9:35,11:47,11:51,12:26,12:30,14:47,14:55,15:23,15:26,17:44,18:02,18:14,18:19
AA_E_TT_CL_NT_6M_50CM_05_0,Thermal,0:34,2:44,2:51,3:17,3:21,5:44,5:49,6:26,6:31,8:43,8:48,9:27,9:32,11:44,11:48,12:23,12:27,14:44,14:52,15:20,15:23,17:41,17:59,18:11,18:16
AA_E_TT_CL_NT_6M_50CM_05_0,Lidar,0:20,2:30,2:37,3:03,3:07,5:30,5:35,6:12,6:17,8:29,8:34,9:13,9:18,11:30,11:34,12:09,12:13,14:30,14:38,15:06,15:09,17:27,17:45,17:57,18:02
AA_E_TT_CL_NT_8M_1M_01_1,IR,1:20,3:37,3:46,4:06,4:11,6:38,6:49,7:18,7:26,9:37,9:42,10:08,10:13,12:36,12:49,13:12,13:12,15:37,15:49,16:14,16:20,18:37,18:44,19:04,19:08
AA_E_TT_CL_NT_8M_1M_01_1,RGB,1:20,3:37,3:46,4:06,4:11,6:38,6:49,7:18,7:26,9:37,9:42,10:08,10:13,12:36,12:49,13:12,13:12,15:37,15:49,16:14,16:20,18:37,18:44,19:04,19:08
AA_E_TT_CL_NT_8M_1M_01_1,Depth,1:20,3:37,3:46,4:06,4:11,6:38,6:49,7:18,7:26,9:37,9:42,10:08,10:13,12:36,12:49,13:12,13:12,15:37,15:49,16:14,16:20,18:37,18:44,19:04,19:08
AA_E_TT_CL_NT_8M_1M_01_1,Thermal,1:17,3:34,3:43,4:03,4:08,6:35,6:46,7:15,7:23,9:34,9:39,10:05,10:10,12:33,12:46,13:09,13:09,15:34,15:46,16:11,16:17,18:34,18:41,19:01,19:05
AA_E_TT_CL_NT_8M_1M_01_1,Lidar,1:04,3:21,3:30,3:50,3:55,6:22,6:33,7:02,7:10,9:21,9:26,9:52,9:57,12:20,12:33,12:56,12:56,15:21,15:33,15:58,16:04,18:21,18:28,18:48,18:52
AA_E_TT_CL_NT_8M_1M_03_0,IR,0:49,2:59,3:09,3:29,3:40,6:04,6:12,6:49,6:56,9:07,9:12,9:49,9:54,12:09,12:20,12:42,12:42,15:08,15:15,15:45,15:51,18:06,18:27,18:40,18:47
AA_E_TT_CL_NT_8M_1M_03_0,RGB,0:49,2:59,3:09,3:29,3:40,6:04,6:12,6:49,6:56,9:07,9:12,9:49,9:54,12:09,12:20,12:42,12:42,15:08,15:15,15:45,15:51,18:06,18:27,18:40,18:47
AA_E_TT_CL_NT_8M_1M_03_0,Depth,0:49,2:59,3:09,3:29,3:40,6:04,6:12,6:49,6:56,9:07,9:12,9:49,9:54,12:09,12:20,12:42,12:42,15:08,15:15,15:45,15:51,18:06,18:27,18:40,18:47
AA_E_TT_CL_NT_8M_1M_03_0,Thermal,0:48,2:58,3:08,3:28,3:39,6:03,6:11,6:48,6:55,9:06,9:11,9:48,9:53,12:08,12:19,12:41,12:41,15:07,15:14,15:44,15:50,18:05,18:26,18:39,18:46
AA_E_TT_CL_NT_8M_1M_03_0,Lidar,0:33,2:43,2:53,3:13,3:24,5:48,5:56,6:33,6:40,8:51,8:56,9:33,9:38,11:53,12:04,12:26,12:26,14:52,14:59,15:29,15:35,17:50,18:11,18:24,18:31
AA_E_TT_CL_NT_8M_1M_05_0,IR,0:46,2:56,3:09,3:31,3:38,6:58,7:07,7:38,7:45,9:56,10:01,10:36,10:41,12:56,13:07,13:34,13:37,15:57,16:06,16:30,16:37,18:58,19:08,19:32,19:38
AA_E_TT_CL_NT_8M_1M_05_0,RGB,0:46,2:56,3:09,3:31,3:38,6:58,7:07,7:38,7:45,9:56,10:01,10:36,10:41,12:56,13:07,13:34,13:37,15:57,16:06,16:30,16:37,18:58,19:08,19:32,19:38
AA_E_TT_CL_NT_8M_1M_05_0,Depth,0:46,2:56,3:09,3:31,3:38,6:58,7:07,7:38,7:45,9:56,10:01,10:36,10:41,12:56,13:07,13:34,13:37,15:57,16:06,16:30,16:37,18:58,19:08,19:32,19:38
AA_E_TT_CL_NT_8M_1M_05_0,Thermal,0:45,2:55,3:08,3:30,3:37,6:57,7:06,7:37,7:44,9:55,10:00,10:35,10:40,12:55,13:06,13:33,13:36,15:56,16:05,16:29,16:36,18:57,19:07,19:31,19:37
AA_E_TT_CL_NT_8M_1M_05_0,Lidar,0:34,2:44,2:57,3:19,3:26,6:46,6:55,7:26,7:33,9:44,9:49,10:24,10:29,12:44,12:55,13:22,13:25,15:45,15:54,16:18,16:25,18:46,18:56,19:20,19:26
AA_E_TT_CL_NT_8M_50CM_01_0,IR,1:14,3:31,3:40,4:00,4:05,6:32,6:43,7:12,7:20,9:31,9:36,10:02,10:07,12:30,12:43,13:06,13:06,15:31,15:43,16:08,16:14,18:31,18:38,18:58,19:02
AA_E_TT_CL_NT_8M_50CM_01_0,RGB,1:14,3:31,3:40,4:00,4:05,6:32,6:43,7:12,7:20,9:31,9:36,10:02,10:07,12:30,12:43,13:06,13:06,15:31,15:43,16:08,16:14,18:31,18:38,18:58,19:02
AA_E_TT_CL_NT_8M_50CM_01_0,Depth,1:14,3:31,3:40,4:00,4:05,6:32,6:43,7:12,7:20,9:31,9:36,10:02,10:07,12:30,12:43,13:06,13:06,15:31,15:43,16:08,16:14,18:31,18:38,18:58,19:02
AA_E_TT_CL_NT_8M_50CM_01_0,Thermal,1:09,3:26,3:35,3:55,4:00,6:27,6:38,7:07,7:15,9:26,9:31,9:57,10:02,12:25,12:38,13:01,13:01,15:26,15:38,16:03,16:09,18:26,18:33,18:53,18:57
AA_E_TT_CL_NT_8M_50CM_01_0,Lidar,0:19,2:36,2:45,3:05,3:10,5:37,5:48,6:17,6:25,8:36,8:41,9:07,9:12,11:35,11:48,12:11,12:11,14:36,14:48,15:13,15:19,17:36,17:43,18:03,18:07
AA_E_TT_CL_NT_8M_50CM_03_0,IR,0:45,2:55,3:05,3:25,3:36,6:00,6:08,6:45,6:52,9:03,9:08,9:45,9:50,12:05,12:16,12:38,12:38,15:04,15:11,15:41,15:47,18:02,18:23,18:36,18:43
AA_E_TT_CL_NT_8M_50CM_03_0,RGB,0:45,2:55,3:05,3:25,3:36,6:00,6:08,6:45,6:52,9:03,9:08,9:45,9:50,12:05,12:16,12:38,12:38,15:04,15:11,15:41,15:47,18:02,18:23,18:36,18:43
AA_E_TT_CL_NT_8M_50CM_03_0,Depth,0:45,2:55,3:05,3:25,3:36,6:00,6:08,6:45,6:52,9:03,9:08,9:45,9:50,12:05,12:16,12:38,12:38,15:04,15:11,15:41,15:47,18:02,18:23,18:36,18:43
AA_E_TT_CL_NT_8M_50CM_03_0,Thermal,0:42,2:52,3:02,3:22,3:33,5:57,6:05,6:42,6:49,9:00,9:05,9:42,9:47,12:02,12:13,12:35,12:35,15:01,15:08,15:38,15:44,17:59,18:20,18:33,18:40
AA_E_TT_CL_NT_8M_50CM_03_0,Lidar,0:28,2:38,2:48,3:08,3:19,5:43,5:51,6:28,6:35,8:46,8:51,9:28,9:33,11:48,11:59,12:21,12:21,14:47,14:54,15:24,15:30,17:45,18:06,18:19,18:26
AA_E_TT_CL_NT_8M_50CM_05_0,IR,0:42,2:52,3:05,3:27,3:34,6:54,7:03,7:34,7:41,9:52,9:57,10:32,10:37,12:52,13:03,13:30,13:33,15:53,16:02,16:26,16:33,18:54,19:04,19:28,19:34
AA_E_TT_CL_NT_8M_50CM_05_0,RGB,0:42,2:52,3:05,3:27,3:34,6:54,7:03,7:34,7:41,9:52,9:57,10:32,10:37,12:52,13:03,13:30,13:33,15:53,16:02,16:26,16:33,18:54,19:04,19:28,19:34
AA_E_TT_CL_NT_8M_50CM_05_0,Depth,0:42,2:52,3:05,3:27,3:34,6:54,7:03,7:34,7:41,9:52,9:57,10:32,10:37,12:52,13:03,13:30,13:33,15:53,16:02,16:26,16:33,18:54,19:04,19:28,19:34
AA_E_TT_CL_NT_8M_50CM_05_0,Thermal,0:39,2:49,3:02,3:24,3:31,6:51,7:00,7:31,7:38,9:49,9:54,10:29,10:34,12:49,13:00,13:27,13:30,15:50,15:59,16:23,16:30,18:51,19:01,19:25,19:31
AA_E_TT_CL_NT_8M_50CM_05_0,Lidar,0:29,2:39,2:52,3:14,3:21,6:41,6:50,7:21,7:28,9:39,9:44,10:19,10:24,12:39,12:50,13:17,13:20,15:40,15:49,16:13,16:20,18:41,18:51,19:15,19:21
AA_E_TT_CL_NT_S_1M_01_1,IR,1:01,3:12,3:17,3:43,3:47,6:08,6:17,6:39,6:41,9:10,9:15,9:47,9:52,12:07,12:13,12:32,12:32,15:11,15:26,15:41,15:47,18:07,18:18,18:33,18:37
AA_E_TT_CL_NT_S_1M_01_1,RGB,1:01,3:12,3:17,3:43,3:47,6:08,6:17,6:39,6:41,9:10,9:15,9:47,9:52,12:07,12:13,12:32,12:32,15:11,15:26,15:41,15:47,18:07,18:18,18:33,18:37
AA_E_TT_CL_NT_S_1M_01_1,Depth,1:01,3:12,3:17,3:43,3:47,6:08,6:17,6:39,6:41,9:10,9:15,9:47,9:52,12:07,12:13,12:32,12:32,15:11,15:26,15:41,15:47,18:07,18:18,18:33,18:37
AA_E_TT_CL_NT_S_1M_01_1,Thermal,0:58,3:09,3:14,3:40,3:44,6:05,6:14,6:36,6:38,9:07,9:12,9:44,9:49,12:04,12:10,12:29,12:29,15:08,15:23,15:38,15:44,18:04,18:15,18:30,18:34
AA_E_TT_CL_NT_S_1M_01_1,Lidar,0:45,2:56,3:01,3:27,3:31,5:52,6:01,6:23,6:25,8:54,8:59,9:31,9:36,11:51,11:57,12:16,12:16,14:55,15:10,15:25,15:31,17:51,18:02,18:17,18:21
AA_E_TT_CL_NT_S_1M_03_0,IR,1:00,3:34,3:45,4:03,4:09,6:33,6:40,7:06,7:13,9:33,9:38,10:11,10:16,12:31,12:38,13:06,13:06,15:32,15:40,16:12,16:17,18:33,18:51,19:09,19:13
AA_E_TT_CL_NT_S_1M_03_0,RGB,1:00,3:34,3:45,4:03,4:09,6:33,6:40,7:06,7:13,9:33,9:38,10:11,10:16,12:31,12:38,13:06,13:06,15:32,15:40,16:12,16:17,18:33,18:51,19:09,19:13
AA_E_TT_CL_NT_S_1M_03_0,Depth,1:00,3:34,3:45,4:03,4:09,6:33,6:40,7:06,7:13,9:33,9:38,10:11,10:16,12:31,12:38,13:06,13:06,15:32,15:40,16:12,16:17,18:33,18:51,19:09,19:13
AA_E_TT_CL_NT_S_1M_03_0,Thermal,0:53,3:27,3:38,3:56,4:02,6:26,6:33,6:59,7:06,9:26,9:31,10:04,10:09,12:24,12:31,12:59,12:59,15:25,15:33,16:05,16:10,18:26,18:44,19:02,19:06
AA_E_TT_CL_NT_S_1M_03_0,Lidar,0:43,3:17,3:28,3:46,3:52,6:16,6:23,6:49,6:56,9:16,9:21,9:54,9:59,12:14,12:21,12:49,12:49,15:15,15:23,15:55,16:00,18:16,18:34,18:52,18:56
AA_E_TT_CL_NT_S_1M_05_0,IR,1:09,3:57,4:08,4:28,4:33,6:54,7:03,7:24,7:33,10:00,10:05,10:34,10:39,12:55,13:03,13:27,13:33,15:58,16:02,16:31,16:35,18:57,19:07,19:24,19:29
AA_E_TT_CL_NT_S_1M_05_0,RGB,1:09,3:57,4:08,4:28,4:33,6:54,7:03,7:24,7:33,10:00,10:05,10:34,10:39,12:55,13:03,13:27,13:33,15:58,16:02,16:31,16:35,18:57,19:07,19:24,19:29
AA_E_TT_CL_NT_S_1M_05_0,Depth,1:09,3:57,4:08,4:28,4:33,6:54,7:03,7:24,7:33,10:00,10:05,10:34,10:39,12:55,13:03,13:27,13:33,15:58,16:02,16:31,16:35,18:57,19:07,19:24,19:29
AA_E_TT_CL_NT_S_1M_05_0,Thermal,1:09,3:57,4:08,4:28,4:33,6:54,7:03,7:24,7:33,10:00,10:05,10:34,10:39,12:55,13:03,13:27,13:33,15:58,16:02,16:31,16:35,18:57,19:07,19:24,19:29
AA_E_TT_CL_NT_S_1M_05_0,Lidar,0:57,3:45,3:56,4:16,4:21,6:42,6:51,7:12,7:21,9:48,9:53,10:22,10:27,12:43,12:51,13:15,13:21,15:46,15:50,16:19,16:23,18:45,18:55,19:12,19:17
AA_E_TT_CL_NT_S_1M_07_0,IR,1:53,4:56,5:08,5:38,5:42,7:56,8:04,8:34,8:43,10:54,10:59,11:36,11:41,13:57,14:07,14:38,14:38,16:59,17:06,17:36,17:42,20:03,20:21,20:34,20:40
AA_E_TT_CL_NT_S_1M_07_0,RGB,1:53,4:56,5:08,5:38,5:42,7:56,8:04,8:34,8:43,10:54,10:59,11:36,11:41,13:57,14:07,14:38,14:38,16:59,17:06,17:36,17:42,20:03,20:21,20:34,20:40
AA_E_TT_CL_NT_S_1M_07_0,Depth,1:53,4:56,5:08,5:38,5:42,7:56,8:04,8:34,8:43,10:54,10:59,11:36,11:41,13:57,14:07,14:38,14:38,16:59,17:06,17:36,17:42,20:03,20:21,20:34,20:40
AA_E_TT_CL_NT_S_1M_07_0,Thermal,1:52,4:55,5:07,5:37,5:41,7:55,8:03,8:33,8:42,10:53,10:58,11:35,11:40,13:56,14:06,14:37,14:37,16:58,17:05,17:35,17:41,20:02,20:20,20:33,20:39
AA_E_TT_CL_NT_S_1M_07_0,Lidar,1:19,4:22,4:34,5:04,5:08,7:22,7:30,8:00,8:09,10:20,10:25,11:02,11:07,13:23,13:33,14:04,14:04,16:25,16:32,17:02,17:08,19:29,19:47,20:00,20:06
AA_E_TT_CL_NT_S_50CM_01_0,IR,0:32,2:43,2:48,3:14,3:18,5:39,5:48,6:10,6:12,8:41,8:46,9:18,9:23,11:38,11:44,12:03,12:03,14:42,14:57,15:12,15:18,17:38,17:49,18:04,18:08
AA_E_TT_CL_NT_S_50CM_01_0,RGB,0:32,2:43,2:48,3:14,3:18,5:39,5:48,6:10,6:12,8:41,8:46,9:18,9:23,11:38,11:44,12:03,12:03,14:42,14:57,15:12,15:18,17:38,17:49,18:04,18:08
AA_E_TT_CL_NT_S_50CM_01_0,Depth,0:32,2:43,2:48,3:14,3:18,5:39,5:48,6:10,6:12,8:41,8:46,9:18,9:23,11:38,11:44,12:03,12:03,14:42,14:57,15:12,15:18,17:38,17:49,18:04,18:08
AA_E_TT_CL_NT_S_50CM_01_0,Thermal,0:29,2:40,2:45,3:11,3:15,5:36,5:45,6:07,6:09,8:38,8:43,9:15,9:20,11:35,11:41,12:00,12:00,14:39,14:54,15:09,15:15,17:35,17:46,18:01,18:05
AA_E_TT_CL_NT_S_50CM_01_0,Lidar,0:19,2:30,2:35,3:01,3:05,5:26,5:35,5:57,5:59,8:28,8:33,9:05,9:10,11:25,11:31,11:50,11:50,14:29,14:44,14:59,15:05,17:25,17:36,17:51,17:55
AA_E_TT_CL_NT_S_50CM_03_0,IR,1:00,3:34,3:45,4:03,4:09,6:33,6:40,7:06,7:13,9:33,9:38,10:11,10:16,12:31,12:38,13:06,13:06,15:32,15:40,16:12,16:17,18:33,18:51,19:09,19:13
AA_E_TT_CL_NT_S_50CM_03_0,RGB,1:00,3:34,3:45,4:03,4:09,6:33,6:40,7:06,7:13,9:33,9:38,10:11,10:16,12:31,12:38,13:06,13:06,15:32,15:40,16:12,16:17,18:33,18:51,19:09,19:13
AA_E_TT_CL_NT_S_50CM_03_0,Depth,1:00,3:34,3:45,4:03,4:09,6:33,6:40,7:06,7:13,9:33,9:38,10:11,10:16,12:31,12:38,13:06,13:06,15:32,15:40,16:12,16:17,18:33,18:51,19:09,19:13
AA_E_TT_CL_NT_S_50CM_03_0,Thermal,1:01,3:35,3:46,4:04,4:10,6:34,6:41,7:07,7:14,9:34,9:39,10:12,10:17,12:32,12:39,13:07,13:07,15:33,15:41,16:13,16:18,18:34,18:52,19:10,19:14
AA_E_TT_CL_NT_S_50CM_03_0,Lidar,0:50,3:24,3:35,3:53,3:59,6:23,6:30,6:56,7:03,9:23,9:28,10:01,10:06,12:21,12:28,12:56,12:56,15:22,15:30,16:02,16:07,18:23,18:41,18:59,19:03
AA_E_TT_CL_NT_S_50CM_05_0,IR,1:10,3:58,4:09,4:29,4:34,6:55,7:04,7:25,7:34,10:01,10:06,10:35,10:40,12:56,13:04,13:28,13:34,15:59,16:03,16:32,16:36,18:58,19:08,19:25,19:30
AA_E_TT_CL_NT_S_50CM_05_0,RGB,1:10,3:58,4:09,4:29,4:34,6:55,7:04,7:25,7:34,10:01,10:06,10:35,10:40,12:56,13:04,13:28,13:34,15:59,16:03,16:32,16:36,18:58,19:08,19:25,19:30
AA_E_TT_CL_NT_S_50CM_05_0,Depth,1:10,3:58,4:09,4:29,4:34,6:55,7:04,7:25,7:34,10:01,10:06,10:35,10:40,12:56,13:04,13:28,13:34,15:59,16:03,16:32,16:36,18:58,19:08,19:25,19:30
AA_E_TT_CL_NT_S_50CM_05_0,Thermal,1:07,3:55,4:06,4:26,4:31,6:52,7:01,7:22,7:31,9:58,10:03,10:32,10:37,12:53,13:01,13:25,13:31,15:56,16:00,16:29,16:33,18:55,19:05,19:22,19:27
AA_E_TT_CL_NT_S_50CM_05_0,Lidar,0:54,3:42,3:53,4:13,4:18,6:39,6:48,7:09,7:18,9:45,9:50,10:19,10:24,12:40,12:48,13:12,13:18,15:43,15:47,16:16,16:20,18:42,18:52,19:09,19:14
AA_E_TT_CL_NT_S_50CM_07_0,IR,1:43,4:46,4:58,5:28,5:32,7:46,7:54,8:24,8:33,10:44,10:49,11:26,11:31,13:47,13:57,14:28,14:28,16:49,16:56,17:26,17:32,19:53,20:11,20:24,20:30
AA_E_TT_CL_NT_S_50CM_07_0,RGB,1:43,4:46,4:58,5:28,5:32,7:46,7:54,8:24,8:33,10:44,10:49,11:26,11:31,13:47,13:57,14:28,14:28,16:49,16:56,17:26,17:32,19:53,20:11,20:24,20:30
AA_E_TT_CL_NT_S_50CM_07_0,Depth,1:43,4:46,4:58,5:28,5:32,7:46,7:54,8:24,8:33,10:44,10:49,11:26,11:31,13:47,13:57,14:28,14:28,16:49,16:56,17:26,17:32,19:53,20:11,20:24,20:30
AA_E_TT_CL_NT_S_50CM_07_0,Thermal,1:37,4:40,4:52,5:22,5:26,7:40,7:48,8:18,8:27,10:38,10:43,11:20,11:25,13:41,13:51,14:22,14:22,16:43,16:50,17:20,17:26,19:47,20:05,20:18,20:24
AA_E_TT_CL_NT_S_50CM_07_0,Lidar,1:18,4:21,4:33,5:03,5:07,7:21,7:29,7:59,8:08,10:19,10:24,11:01,11:06,13:22,13:32,14:03,14:03,16:24,16:31,17:01,17:07,19:28,19:46,19:59,20:05
AA_E_TT_CL_SR_6M_1M_01_1,IR,0:48,2:58,3:14,3:36,3:39,5:57,6:22,6:49,6:56,8:58,9:03,9:37,9:42,11:57,12:05,12:38,12:43,14:58,15:17,15:40,15:45,17:58,18:08,18:25,18:29
AA_E_TT_CL_SR_6M_1M_01_1,RGB,0:48,2:58,3:14,3:36,3:39,5:57,6:22,6:49,6:56,8:58,9:03,9:37,9:42,11:57,12:05,12:38,12:43,14:58,15:17,15:40,15:45,17:58,18:08,18:25,18:29
AA_E_TT_CL_SR_6M_1M_01_1,Depth,0:48,2:58,3:14,3:36,3:39,5:57,6:22,6:49,6:56,8:58,9:03,9:37,9:42,11:57,12:05,12:38,12:43,14:58,15:17,15:40,15:45,17:58,18:08,18:25,18:29
AA_E_TT_CL_SR_6M_1M_01_1,Thermal,0:44,2:54,3:10,3:32,3:35,5:53,6:18,6:45,6:52,8:54,8:59,9:33,9:38,11:53,12:01,12:34,12:39,14:54,15:13,15:36,15:41,17:54,18:04,18:21,18:25
AA_E_TT_CL_SR_6M_1M_01_1,Lidar,0:30,2:40,2:56,3:18,3:21,5:39,6:04,6:31,6:38,8:40,8:45,9:19,9:24,11:39,11:47,12:20,12:25,14:40,14:59,15:22,15:27,17:40,17:50,18:07,18:11
AA_E_TT_CL_SR_6M_1M_03_0,IR,1:02,3:16,3:25,3:58,4:01,6:17,6:22,6:50,7:00,9:17,9:22,10:00,10:05,12:14,12:29,13:04,13:04,15:15,15:18,15:55,15:59,18:16,18:33,18:53,18:59
AA_E_TT_CL_SR_6M_1M_03_0,RGB,1:02,3:16,3:25,3:58,4:01,6:17,6:22,6:50,7:00,9:17,9:22,10:00,10:05,12:14,12:29,13:04,13:04,15:15,15:18,15:55,15:59,18:16,18:33,18:53,18:59
AA_E_TT_CL_SR_6M_1M_03_0,Depth,1:02,3:16,3:25,3:58,4:01,6:17,6:22,6:50,7:00,9:17,9:22,10:00,10:05,12:14,12:29,13:04,13:04,15:15,15:18,15:55,15:59,18:16,18:33,18:53,18:59
AA_E_TT_CL_SR_6M_1M_03_0,Thermal,0:58,3:14,3:23,3:56,3:59,6:15,6:20,6:48,6:58,9:15,9:20,9:58,10:03,12:12,12:27,13:02,13:02,15:13,15:16,15:53,15:57,18:14,18:31,18:51,18:57
AA_E_TT_CL_SR_6M_1M_03_0,Lidar,0:46,3:02,3:11,3:44,3:47,6:03,6:08,6:36,6:46,9:03,9:08,9:46,9:51,12:00,12:15,12:50,12:50,15:01,15:04,15:41,15:45,18:02,18:19,18:39,18:45
AA_E_TT_CL_SR_6M_1M_05_0,IR,0:58,3:07,3:15,3:42,3:47,6:07,6:14,6:37,6:46,9:06,9:11,9:45,9:50,12:06,12:14,12:45,12:45,15:06,15:10,15:43,15:47,18:06,18:22,18:43,18:48
AA_E_TT_CL_SR_6M_1M_05_0,RGB,0:58,3:07,3:15,3:42,3:47,6:07,6:14,6:37,6:46,9:06,9:11,9:45,9:50,12:06,12:14,12:45,12:45,15:06,15:10,15:43,15:47,18:06,18:22,18:43,18:48
AA_E_TT_CL_SR_6M_1M_05_0,Depth,0:58,3:07,3:15,3:42,3:47,6:07,6:14,6:37,6:46,9:06,9:11,9:45,9:50,12:06,12:14,12:45,12:45,15:06,15:10,15:43,15:47,18:06,18:22,18:43,18:48
AA_E_TT_CL_SR_6M_1M_05_0,Thermal,0:44,2:53,3:01,3:28,3:33,5:53,6:00,6:23,6:32,8:52,8:57,9:31,9:36,11:52,12:00,12:31,12:31,14:52,14:56,15:29,15:33,17:52,18:08,18:29,18:34
AA_E_TT_CL_SR_6M_1M_05_0,Lidar,0:29,2:38,2:46,3:13,3:18,5:38,5:45,6:08,6:17,8:37,8:42,9:16,9:21,11:37,11:45,12:16,12:16,14:37,14:41,15:14,15:18,17:37,17:53,18:14,18:19
AA_E_TT_CL_SR_6M_50CM_01_0,IR,0:47,2:57,3:13,3:35,3:38,5:56,6:21,6:48,6:55,8:57,9:02,9:36,9:41,11:56,12:04,12:37,12:42,14:57,15:16,15:39,15:44,17:57,18:07,18:24,18:28
AA_E_TT_CL_SR_6M_50CM_01_0,RGB,0:47,2:57,3:13,3:35,3:38,5:56,6:21,6:48,6:55,8:57,9:02,9:36,9:41,11:56,12:04,12:37,12:42,14:57,15:16,15:39,15:44,17:57,18:07,18:24,18:28
AA_E_TT_CL_SR_6M_50CM_01_0,Depth,0:47,2:57,3:13,3:35,3:38,5:56,6:21,6:48,6:55,8:57,9:02,9:36,9:41,11:56,12:04,12:37,12:42,14:57,15:16,15:39,15:44,17:57,18:07,18:24,18:28
AA_E_TT_CL_SR_6M_50CM_01_0,Thermal,0:44,2:54,3:10,3:32,3:35,5:53,6:18,6:45,6:52,8:54,8:59,9:33,9:38,11:53,12:01,12:34,12:39,14:54,15:13,15:36,15:41,17:54,18:04,18:21,18:25
AA_E_TT_CL_SR_6M_50CM_01_0,Lidar,0:33,2:43,2:59,3:21,3:24,5:42,6:07,6:34,6:41,8:43,8:48,9:22,9:27,11:42,11:50,12:23,12:28,14:43,15:02,15:25,15:30,17:43,17:53,18:10,18:14
AA_E_TT_CL_SR_6M_50CM_03_0,IR,1:02,3:18,3:27,4:00,4:03,6:19,6:24,6:52,7:02,9:19,9:24,10:02,10:07,12:16,12:31,13:06,13:06,15:17,15:20,15:57,16:01,18:18,18:35,18:55,19:01
AA_E_TT_CL_SR_6M_50CM_03_0,RGB,1:02,3:18,3:27,4:00,4:03,6:19,6:24,6:52,7:02,9:19,9:24,10:02,10:07,12:16,12:31,13:06,13:06,15:17,15:20,15:57,16:01,18:18,18:35,18:55,19:01
AA_E_TT_CL_SR_6M_50CM_03_0,Depth,1:02,3:18,3:27,4:00,4:03,6:19,6:24,6:52,7:02,9:19,9:24,10:02,10:07,12:16,12:31,13:06,13:06,15:17,15:20,15:57,16:01,18:18,18:35,18:55,19:01
AA_E_TT_CL_SR_6M_50CM_03_0,Thermal,1:01,3:17,3:26,3:59,4:02,6:18,6:23,6:51,7:01,9:18,9:23,10:01,10:06,12:15,12:30,13:05,13:05,15:16,15:19,15:56,16:00,18:17,18:34,18:54,19:00
AA_E_TT_CL_SR_6M_50CM_03_0,Lidar,0:48,3:04,3:13,3:46,3:49,6:05,6:10,6:38,6:48,9:05,9:10,9:48,9:53,12:02,12:17,12:52,12:52,15:03,15:06,15:43,15:47,18:04,18:21,18:41,18:47
AA_E_TT_CL_SR_6M_50CM_05_0,IR,0:51,3:00,3:08,3:35,3:40,6:00,6:07,6:30,6:39,8:59,9:04,9:38,9:43,11:59,12:07,12:38,12:38,14:59,15:03,15:36,15:40,17:59,18:15,18:36,18:41
AA_E_TT_CL_SR_6M_50CM_05_0,RGB,0:51,3:00,3:08,3:35,3:40,6:00,6:07,6:30,6:39,8:59,9:04,9:38,9:43,11:59,12:07,12:38,12:38,14:59,15:03,15:36,15:40,17:59,18:15,18:36,18:41
AA_E_TT_CL_SR_6M_50CM_05_0,Depth,0:51,3:00,3:08,3:35,3:40,6:00,6:07,6:30,6:39,8:59,9:04,9:38,9:43,11:59,12:07,12:38,12:38,14:59,15:03,15:36,15:40,17:59,18:15,18:36,18:41
AA_E_TT_CL_SR_6M_50CM_05_0,Thermal,0:45,2:54,3:02,3:29,3:34,5:54,6:01,6:24,6:33,8:53,8:58,9:32,9:37,11:53,12:01,12:32,12:32,14:53,14:57,15:30,15:34,17:53,18:09,18:30,18:35
AA_E_TT_CL_SR_6M_50CM_05_0,Lidar,0:29,2:38,2:46,3:13,3:18,5:38,5:45,6:08,6:17,8:37,8:42,9:16,9:21,11:37,11:45,12:16,12:16,14:37,14:41,15:14,15:18,17:37,17:53,18:14,18:19
AA_E_TT_CL_SR_8M_1M_01_1,IR,0:53,3:06,3:15,3:39,3:45,6:07,6:15,6:40,6:48,9:06,9:11,9:44,9:49,12:05,12:13,12:43,12:48,15:04,15:11,15:33,15:42,18:05,18:23,18:37,18:40
AA_E_TT_CL_SR_8M_1M_01_1,RGB,0:53,3:06,3:15,3:39,3:45,6:07,6:15,6:40,6:48,9:06,9:11,9:44,9:49,12:05,12:13,12:43,12:48,15:04,15:11,15:33,15:42,18:05,18:23,18:37,18:40
AA_E_TT_CL_SR_8M_1M_01_1,Depth,0:53,3:06,3:15,3:39,3:45,6:07,6:15,6:40,6:48,9:06,9:11,9:44,9:49,12:05,12:13,12:43,12:48,15:04,15:11,15:33,15:42,18:05,18:23,18:37,18:40
AA_E_TT_CL_SR_8M_1M_01_1,Thermal,0:54,3:07,3:16,3:40,3:46,6:08,6:16,6:41,6:49,9:07,9:12,9:45,9:50,12:06,12:14,12:44,12:49,15:05,15:12,15:34,15:43,18:06,18:24,18:38,18:41
AA_E_TT_CL_SR_8M_1M_01_1,Lidar,0:44,2:57,3:06,3:30,3:36,5:58,6:06,6:31,6:39,8:57,9:02,9:35,9:40,11:56,12:04,12:34,12:39,14:55,15:02,15:24,15:33,17:56,18:14,18:28,18:31
AA_E_TT_CL_SR_8M_1M_03_0,IR,0:57,3:06,3:17,3:40,3:50,6:07,6:17,6:43,6:51,9:05,9:10,9:51,9:56,12:05,12:15,12:56,12:56,15:02,15:08,15:45,15:52,18:05,18:20,18:46,18:51
AA_E_TT_CL_SR_8M_1M_03_0,RGB,0:57,3:06,3:17,3:40,3:50,6:07,6:17,6:43,6:51,9:05,9:10,9:51,9:56,12:05,12:15,12:56,12:56,15:02,15:08,15:45,15:52,18:05,18:20,18:46,18:51
AA_E_TT_CL_SR_8M_1M_03_0,Depth,0:57,3:06,3:17,3:40,3:50,6:07,6:17,6:43,6:51,9:05,9:10,9:51,9:56,12:05,12:15,12:56,12:56,15:02,15:08,15:45,15:52,18:05,18:20,18:46,18:51
AA_E_TT_CL_SR_8M_1M_03_0,Thermal,0:54,3:03,3:14,3:37,3:47,6:04,6:14,6:40,6:48,9:02,9:07,9:48,9:53,12:02,12:12,12:53,12:53,14:59,15:05,15:42,15:49,18:02,18:17,18:43,18:48
AA_E_TT_CL_SR_8M_1M_03_0,Lidar,0:43,2:52,3:03,3:26,3:36,5:53,6:03,6:29,6:37,8:51,8:56,9:37,9:42,11:51,12:01,12:42,12:42,14:48,14:54,15:31,15:38,17:51,18:06,18:32,18:37
AA_E_TT_CL_SR_8M_1M_05_0,IR,0:48,2:26,2:33,2:54,2:58,4:38,4:41,5:08,5:08,6:49,6:54,7:14,7:19,8:59,9:04,9:30,9:33,11:07,11:12,11:33,11:36,13:29,13:48,14:02,14:08
AA_E_TT_CL_SR_8M_1M_05_0,RGB,0:48,2:26,2:33,2:54,2:58,4:38,4:41,5:08,5:08,6:49,6:54,7:14,7:19,8:59,9:04,9:30,9:33,11:07,11:12,11:33,11:36,13:29,13:48,14:02,14:08
AA_E_TT_CL_SR_8M_1M_05_0,Depth,0:48,2:26,2:33,2:54,2:58,4:38,4:41,5:08,5:08,6:49,6:54,7:14,7:19,8:59,9:04,9:30,9:33,11:07,11:12,11:33,11:36,13:29,13:48,14:02,14:08
AA_E_TT_CL_SR_8M_1M_05_0,Thermal,0:46,2:56,3:04,3:33,3:39,5:57,6:03,6:39,6:39,8:58,9:03,9:35,9:40,11:57,12:04,12:41,12:44,14:56,15:02,15:30,15:35,17:57,18:16,18:31,18:36
AA_E_TT_CL_SR_8M_1M_05_0,Lidar,0:35,2:45,2:53,3:22,3:28,5:46,5:52,6:28,6:28,8:47,8:52,9:24,9:29,11:46,11:53,12:30,12:33,14:45,14:51,15:19,15:24,17:46,18:05,18:20,18:25
AA_E_TT_CL_SR_8M_1M_07_0,IR,0:59,3:06,3:11,3:37,3:41,5:59,6:07,6:38,6:48,8:52,8:57,9:37,9:42,11:58,12:06,12:37,12:37,14:52,15:03,15:31,15:37,17:56,18:06,18:23,18:31
AA_E_TT_CL_SR_8M_1M_07_0,RGB,0:59,3:06,3:11,3:37,3:41,5:59,6:07,6:38,6:48,8:52,8:57,9:37,9:42,11:58,12:06,12:37,12:37,14:52,15:03,15:31,15:37,17:56,18:06,18:23,18:31
AA_E_TT_CL_SR_8M_1M_07_0,Depth,0:59,3:06,3:11,3:37,3:41,5:59,6:07,6:38,6:48,8:52,8:57,9:37,9:42,11:58,12:06,12:37,12:37,14:52,15:03,15:31,15:37,17:56,18:06,18:23,18:31
AA_E_TT_CL_SR_8M_1M_07_0,Thermal,0:31,2:43,2:57,3:18,3:21,5:43,5:52,6:24,6:34,8:38,8:43,9:22,9:27,11:44,11:51,12:22,12:22,14:39,14:49,15:17,15:23,17:41,17:52,18:10,18:17
AA_E_TT_CL_SR_8M_1M_07_0,Lidar,0:20,2:32,2:46,3:07,3:10,5:32,5:41,6:13,6:23,8:27,8:32,9:11,9:16,11:33,11:40,12:11,12:11,14:28,14:38,15:06,15:12,17:30,17:41,17:59,18:06
AA_E_TT_CL_SR_8M_50CM_01_0,IR,0:49,3:02,3:11,3:35,3:41,6:03,6:11,6:36,6:44,9:02,9:07,9:40,9:45,12:01,12:09,12:39,12:44,15:00,15:07,15:29,15:38,18:01,18:19,18:33,18:36
AA_E_TT_CL_SR_8M_50CM_01_0,RGB,0:49,3:02,3:11,3:35,3:41,6:03,6:11,6:36,6:44,9:02,9:07,9:40,9:45,12:01,12:09,12:39,12:44,15:00,15:07,15:29,15:38,18:01,18:19,18:33,18:36
AA_E_TT_CL_SR_8M_50CM_01_0,Depth,0:49,3:02,3:11,3:35,3:41,6:03,6:11,6:36,6:44,9:02,9:07,9:40,9:45,12:01,12:09,12:39,12:44,15:00,15:07,15:29,15:38,18:01,18:19,18:33,18:36
AA_E_TT_CL_SR_8M_50CM_01_0,Thermal,0:36,2:49,2:58,3:22,3:28,5:50,5:58,6:23,6:31,8:49,8:54,9:27,9:32,11:48,11:56,12:26,12:31,14:47,14:54,15:16,15:25,17:48,18:06,18:20,18:23
AA_E_TT_CL_SR_8M_50CM_01_0,Lidar,0:18,2:31,2:40,3:04,3:10,5:32,5:40,6:05,6:13,8:31,8:36,9:09,9:14,11:30,11:38,12:08,12:13,14:29,14:36,14:58,15:07,17:30,17:48,18:02,18:05
AA_E_TT_CL_SR_8M_50CM_03_0,IR,0:53,3:02,3:13,3:36,3:46,6:03,6:13,6:39,6:47,9:01,9:06,9:47,9:52,12:01,12:11,12:52,12:52,14:58,15:04,15:41,15:48,18:01,18:16,18:42,18:47
AA_E_TT_CL_SR_8M_50CM_03_0,RGB,0:53,3:02,3:13,3:36,3:46,6:03,6:13,6:39,6:47,9:01,9:06,9:47,9:52,12:01,12:11,12:52,12:52,14:58,15:04,15:41,15:48,18:01,18:16,18:42,18:47
AA_E_TT_CL_SR_8M_50CM_03_0,Depth,0:53,3:02,3:13,3:36,3:46,6:03,6:13,6:39,6:47,9:01,9:06,9:47,9:52,12:01,12:11,12:52,12:52,14:58,15:04,15:41,15:48,18:01,18:16,18:42,18:47
AA_E_TT_CL_SR_8M_50CM_03_0,Thermal,0:51,3:00,3:11,3:34,3:44,6:01,6:11,6:37,6:45,8:59,9:04,9:45,9:50,11:59,12:09,12:50,12:50,14:56,15:02,15:39,15:46,17:59,18:14,18:40,18:45
AA_E_TT_CL_SR_8M_50CM_03_0,Lidar,0:41,2:50,3:01,3:24,3:34,5:51,6:01,6:27,6:35,8:49,8:54,9:35,9:40,11:49,11:59,12:40,12:40,14:46,14:52,15:29,15:36,17:49,18:04,18:30,18:35
AA_E_TT_CL_SR_8M_50CM_05_0,IR,0:33,2:43,2:51,3:20,3:26,5:44,5:50,6:26,6:26,8:45,9:30,9:22,9:27,11:44,11:51,12:28,12:31,14:43,14:49,15:17,15:22,17:44,18:03,18:18,18:23
AA_E_TT_CL_SR_8M_50CM_05_0,RGB,0:33,2:43,2:51,3:20,3:26,5:44,5:50,6:26,6:26,8:45,9:30,9:22,9:27,11:44,11:51,12:28,12:31,14:43,14:49,15:17,15:22,17:44,18:03,18:18,18:23
AA_E_TT_CL_SR_8M_50CM_05_0,Depth,0:33,2:43,2:51,3:20,3:26,5:44,5:50,6:26,6:26,8:45,9:30,9:22,9:27,11:44,11:51,12:28,12:31,14:43,14:49,15:17,15:22,17:44,18:03,18:18,18:23
AA_E_TT_CL_SR_8M_50CM_05_0,Thermal,0:31,2:41,2:49,3:18,3:24,5:42,5:48,6:24,6:24,8:43,9:28,9:20,9:25,11:42,11:49,12:26,12:29,14:41,14:47,15:15,15:20,17:42,18:01,18:16,18:21
AA_E_TT_CL_SR_8M_50CM_05_0,Lidar,0:17,2:27,2:35,3:04,3:10,5:28,5:34,6:10,6:10,8:29,9:14,9:06,9:11,11:28,11:35,12:12,12:15,14:27,14:33,15:01,15:06,17:28,17:47,18:02,18:07
AA_E_TT_CL_SR_8M_50CM_07_0,IR,0:53,3:05,3:19,3:40,3:43,6:05,6:14,6:46,6:56,9:00,9:05,9:44,9:49,12:06,12:13,12:44,12:44,15:01,15:11,15:39,15:45,18:03,18:14,18:32,18:39
AA_E_TT_CL_SR_8M_50CM_07_0,RGB,0:53,3:05,3:19,3:40,3:43,6:05,6:14,6:46,6:56,9:00,9:05,9:44,9:49,12:06,12:13,12:44,12:44,15:01,15:11,15:39,15:45,18:03,18:14,18:32,18:39
AA_E_TT_CL_SR_8M_50CM_07_0,Depth,0:53,3:05,3:19,3:40,3:43,6:05,6:14,6:46,6:56,9:00,9:05,9:44,9:49,12:06,12:13,12:44,12:44,15:01,15:11,15:39,15:45,18:03,18:14,18:32,18:39
AA_E_TT_CL_SR_8M_50CM_07_0,Thermal,0:48,3:00,3:14,3:35,3:38,6:00,6:09,6:41,6:51,8:55,9:00,9:39,9:44,12:01,12:08,12:39,12:39,14:56,15:06,15:34,15:40,17:58,18:09,18:27,18:34
AA_E_TT_CL_SR_8M_50CM_07_0,Lidar,0:40,2:52,3:06,3:27,3:30,5:52,6:01,6:33,6:43,8:47,8:52,9:31,9:36,11:53,12:00,12:31,12:31,14:48,14:58,15:26,15:32,17:50,18:01,18:19,18:26
AA_E_TT_CL_SR_S_1M_01_1,IR,1:01,3:12,3:22,3:41,3:46,6:11,6:28,6:45,6:51,9:10,9:15,9:59,10:04,12:14,12:23,12:54,12:54,15:09,15:13,15:36,15:43,18:09,18:29,18:35,18:40
AA_E_TT_CL_SR_S_1M_01_1,RGB,1:01,3:12,3:22,3:41,3:46,6:11,6:28,6:45,6:51,9:10,9:15,9:59,10:04,12:14,12:23,12:54,12:54,15:09,15:13,15:36,15:43,18:09,18:29,18:35,18:40
AA_E_TT_CL_SR_S_1M_01_1,Depth,1:01,3:12,3:22,3:41,3:46,6:11,6:28,6:45,6:51,9:10,9:15,9:59,10:04,12:14,12:23,12:54,12:54,15:09,15:13,15:36,15:43,18:09,18:29,18:35,18:40
AA_E_TT_CL_SR_S_1M_01_1,Thermal,0:58,3:09,3:19,3:38,3:43,6:08,6:25,6:42,6:48,9:07,9:12,9:56,10:01,12:11,12:20,12:51,12:51,15:06,15:10,15:33,15:40,18:06,18:26,18:32,18:37
AA_E_TT_CL_SR_S_1M_01_1,Lidar,0:23,2:34,2:44,3:03,3:08,5:33,5:50,6:07,6:13,8:32,8:37,9:21,9:26,11:36,11:45,12:16,12:16,14:31,14:35,14:58,15:05,17:31,17:51,17:57,18:02
AA_E_TT_CL_SR_S_1M_03_0,IR,1:21,3:59,4:12,4:39,4:46,7:00,7:08,7:41,7:49,9:59,10:04,10:47,10:52,13:00,13:07,13:41,13:43,15:56,16:14,16:38,16:42,19:00,19:16,19:35,19:45
AA_E_TT_CL_SR_S_1M_03_0,RGB,1:21,3:59,4:12,4:39,4:46,7:00,7:08,7:41,7:49,9:59,10:04,10:47,10:52,13:00,13:07,13:41,13:43,15:56,16:14,16:38,16:42,19:00,19:16,19:35,19:45
AA_E_TT_CL_SR_S_1M_03_0,Depth,1:21,3:59,4:12,4:39,4:46,7:00,7:08,7:41,7:49,9:59,10:04,10:47,10:52,13:00,13:07,13:41,13:43,15:56,16:14,16:38,16:42,19:00,19:16,19:35,19:45
AA_E_TT_CL_SR_S_1M_03_0,Thermal,1:07,3:46,3:59,4:26,4:33,6:47,6:55,7:28,7:36,9:46,9:51,10:34,10:39,12:47,12:54,13:28,13:30,15:43,16:01,16:25,16:29,18:47,19:03,19:22,19:32
AA_E_TT_CL_SR_S_1M_03_0,Lidar,0:49,3:28,3:41,4:08,4:15,6:29,6:37,7:10,7:18,9:28,9:33,10:16,10:21,12:29,12:36,13:10,13:12,15:25,15:43,16:07,16:11,18:29,18:45,19:04,19:14
AA_E_TT_CL_SR_S_1M_05_0,IR,1:03,3:19,3:27,3:57,4:03,6:24,6:30,6:56,7:08,9:15,9:20,9:56,10:01,12:13,12:25,12:51,12:57,15:17,15:22,15:52,15:56,18:15,18:27,18:47,18:52
AA_E_TT_CL_SR_S_1M_05_0,RGB,1:03,3:19,3:27,3:57,4:03,6:24,6:30,6:56,7:08,9:15,9:20,9:56,10:01,12:13,12:25,12:51,12:57,15:17,15:22,15:52,15:56,18:15,18:27,18:47,18:52
AA_E_TT_CL_SR_S_1M_05_0,Depth,1:03,3:19,3:27,3:57,4:03,6:24,6:30,6:56,7:08,9:15,9:20,9:56,10:01,12:13,12:25,12:51,12:57,15:17,15:22,15:52,15:56,18:15,18:27,18:47,18:52
AA_E_TT_CL_SR_S_1M_05_0,Thermal,1:01,3:17,3:25,3:55,4:01,6:22,6:28,6:54,7:06,9:13,9:18,9:54,9:59,12:11,12:23,12:49,12:55,15:15,15:20,15:50,15:54,18:13,18:25,18:45,18:50
AA_E_TT_CL_SR_S_1M_05_0,Lidar,0:49,3:05,3:13,3:43,3:49,6:10,6:16,6:42,6:54,9:01,9:06,9:42,9:47,11:59,12:11,12:37,12:43,15:03,15:08,15:38,15:42,18:01,18:13,18:33,18:38
AA_E_TT_CL_SR_S_50CM_01_0,IR,0:55,3:06,3:16,3:35,3:40,6:05,6:22,6:39,6:45,9:04,9:09,9:53,9:58,12:08,12:17,12:48,12:48,15:03,15:07,15:30,15:37,18:03,18:23,18:29,18:34
AA_E_TT_CL_SR_S_50CM_01_0,RGB,0:55,3:06,3:16,3:35,3:40,6:05,6:22,6:39,6:45,9:04,9:09,9:53,9:58,12:08,12:17,12:48,12:48,15:03,15:07,15:30,15:37,18:03,18:23,18:29,18:34
AA_E_TT_CL_SR_S_50CM_01_0,Depth,0:55,3:06,3:16,3:35,3:40,6:05,6:22,6:39,6:45,9:04,9:09,9:53,9:58,12:08,12:17,12:48,12:48,15:03,15:07,15:30,15:37,18:03,18:23,18:29,18:34
AA_E_TT_CL_SR_S_50CM_01_0,Thermal,0:49,3:00,3:10,3:29,3:34,5:59,6:16,6:33,6:39,8:58,9:03,9:47,9:52,12:02,12:11,12:42,12:42,14:57,15:01,15:24,15:31,17:57,18:17,18:23,18:28
AA_E_TT_CL_SR_S_50CM_01_0,Lidar,0:28,2:39,2:49,3:08,3:13,5:38,5:55,6:12,6:18,8:37,8:42,9:26,9:31,11:41,11:50,12:21,12:21,14:36,14:40,15:03,15:10,17:36,17:56,18:02,18:07
AA_E_TT_CL_SR_S_50CM_03_0,IR,1:22,4:01,4:14,4:41,4:48,7:02,7:10,7:43,7:51,10:01,10:06,10:49,10:54,13:02,13:09,13:43,13:45,15:58,16:16,16:40,16:44,19:02,19:18,19:37,19:47
AA_E_TT_CL_SR_S_50CM_03_0,RGB,1:22,4:01,4:14,4:41,4:48,7:02,7:10,7:43,7:51,10:01,10:06,10:49,10:54,13:02,13:09,13:43,13:45,15:58,16:16,16:40,16:44,19:02,19:18,19:37,19:47
AA_E_TT_CL_SR_S_50CM_03_0,Depth,1:22,4:01,4:14,4:41,4:48,7:02,7:10,7:43,7:51,10:01,10:06,10:49,10:54,13:02,13:09,13:43,13:45,15:58,16:16,16:40,16:44,19:02,19:18,19:37,19:47
AA_E_TT_CL_SR_S_50CM_03_0,Thermal,1:19,3:58,4:11,4:38,4:45,6:59,7:07,7:40,7:48,9:58,10:03,10:46,10:51,12:59,13:06,13:40,13:42,15:55,16:13,16:37,16:41,18:59,19:15,19:34,19:44
AA_E_TT_CL_SR_S_50CM_03_0,Lidar,1:08,3:47,4:00,4:27,4:34,6:48,6:56,7:29,7:37,9:47,9:52,10:35,10:40,12:48,12:55,13:29,13:31,15:44,16:02,16:26,16:30,18:48,19:04,19:23,19:33
AA_E_TT_CL_SR_S_50CM_05_0,IR,1:00,3:16,3:24,3:54,4:00,6:21,6:27,6:53,7:05,9:12,9:17,9:53,9:58,12:10,12:22,12:48,12:54,15:14,15:19,15:49,15:53,18:12,18:24,18:44,18:49
AA_E_TT_CL_SR_S_50CM_05_0,RGB,1:00,3:16,3:24,3:54,4:00,6:21,6:27,6:53,7:05,9:12,9:17,9:53,9:58,12:10,12:22,12:48,12:54,15:14,15:19,15:49,15:53,18:12,18:24,18:44,18:49
AA_E_TT_CL_SR_S_50CM_05_0,Depth,1:00,3:16,3:24,3:54,4:00,6:21,6:27,6:53,7:05,9:12,9:17,9:53,9:58,12:10,12:22,12:48,12:54,15:14,15:19,15:49,15:53,18:12,18:24,18:44,18:49
AA_E_TT_CL_SR_S_50CM_05_0,Thermal,0:56,3:12,3:20,3:50,3:56,6:17,6:23,6:49,7:01,9:08,9:13,9:49,9:54,12:06,12:18,12:44,12:50,15:10,15:15,15:45,15:49,18:08,18:20,18:40,18:45
AA_E_TT_CL_SR_S_50CM_05_0,Lidar,0:44,3:00,3:08,3:38,3:44,6:05,6:11,6:37,6:49,8:56,9:01,9:37,9:42,11:54,12:06,12:32,12:38,14:58,15:03,15:33,15:37,17:56,18:08,18:28,18:33
AA_E_TT_CL_SS_6M_1M_01_1,IR,0:56,3:06,3:18,3:38,3:41,6:05,6:35,6:51,6:56,9:07,9:12,9:44,9:49,12:06,12:15,12:44,12:44,15:07,15:15,15:43,15:49,18:05,18:24,18:34,18:36
AA_E_TT_CL_SS_6M_1M_01_1,RGB,0:56,3:06,3:18,3:38,3:41,6:05,6:35,6:51,6:56,9:07,9:12,9:44,9:49,12:06,12:15,12:44,12:44,15:07,15:15,15:43,15:49,18:05,18:24,18:34,18:36
AA_E_TT_CL_SS_6M_1M_01_1,Depth,0:56,3:06,3:18,3:38,3:41,6:05,6:35,6:51,6:56,9:07,9:12,9:44,9:49,12:06,12:15,12:44,12:44,15:07,15:15,15:43,15:49,18:05,18:24,18:34,18:36
AA_E_TT_CL_SS_6M_1M_01_1,Thermal,0:54,3:04,3:16,3:36,3:39,6:03,6:33,6:49,6:54,9:05,9:10,9:42,9:47,12:04,12:13,12:42,12:42,15:05,15:13,15:41,15:47,18:03,18:22,18:32,18:34
AA_E_TT_CL_SS_6M_1M_01_1,Lidar,0:45,2:55,3:07,3:27,3:30,5:54,6:24,6:40,6:45,8:56,9:01,9:33,9:38,11:55,12:04,12:33,12:33,14:56,15:04,15:32,15:38,17:54,18:13,18:23,18:25
AA_E_TT_CL_SS_6M_1M_03_0,IR,0:32,2:39,2:48,3:06,3:09,4:51,4:55,5:24,5:31,7:47,7:52,8:32,8:37,10:46,10:49,11:25,11:29,13:43,13:49,14:25,14:32,16:48,17:09,17:14,17:23
AA_E_TT_CL_SS_6M_1M_03_0,RGB,0:32,2:39,2:48,3:06,3:09,4:51,4:55,5:24,5:31,7:47,7:52,8:32,8:37,10:46,10:49,11:25,11:29,13:43,13:49,14:25,14:32,16:48,17:09,17:14,17:23
AA_E_TT_CL_SS_6M_1M_03_0,Depth,0:32,2:39,2:48,3:06,3:09,4:51,4:55,5:24,5:31,7:47,7:52,8:32,8:37,10:46,10:49,11:25,11:29,13:43,13:49,14:25,14:32,16:48,17:09,17:14,17:23
AA_E_TT_CL_SS_6M_1M_03_0,Thermal,0:30,2:37,2:50,3:15,3:19,5:37,5:43,6:16,6:23,8:39,8:44,9:24,9:29,11:38,11:41,12:17,12:21,14:35,14:41,15:17,15:24,17:41,17:57,18:10,18:16
AA_E_TT_CL_SS_6M_1M_03_0,Lidar,0:17,2:24,2:37,3:02,3:04,5:24,5:30,6:03,6:10,8:26,8:31,9:11,9:16,11:25,11:28,12:05,12:08,14:23,14:28,15:04,15:11,17:28,17:44,17:57,18:03
AA_E_TT_CL_SS_6M_1M_05_0,IR,2:08,4:25,4:32,4:56,5:00,7:27,7:33,8:11,8:17,10:23,10:28,11:11,11:16,13:25,13:32,14:03,14:06,16:25,16:28,17:00,17:05,19:25,19:42,19:56,20:01
AA_E_TT_CL_SS_6M_1M_05_0,RGB,2:08,4:25,4:32,4:56,5:00,7:27,7:33,8:11,8:17,10:23,10:28,11:11,11:16,13:25,13:32,14:03,14:06,16:25,16:28,17:00,17:05,19:25,19:42,19:56,20:01
AA_E_TT_CL_SS_6M_1M_05_0,Depth,2:08,4:25,4:32,4:56,5:00,7:27,7:33,8:11,8:17,10:23,10:28,11:11,11:16,13:25,13:32,14:03,14:06,16:25,16:28,17:00,17:05,19:25,19:42,19:56,20:01
AA_E_TT_CL_SS_6M_1M_05_0,Thermal,2:07,4:24,4:31,4:55,4:59,7:26,7:32,8:10,8:16,10:22,10:27,11:10,11:15,13:24,13:31,14:02,14:05,16:24,16:27,16:59,17:04,19:24,19:41,19:55,20:00
AA_E_TT_CL_SS_6M_1M_05_0,Lidar,1:37,3:54,4:01,4:25,4:29,6:56,7:02,7:40,7:46,9:52,9:57,10:40,10:45,12:54,13:01,13:32,13:35,15:54,15:57,16:29,16:34,18:54,19:11,19:25,19:30
AA_E_TT_CL_SS_6M_50CM_01_0,IR,0:54,3:04,3:16,3:36,3:39,6:03,6:33,6:49,6:54,9:05,9:10,9:42,9:47,12:04,12:13,12:42,12:42,15:05,15:13,15:41,15:47,18:03,18:22,18:32,18:34
AA_E_TT_CL_SS_6M_50CM_01_0,RGB,0:54,3:04,3:16,3:36,3:39,6:03,6:33,6:49,6:54,9:05,9:10,9:42,9:47,12:04,12:13,12:42,12:42,15:05,15:13,15:41,15:47,18:03,18:22,18:32,18:34
AA_E_TT_CL_SS_6M_50CM_01_0,Depth,0:54,3:04,3:16,3:36,3:39,6:03,6:33,6:49,6:54,9:05,9:10,9:42,9:47,12:04,12:13,12:42,12:42,15:05,15:13,15:41,15:47,18:03,18:22,18:32,18:34
AA_E_TT_CL_SS_6M_50CM_01_0,Thermal,0:48,2:58,3:10,3:30,3:33,5:57,6:27,6:43,6:48,8:59,9:04,9:36,9:41,11:58,12:07,12:36,12:36,14:59,15:07,15:35,15:41,17:57,18:16,18:26,18:28
AA_E_TT_CL_SS_6M_50CM_01_0,Lidar,0:28,2:38,2:50,3:10,3:13,5:37,6:07,6:23,6:28,8:39,8:44,9:16,9:21,11:38,11:47,12:16,12:16,14:39,14:47,15:15,15:21,17:37,17:56,18:06,18:08
AA_E_TT_CL_SS_6M_50CM_03_0,IR,0:32,2:39,2:53,3:15,3:21,5:39,5:44,6:17,6:23,8:39,8:44,9:25,9:30,11:37,11:42,12:18,12:21,14:36,14:42,15:15,15:24,17:41,18:02,18:12,18:17
AA_E_TT_CL_SS_6M_50CM_03_0,RGB,0:32,2:39,2:53,3:15,3:21,5:39,5:44,6:17,6:23,8:39,8:44,9:25,9:30,11:37,11:42,12:18,12:21,14:36,14:42,15:15,15:24,17:41,18:02,18:12,18:17
AA_E_TT_CL_SS_6M_50CM_03_0,Depth,0:32,2:39,2:53,3:15,3:21,5:39,5:44,6:17,6:23,8:39,8:44,9:25,9:30,11:37,11:42,12:18,12:21,14:36,14:42,15:15,15:24,17:41,18:02,18:12,18:17
AA_E_TT_CL_SS_6M_50CM_03_0,Thermal,0:33,2:37,2:51,3:13,3:19,5:37,5:42,6:15,6:21,8:37,8:42,9:23,9:28,11:35,11:40,12:16,12:19,14:34,14:40,15:13,15:22,17:39,18:00,18:10,18:15
AA_E_TT_CL_SS_6M_50CM_03_0,Lidar,0:24,2:28,2:42,3:04,3:10,5:28,5:33,6:06,6:12,8:28,8:33,9:14,9:19,11:26,11:31,12:07,12:10,14:25,14:31,15:04,15:13,17:30,17:51,18:01,18:06
AA_E_TT_CL_SS_6M_50CM_05_0,IR,0:52,3:09,3:16,3:40,3:44,6:11,6:17,6:55,7:01,9:07,9:12,9:55,10:00,12:09,12:16,12:47,12:50,15:09,15:12,15:44,15:49,18:09,18:26,18:40,18:45
AA_E_TT_CL_SS_6M_50CM_05_0,RGB,0:52,3:09,3:16,3:40,3:44,6:11,6:17,6:55,7:01,9:07,9:12,9:55,10:00,12:09,12:16,12:47,12:50,15:09,15:12,15:44,15:49,18:09,18:26,18:40,18:45
AA_E_TT_CL_SS_6M_50CM_05_0,Depth,0:52,3:09,3:16,3:40,3:44,6:11,6:17,6:55,7:01,9:07,9:12,9:55,10:00,12:09,12:16,12:47,12:50,15:09,15:12,15:44,15:49,18:09,18:26,18:40,18:45
AA_E_TT_CL_SS_6M_50CM_05_0,Thermal,0:49,3:06,3:13,3:37,3:41,6:08,6:14,6:52,6:58,9:04,9:09,9:52,9:57,12:06,12:13,12:44,12:47,15:06,15:09,15:41,15:46,18:06,18:23,18:37,18:42
AA_E_TT_CL_SS_6M_50CM_05_0,Lidar,0:38,2:55,3:02,3:26,3:30,5:57,6:03,6:41,6:47,8:53,8:58,9:41,9:46,11:55,12:02,12:33,12:36,14:55,14:58,15:30,15:35,17:55,18:12,18:26,18:31
AA_E_TT_CL_SS_8M_1M_01_1,IR,1:01,3:11,3:24,3:44,3:49,6:10,6:12,6:41,6:54,9:06,9:11,9:43,9:48,12:04,12:13,12:44,12:44,15:07,15:16,15:37,15:45,18:07,18:20,18:33,18:38
AA_E_TT_CL_SS_8M_1M_01_1,RGB,1:01,3:11,3:24,3:44,3:49,6:10,6:12,6:41,6:54,9:06,9:11,9:43,9:48,12:04,12:13,12:44,12:44,15:07,15:16,15:37,15:45,18:07,18:20,18:33,18:38
AA_E_TT_CL_SS_8M_1M_01_1,Depth,1:01,3:11,3:24,3:44,3:49,6:10,6:12,6:41,6:54,9:06,9:11,9:43,9:48,12:04,12:13,12:44,12:44,15:07,15:16,15:37,15:45,18:07,18:20,18:33,18:38
AA_E_TT_CL_SS_8M_1M_01_1,Thermal,1:00,3:10,3:23,3:43,3:48,6:09,6:11,6:40,6:53,9:05,9:10,9:42,9:47,12:03,12:12,12:43,12:43,15:06,15:15,15:36,15:44,18:06,18:19,18:32,18:37
AA_E_TT_CL_SS_8M_1M_01_1,Lidar,0:49,2:59,3:12,3:32,3:37,5:58,6:00,6:29,6:42,8:54,8:59,9:31,9:36,11:52,12:01,12:32,12:32,14:55,15:04,15:25,15:33,17:55,18:08,18:21,18:26
AA_E_TT_CL_SS_8M_1M_03_0,IR,0:40,2:50,3:01,3:25,3:32,5:48,5:59,6:31,6:37,8:50,8:55,9:31,9:36,11:50,12:06,12:27,12:27,14:49,14:56,15:25,15:31,17:49,18:09,18:28,18:34
AA_E_TT_CL_SS_8M_1M_03_0,RGB,0:40,2:50,3:01,3:25,3:32,5:48,5:59,6:31,6:37,8:50,8:55,9:31,9:36,11:50,12:06,12:27,12:27,14:49,14:56,15:25,15:31,17:49,18:09,18:28,18:34
AA_E_TT_CL_SS_8M_1M_03_0,Depth,0:40,2:50,3:01,3:25,3:32,5:48,5:59,6:31,6:37,8:50,8:55,9:31,9:36,11:50,12:06,12:27,12:27,14:49,14:56,15:25,15:31,17:49,18:09,18:28,18:34
AA_E_TT_CL_SS_8M_1M_03_0,Thermal,0:38,2:48,2:59,3:23,3:30,5:46,5:57,6:29,6:35,8:48,8:53,9:29,9:34,11:48,12:04,12:25,12:25,14:47,14:54,15:23,15:29,17:47,18:07,18:26,18:32
AA_E_TT_CL_SS_8M_1M_03_0,Lidar,0:26,2:36,2:47,3:11,3:18,5:34,5:45,6:17,6:23,8:36,8:41,9:17,9:22,11:36,11:52,12:13,12:13,14:35,14:42,15:11,15:17,17:35,17:55,18:14,18:20
AA_E_TT_CL_SS_8M_1M_05_0,IR,0:52,3:03,3:11,3:32,3:38,6:02,6:09,6:31,6:42,9:01,9:06,9:45,9:50,12:00,12:07,12:45,12:49,15:01,15:12,15:37,15:44,18:04,18:17,18:28,18:32
AA_E_TT_CL_SS_8M_1M_05_0,RGB,0:52,3:03,3:11,3:32,3:38,6:02,6:09,6:31,6:42,9:01,9:06,9:45,9:50,12:00,12:07,12:45,12:49,15:01,15:12,15:37,15:44,18:04,18:17,18:28,18:32
AA_E_TT_CL_SS_8M_1M_05_0,Depth,0:52,3:03,3:11,3:32,3:38,6:02,6:09,6:31,6:42,9:01,9:06,9:45,9:50,12:00,12:07,12:45,12:49,15:01,15:12,15:37,15:44,18:04,18:17,18:28,18:32
AA_E_TT_CL_SS_8M_1M_05_0,Thermal,0:51,3:02,3:10,3:31,3:37,6:01,6:08,6:30,6:41,9:00,9:05,9:44,9:49,11:59,12:06,12:44,12:48,15:00,15:11,15:36,15:43,18:03,18:16,18:27,18:31
AA_E_TT_CL_SS_8M_1M_05_0,Lidar,0:43,2:54,3:02,3:23,3:29,5:53,6:00,6:22,6:33,8:52,8:57,9:36,9:41,11:51,11:58,12:36,12:40,14:52,15:03,15:28,15:35,17:55,18:08,18:19,18:23
AA_E_TT_CL_SS_8M_50CM_01_0,IR,0:54,3:04,3:17,3:37,3:42,6:03,6:05,6:34,6:47,8:59,9:04,9:36,9:41,11:57,12:06,12:37,12:37,15:00,15:09,15:30,15:38,18:00,18:13,18:26,18:31
AA_E_TT_CL_SS_8M_50CM_01_0,RGB,0:54,3:04,3:17,3:37,3:42,6:03,6:05,6:34,6:47,8:59,9:04,9:36,9:41,11:57,12:06,12:37,12:37,15:00,15:09,15:30,15:38,18:00,18:13,18:26,18:31
AA_E_TT_CL_SS_8M_50CM_01_0,Depth,0:54,3:04,3:17,3:37,3:42,6:03,6:05,6:34,6:47,8:59,9:04,9:36,9:41,11:57,12:06,12:37,12:37,15:00,15:09,15:30,15:38,18:00,18:13,18:26,18:31
AA_E_TT_CL_SS_8M_50CM_01_0,Thermal,0:50,3:00,3:13,3:33,3:38,5:59,6:01,6:30,6:43,8:55,9:00,9:32,9:37,11:53,12:02,12:33,12:33,14:56,15:05,15:26,15:34,17:56,18:09,18:22,18:27
AA_E_TT_CL_SS_8M_50CM_01_0,Lidar,0:32,2:42,2:55,3:15,3:20,5:41,5:43,6:12,6:25,8:37,8:42,9:14,9:19,11:35,11:44,12:15,12:15,14:38,14:47,15:08,15:16,17:38,17:51,18:04,18:09
AA_E_TT_CL_SS_8M_50CM_03_0,IR,0:40,2:50,3:01,3:25,3:32,5:48,5:59,6:31,6:37,8:50,8:55,9:31,9:36,11:50,12:06,12:27,12:27,14:49,14:56,15:25,15:31,17:49,18:09,18:28,18:34
AA_E_TT_CL_SS_8M_50CM_03_0,RGB,0:40,2:50,3:01,3:25,3:32,5:48,5:59,6:31,6:37,8:50,8:55,9:31,9:36,11:50,12:06,12:27,12:27,14:49,14:56,15:25,15:31,17:49,18:09,18:28,18:34
AA_E_TT_CL_SS_8M_50CM_03_0,Depth,0:40,2:50,3:01,3:25,3:32,5:48,5:59,6:31,6:37,8:50,8:55,9:31,9:36,11:50,12:06,12:27,12:27,14:49,14:56,15:25,15:31,17:49,18:09,18:28,18:34
AA_E_TT_CL_SS_8M_50CM_03_0,Thermal,0:38,2:48,2:59,3:23,3:30,5:46,5:57,6:29,6:35,8:48,8:53,9:29,9:34,11:48,12:04,12:25,12:25,14:47,14:54,15:23,15:29,17:47,18:07,18:26,18:32
AA_E_TT_CL_SS_8M_50CM_03_0,Lidar,0:25,2:35,2:46,3:10,3:17,5:33,5:44,6:16,6:22,8:35,8:40,9:16,9:21,11:35,11:51,12:12,12:12,14:34,14:41,15:10,15:16,17:34,17:54,18:13,18:19
AA_E_TT_CL_SS_8M_50CM_05_0,IR,0:43,2:54,3:02,3:23,3:29,5:53,6:00,6:22,6:33,8:52,8:57,9:36,9:41,11:51,11:58,12:36,12:40,14:52,15:03,15:28,15:35,17:55,18:08,18:19,18:23
AA_E_TT_CL_SS_8M_50CM_05_0,RGB,0:43,2:54,3:02,3:23,3:29,5:53,6:00,6:22,6:33,8:52,8:57,9:36,9:41,11:51,11:58,12:36,12:40,14:52,15:03,15:28,15:35,17:55,18:08,18:19,18:23
AA_E_TT_CL_SS_8M_50CM_05_0,Depth,0:43,2:54,3:02,3:23,3:29,5:53,6:00,6:22,6:33,8:52,8:57,9:36,9:41,11:51,11:58,12:36,12:40,14:52,15:03,15:28,15:35,17:55,18:08,18:19,18:23
AA_E_TT_CL_SS_8M_50CM_05_0,Thermal,0:41,2:52,3:00,3:21,3:27,5:51,5:58,6:20,6:31,8:50,8:55,9:34,9:39,11:49,11:56,12:34,12:38,14:50,15:01,15:26,15:33,17:53,18:06,18:17,18:21
AA_E_TT_CL_SS_8M_50CM_05_0,Lidar,0:30,2:41,2:49,3:10,3:16,5:40,5:47,6:09,6:20,8:39,8:44,9:23,9:28,11:38,11:45,12:23,12:27,14:39,14:50,15:15,15:22,17:42,17:55,18:06,18:10
AA_E_TT_CL_SS_S_1M_01_1,IR,0:50,3:01,3:12,3:31,3:33,6:01,6:27,6:34,6:39,9:00,9:05,9:30,9:35,11:58,12:07,12:24,12:24,14:59,15:05,15:27,15:32,18:00,18:17,18:22,18:25
AA_E_TT_CL_SS_S_1M_01_1,RGB,0:50,3:01,3:12,3:31,3:33,6:01,6:27,6:34,6:39,9:00,9:05,9:30,9:35,11:58,12:07,12:24,12:24,14:59,15:05,15:27,15:32,18:00,18:17,18:22,18:25
AA_E_TT_CL_SS_S_1M_01_1,Depth,0:50,3:01,3:12,3:31,3:33,6:01,6:27,6:34,6:39,9:00,9:05,9:30,9:35,11:58,12:07,12:24,12:24,14:59,15:05,15:27,15:32,18:00,18:17,18:22,18:25
AA_E_TT_CL_SS_S_1M_01_1,Thermal,0:42,2:53,3:04,3:23,3:25,5:53,6:19,6:26,6:31,8:52,8:57,9:22,9:27,11:50,11:59,12:16,12:16,14:51,14:57,15:19,15:24,17:52,18:09,18:14,18:17
AA_E_TT_CL_SS_S_1M_01_1,Lidar,0:24,2:35,2:46,3:05,3:07,5:35,6:01,6:08,6:13,8:34,8:39,9:04,9:09,11:32,11:41,11:58,11:58,14:33,14:39,15:01,15:06,17:34,17:51,17:56,17:59
AA_E_TT_CL_SS_S_1M_03_0,IR,0:51,3:26,3:35,4:00,4:05,6:29,6:34,6:53,7:03,9:28,9:33,10:09,10:14,12:24,12:40,13:04,13:06,15:26,15:30,16:04,16:08,18:26,18:42,18:58,19:05
AA_E_TT_CL_SS_S_1M_03_0,RGB,0:51,3:26,3:35,4:00,4:05,6:29,6:34,6:53,7:03,9:28,9:33,10:09,10:14,12:24,12:40,13:04,13:06,15:26,15:30,16:04,16:08,18:26,18:42,18:58,19:05
AA_E_TT_CL_SS_S_1M_03_0,Depth,0:51,3:26,3:35,4:00,4:05,6:29,6:34,6:53,7:03,9:28,9:33,10:09,10:14,12:24,12:40,13:04,13:06,15:26,15:30,16:04,16:08,18:26,18:42,18:58,19:05
AA_E_TT_CL_SS_S_1M_03_0,Thermal,0:50,3:25,3:34,3:59,4:04,6:28,6:33,6:52,7:02,9:27,9:32,10:08,10:13,12:23,12:39,13:03,13:05,15:25,15:29,16:03,16:07,18:25,18:41,18:57,19:04
AA_E_TT_CL_SS_S_1M_03_0,Lidar,0:42,3:17,3:26,3:51,3:56,6:20,6:25,6:44,6:54,9:19,9:24,10:00,10:05,12:15,12:31,12:55,12:57,15:17,15:21,15:55,15:59,18:17,18:33,18:49,18:56
AA_E_TT_CL_SS_S_1M_05_0,IR,1:17,3:45,3:51,4:23,4:27,6:43,6:47,7:25,7:25,9:41,9:46,10:24,10:29,12:36,12:47,13:21,13:25,15:43,15:49,16:22,16:26,18:44,18:58,19:13,19:16
AA_E_TT_CL_SS_S_1M_05_0,RGB,1:17,3:45,3:51,4:23,4:27,6:43,6:47,7:25,7:25,9:41,9:46,10:24,10:29,12:36,12:47,13:21,13:25,15:43,15:49,16:22,16:26,18:44,18:58,19:13,19:16
AA_E_TT_CL_SS_S_1M_05_0,Depth,1:17,3:45,3:51,4:23,4:27,6:43,6:47,7:25,7:25,9:41,9:46,10:24,10:29,12:36,12:47,13:21,13:25,15:43,15:49,16:22,16:26,18:44,18:58,19:13,19:16
AA_E_TT_CL_SS_S_1M_05_0,Thermal,1:14,3:42,3:48,4:20,4:24,6:40,6:44,7:22,7:22,9:38,9:43,10:21,10:26,12:33,12:44,13:18,13:22,15:40,15:46,16:19,16:23,18:41,18:55,19:10,19:13
AA_E_TT_CL_SS_S_1M_05_0,Lidar,1:01,3:29,3:35,4:07,4:11,6:27,6:31,7:09,7:09,9:25,9:30,10:08,10:13,12:20,12:31,13:05,13:09,15:27,15:33,16:06,16:10,18:28,18:42,18:57,19:00
AA_E_TT_CL_SS_S_50CM_01_0,IR,0:40,2:49,2:54,3:21,3:23,5:49,6:04,6:20,6:29,8:50,8:55,9:14,9:19,11:51,11:55,12:19,12:19,15:41,15:49,16:09,16:13,18:48,19:03,19:14,19:17
AA_E_TT_CL_SS_S_50CM_01_0,RGB,0:40,2:49,2:54,3:21,3:23,5:49,6:04,6:20,6:29,8:50,8:55,9:14,9:19,11:51,11:55,12:19,12:19,15:41,15:49,16:09,16:13,18:48,19:03,19:14,19:17
AA_E_TT_CL_SS_S_50CM_01_0,Depth,0:40,2:49,2:54,3:21,3:23,5:49,6:04,6:20,6:29,8:50,8:55,9:14,9:19,11:51,11:55,12:19,12:19,15:41,15:49,16:09,16:13,18:48,19:03,19:14,19:17
AA_E_TT_CL_SS_S_50CM_01_0,Thermal,0:40,2:49,2:54,3:21,3:23,5:49,6:04,6:20,6:29,8:50,8:55,9:14,9:19,11:51,11:55,12:19,12:19,15:41,15:49,16:09,16:13,18:48,19:03,19:14,19:17
AA_E_TT_CL_SS_S_50CM_01_0,Lidar,0:26,2:35,2:40,3:07,3:09,5:35,5:50,6:06,6:15,8:36,8:41,9:00,9:05,11:37,11:41,12:05,12:05,15:27,15:35,15:55,15:59,18:34,18:49,19:00,19:03
AA_E_TT_CL_SS_S_50CM_03_0,IR,0:48,3:23,3:32,3:57,4:02,6:26,6:31,6:50,7:00,9:25,9:30,10:06,10:11,12:21,12:37,13:01,13:03,15:23,15:27,16:01,16:05,18:23,18:39,18:55,19:02
AA_E_TT_CL_SS_S_50CM_03_0,RGB,0:48,3:23,3:32,3:57,4:02,6:26,6:31,6:50,7:00,9:25,9:30,10:06,10:11,12:21,12:37,13:01,13:03,15:23,15:27,16:01,16:05,18:23,18:39,18:55,19:02
AA_E_TT_CL_SS_S_50CM_03_0,Depth,0:48,3:23,3:32,3:57,4:02,6:26,6:31,6:50,7:00,9:25,9:30,10:06,10:11,12:21,12:37,13:01,13:03,15:23,15:27,16:01,16:05,18:23,18:39,18:55,19:02
AA_E_TT_CL_SS_S_50CM_03_0,Thermal,0:47,3:22,3:31,3:56,4:01,6:25,6:30,6:49,6:59,9:24,9:29,10:05,10:10,12:20,12:36,13:00,13:02,15:22,15:26,16:00,16:04,18:22,18:38,18:54,19:01
AA_E_TT_CL_SS_S_50CM_03_0,Lidar,0:37,3:12,3:21,3:46,3:51,6:15,6:20,6:39,6:49,9:14,9:19,9:55,10:00,12:10,12:26,12:50,12:52,15:12,15:16,15:50,15:54,18:12,18:28,18:44,18:51
AA_E_TT_CL_SS_S_50CM_05_0,IR,1:11,3:39,3:45,4:17,4:21,6:37,6:41,7:19,7:19,9:35,9:40,10:18,10:23,12:30,12:41,13:15,13:19,15:37,15:43,16:16,16:20,18:38,18:52,19:07,19:10
AA_E_TT_CL_SS_S_50CM_05_0,RGB,1:11,3:39,3:45,4:17,4:21,6:37,6:41,7:19,7:19,9:35,9:40,10:18,10:23,12:30,12:41,13:15,13:19,15:37,15:43,16:16,16:20,18:38,18:52,19:07,19:10
AA_E_TT_CL_SS_S_50CM_05_0,Depth,1:11,3:39,3:45,4:17,4:21,6:37,6:41,7:19,7:19,9:35,9:40,10:18,10:23,12:30,12:41,13:15,13:19,15:37,15:43,16:16,16:20,18:38,18:52,19:07,19:10
AA_E_TT_CL_SS_S_50CM_05_0,Thermal,1:09,3:37,3:43,4:15,4:19,6:35,6:39,7:17,7:17,9:33,9:38,10:16,10:21,12:28,12:39,13:13,13:17,15:35,15:41,16:14,16:18,18:36,18:50,19:05,19:08
AA_E_TT_CL_SS_S_50CM_05_0,Lidar,0:58,3:26,3:32,4:04,4:08,6:24,6:28,7:06,7:06,9:22,9:27,10:05,10:10,12:17,12:28,13:02,13:06,15:24,15:30,16:03,16:07,18:25,18:39,18:54,18:57
AA_E_TT_FG_DY_6M_1M_01_1,IR,0:37,2:44,2:51,3:14,3:21,5:44,5:52,6:16,6:25,8:44,8:49,9:21,9:26,11:45,11:50,12:25,12:25,14:45,14:51,15:17,15:22,17:43,18:03,18:08,18:11
AA_E_TT_FG_DY_6M_1M_01_1,RGB,0:37,2:44,2:51,3:14,3:21,5:44,5:52,6:16,6:25,8:44,8:49,9:21,9:26,11:45,11:50,12:25,12:25,14:45,14:51,15:17,15:22,17:43,18:03,18:08,18:11
AA_E_TT_FG_DY_6M_1M_01_1,Depth,0:37,2:44,2:51,3:14,3:21,5:44,5:52,6:16,6:25,8:44,8:49,9:21,9:26,11:45,11:50,12:25,12:25,14:45,14:51,15:17,15:22,17:43,18:03,18:08,18:11
AA_E_TT_FG_DY_6M_1M_01_1,Thermal,0:35,2:42,2:49,3:12,3:19,5:42,5:50,6:14,6:23,8:42,8:47,9:19,9:24,11:43,11:48,12:23,12:23,14:43,14:49,15:15,15:20,17:41,18:01,18:06,18:09
AA_E_TT_FG_DY_6M_1M_01_1,Lidar,0:21,2:28,2:35,2:58,3:05,5:28,5:36,6:00,6:09,8:28,8:33,9:05,9:10,11:29,11:34,12:09,12:09,14:29,14:35,15:01,15:06,17:27,17:47,17:52,17:55
AA_E_TT_FG_DY_6M_1M_03_1,IR,0:52,3:01,3:10,3:25,3:28,5:59,6:04,6:31,6:34,8:58,9:03,9:27,9:32,11:58,12:04,12:34,12:34,15:00,15:08,15:34,15:41,17:59,18:12,18:19,18:22
AA_E_TT_FG_DY_6M_1M_03_1,RGB,0:52,3:01,3:10,3:25,3:28,5:59,6:04,6:31,6:34,8:58,9:03,9:27,9:32,11:58,12:04,12:34,12:34,15:00,15:08,15:34,15:41,17:59,18:12,18:19,18:22
AA_E_TT_FG_DY_6M_1M_03_1,Depth,0:52,3:01,3:10,3:25,3:28,5:59,6:04,6:31,6:34,8:58,9:03,9:27,9:32,11:58,12:04,12:34,12:34,15:00,15:08,15:34,15:41,17:59,18:12,18:19,18:22
AA_E_TT_FG_DY_6M_1M_03_1,Thermal,0:52,3:01,3:10,3:25,3:28,5:59,6:04,6:31,6:34,8:58,9:03,9:27,9:32,11:58,12:04,12:34,12:34,15:00,15:08,15:34,15:41,17:59,18:12,18:19,18:22
AA_E_TT_FG_DY_6M_1M_03_1,Lidar,0:38,2:47,2:56,3:11,3:14,5:45,5:50,6:17,6:20,8:44,8:49,9:13,9:18,11:44,11:50,12:20,12:20,14:46,14:54,15:20,15:27,17:45,17:58,18:05,18:08
AA_E_TT_FG_DY_6M_1M_05_0,IR,1:02,3:13,3:21,3:50,3:55,6:10,6:19,6:45,6:49,9:12,9:17,9:50,9:55,12:11,12:24,12:51,12:57,15:10,15:17,15:56,16:00,18:11,18:23,18:45,18:49
AA_E_TT_FG_DY_6M_1M_05_0,RGB,1:02,3:13,3:21,3:50,3:55,6:10,6:19,6:45,6:49,9:12,9:17,9:50,9:55,12:11,12:24,12:51,12:57,15:10,15:17,15:56,16:00,18:11,18:23,18:45,18:49
AA_E_TT_FG_DY_6M_1M_05_0,Depth,1:02,3:13,3:21,3:50,3:55,6:10,6:19,6:45,6:49,9:12,9:17,9:50,9:55,12:11,12:24,12:51,12:57,15:10,15:17,15:56,16:00,18:11,18:23,18:45,18:49
AA_E_TT_FG_DY_6M_1M_05_0,Thermal,1:01,3:12,3:20,3:49,3:54,6:09,6:18,6:44,6:48,9:11,9:16,9:49,9:54,12:10,12:23,12:50,12:56,15:09,15:16,15:55,15:59,18:10,18:22,18:44,18:48
AA_E_TT_FG_DY_6M_1M_05_0,Lidar,0:49,3:00,3:08,3:37,3:42,5:57,6:06,6:32,6:36,8:59,9:04,9:37,9:42,11:58,12:11,12:38,12:44,14:57,15:04,15:43,15:47,17:58,18:10,18:32,18:36
AA_E_TT_FG_DY_6M_1M_07_0,IR,0:53,3:00,3:07,3:40,3:45,6:00,6:05,6:38,6:42,9:02,9:07,9:42,9:47,15:00,15:07,15:47,15:50,18:01,18:03,18:39,18:45,21:01,21:13,21:38,21:42
AA_E_TT_FG_DY_6M_1M_07_0,RGB,0:53,3:00,3:07,3:40,3:45,6:00,6:05,6:38,6:42,9:02,9:07,9:42,9:47,15:00,15:07,15:47,15:50,18:01,18:03,18:39,18:45,21:01,21:13,21:38,21:42
AA_E_TT_FG_DY_6M_1M_07_0,Depth,0:53,3:00,3:07,3:40,3:45,6:00,6:05,6:38,6:42,9:02,9:07,9:42,9:47,15:00,15:07,15:47,15:50,18:01,18:03,18:39,18:45,21:01,21:13,21:38,21:42
AA_E_TT_FG_DY_6M_1M_07_0,Thermal,0:50,2:57,3:04,3:37,3:42,5:57,6:02,6:35,6:39,8:59,9:04,9:39,9:44,14:57,15:04,15:44,15:47,17:58,18:00,18:36,18:42,20:58,21:10,21:35,21:39
AA_E_TT_FG_DY_6M_1M_07_0,Lidar,0:43,2:50,2:57,3:30,3:35,5:50,5:55,6:28,6:32,8:52,8:57,9:32,9:37,14:50,14:57,15:37,15:40,17:51,17:53,18:29,18:35,20:51,21:03,21:28,21:32
AA_E_TT_FG_DY_6M_50CM_01_0,IR,0:37,2:44,2:51,3:14,3:21,5:44,5:52,6:16,6:25,8:44,8:49,9:21,9:26,11:45,11:50,12:25,12:25,14:45,14:51,15:17,15:22,17:43,18:03,18:08,18:11
AA_E_TT_FG_DY_6M_50CM_01_0,RGB,0:37,2:44,2:51,3:14,3:21,5:44,5:52,6:16,6:25,8:44,8:49,9:21,9:26,11:45,11:50,12:25,12:25,14:45,14:51,15:17,15:22,17:43,18:03,18:08,18:11
AA_E_TT_FG_DY_6M_50CM_01_0,Depth,0:37,2:44,2:51,3:14,3:21,5:44,5:52,6:16,6:25,8:44,8:49,9:21,9:26,11:45,11:50,12:25,12:25,14:45,14:51,15:17,15:22,17:43,18:03,18:08,18:11
AA_E_TT_FG_DY_6M_50CM_01_0,Thermal,0:33,2:40,2:47,3:10,3:17,5:40,5:48,6:12,6:21,8:40,8:45,9:17,9:22,11:41,11:46,12:21,12:21,14:41,14:47,15:13,15:18,17:39,17:59,18:04,18:07
AA_E_TT_FG_DY_6M_50CM_01_0,Lidar,0:17,2:24,2:31,2:54,3:01,5:24,5:32,5:56,6:05,8:24,8:29,9:01,9:06,11:25,11:30,12:05,12:05,14:25,14:31,14:57,15:02,17:23,17:43,17:48,17:51
AA_E_TT_FG_DY_6M_50CM_03_0,IR,0:45,2:54,3:03,3:18,3:21,5:52,5:57,6:24,6:27,8:51,8:56,9:20,9:25,11:51,11:57,12:27,12:27,14:53,15:01,15:27,15:34,17:52,18:05,18:12,18:15
AA_E_TT_FG_DY_6M_50CM_03_0,RGB,0:45,2:54,3:03,3:18,3:21,5:52,5:57,6:24,6:27,8:51,8:56,9:20,9:25,11:51,11:57,12:27,12:27,14:53,15:01,15:27,15:34,17:52,18:05,18:12,18:15
AA_E_TT_FG_DY_6M_50CM_03_0,Depth,0:45,2:54,3:03,3:18,3:21,5:52,5:57,6:24,6:27,8:51,8:56,9:20,9:25,11:51,11:57,12:27,12:27,14:53,15:01,15:27,15:34,17:52,18:05,18:12,18:15
AA_E_TT_FG_DY_6M_50CM_03_0,Thermal,0:37,2:46,2:55,3:10,3:13,5:44,5:49,6:16,6:19,8:43,8:48,9:12,9:17,11:43,11:49,12:19,12:19,14:45,14:53,15:19,15:26,17:44,17:57,18:04,18:07
AA_E_TT_FG_DY_6M_50CM_03_0,Lidar,0:21,2:30,2:39,2:54,2:57,5:28,5:33,6:00,6:03,8:27,8:32,8:56,9:01,11:27,11:33,12:03,12:03,14:29,14:37,15:03,15:10,17:28,17:41,17:48,17:51
AA_E_TT_FG_DY_6M_50CM_05_0,IR,1:01,3:12,3:20,3:49,3:54,6:09,6:18,6:44,6:48,9:11,9:16,9:49,9:54,12:10,12:23,12:50,12:56,15:09,15:16,15:55,15:59,18:10,18:22,18:44,18:48
AA_E_TT_FG_DY_6M_50CM_05_0,RGB,1:01,3:12,3:20,3:49,3:54,6:09,6:18,6:44,6:48,9:11,9:16,9:49,9:54,12:10,12:23,12:50,12:56,15:09,15:16,15:55,15:59,18:10,18:22,18:44,18:48
AA_E_TT_FG_DY_6M_50CM_05_0,Depth,1:01,3:12,3:20,3:49,3:54,6:09,6:18,6:44,6:48,9:11,9:16,9:49,9:54,12:10,12:23,12:50,12:56,15:09,15:16,15:55,15:59,18:10,18:22,18:44,18:48
AA_E_TT_FG_DY_6M_50CM_05_0,Thermal,0:58,3:09,3:17,3:46,3:51,6:06,6:15,6:41,6:45,9:08,9:13,9:46,9:51,12:07,12:20,12:47,12:53,15:06,15:13,15:52,15:56,18:07,18:19,18:41,18:45
AA_E_TT_FG_DY_6M_50CM_05_0,Lidar,0:46,2:57,3:05,3:34,3:39,5:54,6:03,6:29,6:33,8:56,9:01,9:34,9:39,11:55,12:08,12:35,12:41,14:54,15:01,15:40,15:44,17:55,18:07,18:29,18:33
AA_E_TT_FG_DY_6M_50CM_07_0,IR,0:44,2:51,2:58,3:31,3:36,5:51,5:56,6:29,6:33,8:53,8:58,9:33,9:38,14:51,14:58,15:38,15:41,17:52,17:54,18:30,18:36,20:52,21:04,21:29,21:33
AA_E_TT_FG_DY_6M_50CM_07_0,RGB,0:44,2:51,2:58,3:31,3:36,5:51,5:56,6:29,6:33,8:53,8:58,9:33,9:38,14:51,14:58,15:38,15:41,17:52,17:54,18:30,18:36,20:52,21:04,21:29,21:33
AA_E_TT_FG_DY_6M_50CM_07_0,Depth,0:44,2:51,2:58,3:31,3:36,5:51,5:56,6:29,6:33,8:53,8:58,9:33,9:38,14:51,14:58,15:38,15:41,17:52,17:54,18:30,18:36,20:52,21:04,21:29,21:33
AA_E_TT_FG_DY_6M_50CM_07_0,Thermal,0:46,2:53,3:00,3:33,3:38,5:53,5:58,6:31,6:35,8:55,9:00,9:35,9:40,14:53,15:00,15:40,15:43,17:54,17:56,18:32,18:38,20:54,21:06,21:31,21:35
AA_E_TT_FG_DY_6M_50CM_07_0,Lidar,0:38,2:45,2:52,3:25,3:30,5:45,5:50,6:23,6:27,8:47,8:52,9:27,9:32,14:45,14:52,15:32,15:35,17:46,17:48,18:24,18:30,20:46,20:58,21:23,21:27
AA_E_TT_FG_DY_8M_1M_01_1,IR,0:43,2:52,2:58,3:17,3:26,5:54,6:14,6:28,6:36,8:53,8:58,9:27,9:32,11:52,12:02,12:23,12:23,14:51,15:00,15:19,15:24,17:51,17:58,18:13,18:17
AA_E_TT_FG_DY_8M_1M_01_1,RGB,0:43,2:52,2:58,3:17,3:26,5:54,6:14,6:28,6:36,8:53,8:58,9:27,9:32,11:52,12:02,12:23,12:23,14:51,15:00,15:19,15:24,17:51,17:58,18:13,18:17
AA_E_TT_FG_DY_8M_1M_01_1,Depth,0:43,2:52,2:58,3:17,3:26,5:54,6:14,6:28,6:36,8:53,8:58,9:27,9:32,11:52,12:02,12:23,12:23,14:51,15:00,15:19,15:24,17:51,17:58,18:13,18:17
AA_E_TT_FG_DY_8M_1M_01_1,Thermal,0:42,2:51,2:57,3:16,3:25,5:53,6:13,6:27,6:35,8:52,8:57,9:26,9:31,11:51,12:01,12:22,12:22,14:50,14:59,15:18,15:23,17:50,17:57,18:12,18:16
AA_E_TT_FG_DY_8M_1M_01_1,Lidar,0:32,2:41,2:47,3:06,3:15,5:43,6:03,6:17,6:25,8:42,8:47,9:16,9:21,11:41,11:51,12:12,12:12,14:40,14:49,15:08,15:13,17:40,17:47,18:02,18:06
AA_E_TT_FG_DY_8M_1M_03_0,IR,1:23,3:33,3:44,4:12,4:15,6:30,6:41,7:06,7:13,10:00,10:05,10:48,10:53,12:59,13:08,13:33,13:35,16:01,16:10,16:38,16:45,19:13,19:30,19:55,20:00
AA_E_TT_FG_DY_8M_1M_03_0,RGB,1:23,3:33,3:44,4:12,4:15,6:30,6:41,7:06,7:13,10:00,10:05,10:48,10:53,12:59,13:08,13:33,13:35,16:01,16:10,16:38,16:45,19:13,19:30,19:55,20:00
AA_E_TT_FG_DY_8M_1M_03_0,Depth,1:23,3:33,3:44,4:12,4:15,6:30,6:41,7:06,7:13,10:00,10:05,10:48,10:53,12:59,13:08,13:33,13:35,16:01,16:10,16:38,16:45,19:13,19:30,19:55,20:00
AA_E_TT_FG_DY_8M_1M_03_0,Thermal,1:21,3:31,3:42,4:10,4:13,6:28,6:39,7:04,7:11,9:58,10:03,10:46,10:51,12:57,13:06,13:31,13:33,15:59,16:08,16:36,16:43,19:11,19:28,19:53,19:58
AA_E_TT_FG_DY_8M_1M_03_0,Lidar,1:14,3:24,3:35,4:03,4:06,6:21,6:32,6:57,7:04,9:51,9:56,10:39,10:44,12:50,12:59,13:24,13:26,15:52,16:01,16:29,16:36,19:04,19:21,19:46,19:51
AA_E_TT_FG_DY_8M_1M_05_0,IR,1:19,4:03,4:15,4:41,4:47,7:04,7:11,7:44,7:51,10:05,10:10,10:53,10:58,13:03,13:10,13:47,13:52,16:03,16:15,16:43,16:50,19:07,19:36,19:47,19:50
AA_E_TT_FG_DY_8M_1M_05_0,RGB,1:19,4:03,4:15,4:41,4:47,7:04,7:11,7:44,7:51,10:05,10:10,10:53,10:58,13:03,13:10,13:47,13:52,16:03,16:15,16:43,16:50,19:07,19:36,19:47,19:50
AA_E_TT_FG_DY_8M_1M_05_0,Depth,1:19,4:03,4:15,4:41,4:47,7:04,7:11,7:44,7:51,10:05,10:10,10:53,10:58,13:03,13:10,13:47,13:52,16:03,16:15,16:43,16:50,19:07,19:36,19:47,19:50
AA_E_TT_FG_DY_8M_1M_05_0,Thermal,1:15,3:59,4:11,4:37,4:43,7:00,7:07,7:40,7:47,10:01,10:06,10:49,10:54,12:59,13:06,13:43,13:48,15:59,16:11,16:39,16:46,19:03,19:32,19:43,19:46
AA_E_TT_FG_DY_8M_1M_05_0,Lidar,1:04,3:48,4:00,4:26,4:32,6:49,6:56,7:29,7:36,9:50,9:55,10:38,10:43,12:48,12:55,13:32,13:37,15:48,16:00,16:28,16:35,18:52,19:21,19:32,19:35
AA_E_TT_FG_DY_8M_50CM_01_0,IR,0:43,2:52,2:58,3:17,3:26,5:54,6:14,6:28,6:36,8:53,8:58,9:27,9:32,11:52,12:02,12:23,12:23,14:51,15:00,15:19,15:24,17:51,17:58,18:13,18:17
AA_E_TT_FG_DY_8M_50CM_01_0,RGB,0:43,2:52,2:58,3:17,3:26,5:54,6:14,6:28,6:36,8:53,8:58,9:27,9:32,11:52,12:02,12:23,12:23,14:51,15:00,15:19,15:24,17:51,17:58,18:13,18:17
AA_E_TT_FG_DY_8M_50CM_01_0,Depth,0:43,2:52,2:58,3:17,3:26,5:54,6:14,6:28,6:36,8:53,8:58,9:27,9:32,11:52,12:02,12:23,12:23,14:51,15:00,15:19,15:24,17:51,17:58,18:13,18:17
AA_E_TT_FG_DY_8M_50CM_01_0,Thermal,0:38,2:47,2:53,3:12,3:21,5:49,6:09,6:23,6:31,8:48,8:53,9:22,9:27,11:47,11:57,12:18,12:18,14:46,14:55,15:14,15:19,17:46,17:53,18:08,18:12
AA_E_TT_FG_DY_8M_50CM_01_0,Lidar,0:26,2:35,2:41,3:00,3:09,5:37,5:57,6:11,6:19,8:36,8:41,9:10,9:15,11:35,11:45,12:06,12:06,14:34,14:43,15:02,15:07,17:34,17:41,17:56,18:00
AA_E_TT_FG_DY_8M_50CM_03_0,IR,1:29,3:39,3:50,4:18,4:21,6:36,6:47,7:12,7:19,10:06,10:11,10:54,10:59,13:05,13:14,13:39,13:41,16:07,16:16,16:44,16:51,19:19,19:36,20:01,20:06
AA_E_TT_FG_DY_8M_50CM_03_0,RGB,1:29,3:39,3:50,4:18,4:21,6:36,6:47,7:12,7:19,10:06,10:11,10:54,10:59,13:05,13:14,13:39,13:41,16:07,16:16,16:44,16:51,19:19,19:36,20:01,20:06
AA_E_TT_FG_DY_8M_50CM_03_0,Depth,1:29,3:39,3:50,4:18,4:21,6:36,6:47,7:12,7:19,10:06,10:11,10:54,10:59,13:05,13:14,13:39,13:41,16:07,16:16,16:44,16:51,19:19,19:36,20:01,20:06
AA_E_TT_FG_DY_8M_50CM_03_0,Thermal,0:44,2:54,3:05,3:33,3:36,5:51,6:02,6:27,6:34,9:21,9:26,10:09,10:14,12:20,12:29,12:54,12:56,15:22,15:31,15:59,16:06,18:34,18:51,19:16,19:21
AA_E_TT_FG_DY_8M_50CM_03_0,Lidar,0:31,2:41,2:52,3:20,3:23,5:38,5:49,6:14,6:21,9:08,9:13,9:56,10:01,12:07,12:16,12:41,12:43,15:09,15:18,15:46,15:53,18:21,18:38,19:03,19:08
AA_E_TT_FG_DY_8M_50CM_05_0,IR,1:13,3:57,4:09,4:35,4:41,6:58,7:05,7:38,7:45,9:59,10:04,10:47,10:52,12:57,13:04,13:41,13:46,15:57,16:09,16:37,16:44,19:01,19:30,19:41,19:44
AA_E_TT_FG_DY_8M_50CM_05_0,RGB,1:13,3:57,4:09,4:35,4:41,6:58,7:05,7:38,7:45,9:59,10:04,10:47,10:52,12:57,13:04,13:41,13:46,15:57,16:09,16:37,16:44,19:01,19:30,19:41,19:44
AA_E_TT_FG_DY_8M_50CM_05_0,Depth,1:13,3:57,4:09,4:35,4:41,6:58,7:05,7:38,7:45,9:59,10:04,10:47,10:52,12:57,13:04,13:41,13:46,15:57,16:09,16:37,16:44,19:01,19:30,19:41,19:44
AA_E_TT_FG_DY_8M_50CM_05_0,Thermal,1:10,3:54,4:06,4:32,4:38,6:55,7:02,7:35,7:42,9:56,10:01,10:44,10:49,12:54,13:01,13:38,13:43,15:54,16:06,16:34,16:41,18:58,19:27,19:38,19:41
AA_E_TT_FG_DY_8M_50CM_05_0,Lidar,0:56,3:40,3:52,4:18,4:24,6:41,6:48,7:21,7:28,9:42,9:47,10:30,10:35,12:40,12:47,13:24,13:29,15:40,15:52,16:20,16:27,18:44,19:13,19:24,19:27
AA_E_TT_FG_DY_S_1M_01_1,IR,0:37,2:46,2:53,3:05,3:09,5:43,5:50,6:15,6:17,8:44,8:49,9:24,9:29,11:41,11:46,12:15,12:15,14:44,14:50,15:10,15:15,17:41,17:47,18:08,18:12
AA_E_TT_FG_DY_S_1M_01_1,RGB,0:37,2:46,2:53,3:05,3:09,5:43,5:50,6:15,6:17,8:44,8:49,9:24,9:29,11:41,11:46,12:15,12:15,14:44,14:50,15:10,15:15,17:41,17:47,18:08,18:12
AA_E_TT_FG_DY_S_1M_01_1,Depth,0:37,2:46,2:53,3:05,3:09,5:43,5:50,6:15,6:17,8:44,8:49,9:24,9:29,11:41,11:46,12:15,12:15,14:44,14:50,15:10,15:15,17:41,17:47,18:08,18:12
AA_E_TT_FG_DY_S_1M_01_1,Thermal,0:37,2:46,2:53,3:05,3:09,5:43,5:50,6:15,6:17,8:44,8:49,9:24,9:29,11:41,11:46,12:15,12:15,14:44,14:50,15:10,15:15,17:41,17:47,18:08,18:12
AA_E_TT_FG_DY_S_1M_01_1,Lidar,0:21,2:30,2:37,2:49,2:53,5:27,5:34,5:59,6:01,8:28,8:33,9:08,9:13,11:25,11:30,11:59,11:59,14:28,14:34,14:54,14:59,17:25,17:31,17:52,17:56
AA_E_TT_FG_DY_S_1M_03_0,IR,1:35,3:51,3:59,4:19,4:24,6:50,6:55,7:26,7:30,9:47,9:52,10:25,10:30,12:45,12:55,13:20,13:27,15:45,15:53,16:32,16:37,18:46,19:03,19:14,19:19
AA_E_TT_FG_DY_S_1M_03_0,RGB,1:35,3:51,3:59,4:19,4:24,6:50,6:55,7:26,7:30,9:47,9:52,10:25,10:30,12:45,12:55,13:20,13:27,15:45,15:53,16:32,16:37,18:46,19:03,19:14,19:19
AA_E_TT_FG_DY_S_1M_03_0,Depth,1:35,3:51,3:59,4:19,4:24,6:50,6:55,7:26,7:30,9:47,9:52,10:25,10:30,12:45,12:55,13:20,13:27,15:45,15:53,16:32,16:37,18:46,19:03,19:14,19:19
AA_E_TT_FG_DY_S_1M_03_0,Thermal,1:33,3:49,3:57,4:17,4:22,6:48,6:53,7:24,7:28,9:45,9:50,10:23,10:28,12:43,12:53,13:18,13:25,15:43,15:51,16:30,16:35,18:44,19:01,19:12,19:17
AA_E_TT_FG_DY_S_1M_03_0,Lidar,1:25,3:41,3:49,4:09,4:14,6:40,6:45,7:16,7:20,9:37,9:42,10:15,10:20,12:35,12:45,13:10,13:17,15:35,15:43,16:22,16:27,18:36,18:53,19:04,19:09
AA_E_TT_FG_DY_S_1M_05_0,IR,1:08,3:54,4:02,4:26,4:32,6:52,7:01,7:43,7:50,10:02,10:07,10:43,10:48,13:00,13:08,13:44,13:49,16:18,16:27,16:59,17:05,19:21,19:33,19:59,20:03
AA_E_TT_FG_DY_S_1M_05_0,RGB,1:08,3:54,4:02,4:26,4:32,6:52,7:01,7:43,7:50,10:02,10:07,10:43,10:48,13:00,13:08,13:44,13:49,16:18,16:27,16:59,17:05,19:21,19:33,19:59,20:03
AA_E_TT_FG_DY_S_1M_05_0,Depth,1:08,3:54,4:02,4:26,4:32,6:52,7:01,7:43,7:50,10:02,10:07,10:43,10:48,13:00,13:08,13:44,13:49,16:18,16:27,16:59,17:05,19:21,19:33,19:59,20:03
AA_E_TT_FG_DY_S_1M_05_0,Thermal,1:06,3:52,4:00,4:24,4:30,6:50,6:59,7:41,7:48,10:00,10:05,10:41,10:46,12:58,13:06,13:42,13:47,16:16,16:25,16:57,17:03,19:19,19:31,19:57,20:01
AA_E_TT_FG_DY_S_1M_05_0,Lidar,0:52,3:38,3:46,4:10,4:16,6:36,6:45,7:27,7:34,9:46,9:51,10:27,10:32,12:44,12:52,13:28,13:33,16:02,16:11,16:43,16:49,19:05,19:17,19:43,19:47
AA_E_TT_FG_DY_S_50CM_01_0,IR,0:37,2:46,2:53,3:05,3:09,5:43,5:50,6:15,6:17,8:44,8:49,9:24,9:29,11:41,11:46,12:15,12:15,14:44,14:50,15:10,15:15,17:41,17:47,18:08,18:12
AA_E_TT_FG_DY_S_50CM_01_0,RGB,0:37,2:46,2:53,3:05,3:09,5:43,5:50,6:15,6:17,8:44,8:49,9:24,9:29,11:41,11:46,12:15,12:15,14:44,14:50,15:10,15:15,17:41,17:47,18:08,18:12
AA_E_TT_FG_DY_S_50CM_01_0,Depth,0:37,2:46,2:53,3:05,3:09,5:43,5:50,6:15,6:17,8:44,8:49,9:24,9:29,11:41,11:46,12:15,12:15,14:44,14:50,15:10,15:15,17:41,17:47,18:08,18:12
AA_E_TT_FG_DY_S_50CM_01_0,Thermal,0:33,2:42,2:49,3:01,3:05,5:39,5:46,6:11,6:13,8:40,8:45,9:20,9:25,11:37,11:42,12:11,12:11,14:40,14:46,15:06,15:11,17:37,17:43,18:04,18:08
AA_E_TT_FG_DY_S_50CM_01_0,Lidar,0:18,2:27,2:34,2:46,2:50,5:24,5:31,5:56,5:58,8:25,8:30,9:05,9:10,11:22,11:27,11:56,11:56,14:25,14:31,14:51,14:56,17:22,17:28,17:49,17:53
AA_E_TT_FG_DY_S_50CM_03_0,IR,1:30,3:46,3:54,4:14,4:19,6:45,6:50,7:21,7:25,9:42,9:47,10:20,10:25,12:40,12:50,13:15,13:22,15:40,15:48,16:27,16:32,18:41,18:58,19:09,19:14
AA_E_TT_FG_DY_S_50CM_03_0,RGB,1:30,3:46,3:54,4:14,4:19,6:45,6:50,7:21,7:25,9:42,9:47,10:20,10:25,12:40,12:50,13:15,13:22,15:40,15:48,16:27,16:32,18:41,18:58,19:09,19:14
AA_E_TT_FG_DY_S_50CM_03_0,Depth,1:30,3:46,3:54,4:14,4:19,6:45,6:50,7:21,7:25,9:42,9:47,10:20,10:25,12:40,12:50,13:15,13:22,15:40,15:48,16:27,16:32,18:41,18:58,19:09,19:14
AA_E_TT_FG_DY_S_50CM_03_0,Thermal,1:27,3:43,3:51,4:11,4:16,6:42,6:47,7:18,7:22,9:39,9:44,10:17,10:22,12:37,12:47,13:12,13:19,15:37,15:45,16:24,16:29,18:38,18:55,19:06,19:11
AA_E_TT_FG_DY_S_50CM_03_0,Lidar,1:20,3:36,3:44,4:04,4:09,6:35,6:40,7:11,7:15,9:32,9:37,10:10,10:15,12:30,12:40,13:05,13:12,15:30,15:38,16:17,16:22,18:31,18:48,18:59,19:04
AA_E_TT_FG_DY_S_50CM_05_0,IR,1:09,3:55,4:03,4:27,4:33,6:53,7:02,7:44,7:51,10:03,10:08,10:44,10:49,13:01,13:09,13:45,13:50,16:19,16:28,17:00,17:06,19:22,19:34,20:00,20:04
AA_E_TT_FG_DY_S_50CM_05_0,RGB,1:09,3:55,4:03,4:27,4:33,6:53,7:02,7:44,7:51,10:03,10:08,10:44,10:49,13:01,13:09,13:45,13:50,16:19,16:28,17:00,17:06,19:22,19:34,20:00,20:04
AA_E_TT_FG_DY_S_50CM_05_0,Depth,1:09,3:55,4:03,4:27,4:33,6:53,7:02,7:44,7:51,10:03,10:08,10:44,10:49,13:01,13:09,13:45,13:50,16:19,16:28,17:00,17:06,19:22,19:34,20:00,20:04
AA_E_TT_FG_DY_S_50CM_05_0,Thermal,1:07,3:53,4:01,4:25,4:31,6:51,7:00,7:42,7:49,10:01,10:06,10:42,10:47,12:59,13:07,13:43,13:48,16:17,16:26,16:58,17:04,19:20,19:32,19:58,20:02
AA_E_TT_FG_DY_S_50CM_05_0,Lidar,0:55,3:41,3:49,4:13,4:19,6:39,6:48,7:30,7:37,9:49,9:54,10:30,10:35,12:47,12:55,13:31,13:36,16:05,16:14,16:46,16:52,19:08,19:20,19:46,19:50
AA_E_TT_FG_NT_6M_1M_01_1,IR,1:03,3:13,3:27,3:36,3:42,6:13,6:19,6:44,6:50,9:11,9:16,9:42,9:47,12:11,12:20,12:35,12:35,15:12,15:23,15:49,15:57,18:11,18:19,18:37,18:39
AA_E_TT_FG_NT_6M_1M_01_1,RGB,1:03,3:13,3:27,3:36,3:42,6:13,6:19,6:44,6:50,9:11,9:16,9:42,9:47,12:11,12:20,12:35,12:35,15:12,15:23,15:49,15:57,18:11,18:19,18:37,18:39
AA_E_TT_FG_NT_6M_1M_01_1,Depth,1:03,3:13,3:27,3:36,3:42,6:13,6:19,6:44,6:50,9:11,9:16,9:42,9:47,12:11,12:20,12:35,12:35,15:12,15:23,15:49,15:57,18:11,18:19,18:37,18:39
AA_E_TT_FG_NT_6M_1M_01_1,Thermal,1:03,3:13,3:27,3:36,3:42,6:13,6:19,6:44,6:50,9:11,9:16,9:42,9:47,12:11,12:20,12:35,12:35,15:12,15:23,15:49,15:57,18:11,18:19,18:37,18:39
AA_E_TT_FG_NT_6M_1M_01_1,Lidar,0:52,3:02,3:16,3:25,3:31,6:02,6:08,6:33,6:39,9:00,9:05,9:31,9:36,12:00,12:09,12:24,12:24,15:01,15:12,15:38,15:46,18:00,18:08,18:26,18:28
AA_E_TT_FG_NT_6M_1M_03_0,IR,0:58,4:02,4:12,4:33,4:37,7:04,7:07,7:34,7:40,10:02,10:07,10:42,10:47,13:03,13:21,13:43,13:43,16:04,16:07,16:37,16:39,19:01,19:14,19:37,19:40
AA_E_TT_FG_NT_6M_1M_03_0,RGB,0:58,4:02,4:12,4:33,4:37,7:04,7:07,7:34,7:40,10:02,10:07,10:42,10:47,13:03,13:21,13:43,13:43,16:04,16:07,16:37,16:39,19:01,19:14,19:37,19:40
AA_E_TT_FG_NT_6M_1M_03_0,Depth,0:58,4:02,4:12,4:33,4:37,7:04,7:07,7:34,7:40,10:02,10:07,10:42,10:47,13:03,13:21,13:43,13:43,16:04,16:07,16:37,16:39,19:01,19:14,19:37,19:40
AA_E_TT_FG_NT_6M_1M_03_0,Thermal,0:57,4:01,4:11,4:32,4:36,7:03,7:06,7:33,7:39,10:01,10:06,10:41,10:46,13:02,13:20,13:42,13:42,16:03,16:06,16:36,16:38,19:00,19:13,19:36,19:39
AA_E_TT_FG_NT_6M_1M_03_0,Lidar,0:45,3:49,3:59,4:20,4:24,6:51,6:54,7:21,7:27,9:49,9:54,10:29,10:34,12:50,13:08,13:30,13:30,15:51,15:54,16:24,16:26,18:48,19:01,19:24,19:27
AA_E_TT_FG_NT_6M_1M_05_0,IR,0:38,4:24,4:33,4:57,5:05,7:19,7:25,8:04,8:11,10:21,10:26,11:03,11:08,13:19,13:26,13:57,13:57,16:24,16:31,17:05,17:10,19:19,19:38,20:06,20:10
AA_E_TT_FG_NT_6M_1M_05_0,RGB,0:38,4:24,4:33,4:57,5:05,7:19,7:25,8:04,8:11,10:21,10:26,11:03,11:08,13:19,13:26,13:57,13:57,16:24,16:31,17:05,17:10,19:19,19:38,20:06,20:10
AA_E_TT_FG_NT_6M_1M_05_0,Depth,0:38,4:24,4:33,4:57,5:05,7:19,7:25,8:04,8:11,10:21,10:26,11:03,11:08,13:19,13:26,13:57,13:57,16:24,16:31,17:05,17:10,19:19,19:38,20:06,20:10
AA_E_TT_FG_NT_6M_1M_05_0,Thermal,0:35,4:21,4:30,4:54,5:02,7:16,7:22,8:01,8:08,10:18,10:23,11:00,11:05,13:16,13:23,13:54,13:54,16:21,16:28,17:02,17:07,19:16,19:35,20:03,20:07
AA_E_TT_FG_NT_6M_1M_05_0,Lidar,0:26,4:12,4:21,4:45,4:53,7:07,7:13,7:52,7:59,10:09,10:14,10:51,10:56,13:07,13:14,13:45,13:45,16:12,16:19,16:53,16:58,19:07,19:26,19:54,19:58
AA_E_TT_FG_NT_6M_50CM_01_0,IR,0:59,3:09,3:23,3:32,3:38,6:09,6:15,6:40,6:46,9:07,9:12,9:38,9:43,12:07,12:16,12:31,12:31,15:08,15:19,15:45,15:53,18:07,18:15,18:33,18:35
AA_E_TT_FG_NT_6M_50CM_01_0,RGB,0:59,3:09,3:23,3:32,3:38,6:09,6:15,6:40,6:46,9:07,9:12,9:38,9:43,12:07,12:16,12:31,12:31,15:08,15:19,15:45,15:53,18:07,18:15,18:33,18:35
AA_E_TT_FG_NT_6M_50CM_01_0,Depth,0:59,3:09,3:23,3:32,3:38,6:09,6:15,6:40,6:46,9:07,9:12,9:38,9:43,12:07,12:16,12:31,12:31,15:08,15:19,15:45,15:53,18:07,18:15,18:33,18:35
AA_E_TT_FG_NT_6M_50CM_01_0,Thermal,0:54,3:04,3:18,3:27,3:33,6:04,6:10,6:35,6:41,9:02,9:07,9:33,9:38,12:02,12:11,12:26,12:26,15:03,15:14,15:40,15:48,18:02,18:10,18:28,18:30
AA_E_TT_FG_NT_6M_50CM_01_0,Lidar,0:39,2:49,3:03,3:12,3:18,5:49,5:55,6:20,6:26,8:47,8:52,9:18,9:23,11:47,11:56,12:11,12:11,14:48,14:59,15:25,15:33,17:47,17:55,18:13,18:15
AA_E_TT_FG_NT_6M_50CM_03_0,IR,1:01,4:05,4:15,4:36,4:40,7:07,7:10,7:37,7:43,10:05,10:10,10:45,10:50,13:06,13:24,13:46,13:46,16:07,16:10,16:40,16:42,19:04,19:17,19:40,19:43
AA_E_TT_FG_NT_6M_50CM_03_0,RGB,1:01,4:05,4:15,4:36,4:40,7:07,7:10,7:37,7:43,10:05,10:10,10:45,10:50,13:06,13:24,13:46,13:46,16:07,16:10,16:40,16:42,19:04,19:17,19:40,19:43
AA_E_TT_FG_NT_6M_50CM_03_0,Depth,1:01,4:05,4:15,4:36,4:40,7:07,7:10,7:37,7:43,10:05,10:10,10:45,10:50,13:06,13:24,13:46,13:46,16:07,16:10,16:40,16:42,19:04,19:17,19:40,19:43
AA_E_TT_FG_NT_6M_50CM_03_0,Thermal,0:58,4:02,4:12,4:33,4:37,7:04,7:07,7:34,7:40,10:02,10:07,10:42,10:47,13:03,13:21,13:43,13:43,16:04,16:07,16:37,16:39,19:01,19:14,19:37,19:40
AA_E_TT_FG_NT_6M_50CM_03_0,Lidar,0:46,3:50,4:00,4:21,4:25,6:52,6:55,7:22,7:28,9:50,9:55,10:30,10:35,12:51,13:09,13:31,13:31,15:52,15:55,16:25,16:27,18:49,19:02,19:25,19:28
AA_E_TT_FG_NT_6M_50CM_05_0,IR,0:34,4:20,4:29,4:53,5:01,7:15,7:21,8:00,8:07,10:17,10:22,10:59,11:04,13:15,13:22,13:53,13:53,16:20,16:27,17:01,17:06,19:15,19:34,20:02,20:06
AA_E_TT_FG_NT_6M_50CM_05_0,RGB,0:34,4:20,4:29,4:53,5:01,7:15,7:21,8:00,8:07,10:17,10:22,10:59,11:04,13:15,13:22,13:53,13:53,16:20,16:27,17:01,17:06,19:15,19:34,20:02,20:06
AA_E_TT_FG_NT_6M_50CM_05_0,Depth,0:34,4:20,4:29,4:53,5:01,7:15,7:21,8:00,8:07,10:17,10:22,10:59,11:04,13:15,13:22,13:53,13:53,16:20,16:27,17:01,17:06,19:15,19:34,20:02,20:06
AA_E_TT_FG_NT_6M_50CM_05_0,Thermal,0:31,4:17,4:26,4:50,4:58,7:12,7:18,7:57,8:04,10:14,10:19,10:56,11:01,13:12,13:19,13:50,13:50,16:17,16:24,16:58,17:03,19:12,19:31,19:59,20:03
AA_E_TT_FG_NT_6M_50CM_05_0,Lidar,0:22,4:08,4:17,4:41,4:49,7:03,7:09,7:48,7:55,10:05,10:10,10:47,10:52,13:03,13:10,13:41,13:41,16:08,16:15,16:49,16:54,19:03,19:22,19:50,19:54
AA_E_TT_FG_NT_8M_1M_01_1,IR,1:18,3:30,3:38,3:56,4:02,6:29,6:39,7:09,7:13,9:30,9:35,10:01,10:06,12:30,12:42,12:58,12:58,15:28,15:34,15:55,15:59,18:30,18:42,18:53,18:55
AA_E_TT_FG_NT_8M_1M_01_1,RGB,1:18,3:30,3:38,3:56,4:02,6:29,6:39,7:09,7:13,9:30,9:35,10:01,10:06,12:30,12:42,12:58,12:58,15:28,15:34,15:55,15:59,18:30,18:42,18:53,18:55
AA_E_TT_FG_NT_8M_1M_01_1,Depth,1:18,3:30,3:38,3:56,4:02,6:29,6:39,7:09,7:13,9:30,9:35,10:01,10:06,12:30,12:42,12:58,12:58,15:28,15:34,15:55,15:59,18:30,18:42,18:53,18:55
AA_E_TT_FG_NT_8M_1M_01_1,Thermal,1:15,3:27,3:35,3:53,3:59,6:26,6:36,7:06,7:10,9:27,9:32,9:58,10:03,12:27,12:39,12:55,12:55,15:25,15:31,15:52,15:56,18:27,18:39,18:50,18:52
AA_E_TT_FG_NT_8M_1M_01_1,Lidar,1:05,3:17,3:25,3:43,3:49,6:16,6:26,6:56,7:00,9:17,9:22,9:48,9:53,12:17,12:29,12:45,12:45,15:15,15:21,15:42,15:46,18:17,18:29,18:40,18:42
AA_E_TT_FG_NT_8M_1M_03_0,IR,1:38,4:05,4:18,4:44,4:47,7:17,7:22,7:57,7:57,10:19,10:24,10:58,11:03,13:15,13:21,13:52,13:52,16:17,16:23,16:53,16:57,19:20,19:33,19:55,19:59
AA_E_TT_FG_NT_8M_1M_03_0,RGB,1:38,4:05,4:18,4:44,4:47,7:17,7:22,7:57,7:57,10:19,10:24,10:58,11:03,13:15,13:21,13:52,13:52,16:17,16:23,16:53,16:57,19:20,19:33,19:55,19:59
AA_E_TT_FG_NT_8M_1M_03_0,Depth,1:38,4:05,4:18,4:44,4:47,7:17,7:22,7:57,7:57,10:19,10:24,10:58,11:03,13:15,13:21,13:52,13:52,16:17,16:23,16:53,16:57,19:20,19:33,19:55,19:59
AA_E_TT_FG_NT_8M_1M_03_0,Thermal,1:37,4:04,4:17,4:43,4:46,7:16,7:21,7:56,7:56,10:18,10:23,10:57,11:02,13:14,13:20,13:51,13:51,16:16,16:22,16:52,16:56,19:19,19:32,19:54,19:58
AA_E_TT_FG_NT_8M_1M_03_0,Lidar,1:27,3:54,4:07,4:33,4:36,7:06,7:11,7:46,7:46,10:08,10:13,10:47,10:52,13:04,13:10,13:41,13:41,16:06,16:12,16:42,16:46,19:09,19:22,19:44,19:48
AA_E_TT_FG_NT_8M_1M_05_0,IR,1:19,3:32,3:47,4:07,4:13,6:29,6:34,7:01,7:11,9:34,9:39,10:13,10:18,12:30,12:37,13:13,13:13,15:32,15:45,16:10,16:15,18:29,18:57,19:11,19:14
AA_E_TT_FG_NT_8M_1M_05_0,RGB,1:19,3:32,3:47,4:07,4:13,6:29,6:34,7:01,7:11,9:34,9:39,10:13,10:18,12:30,12:37,13:13,13:13,15:32,15:45,16:10,16:15,18:29,18:57,19:11,19:14
AA_E_TT_FG_NT_8M_1M_05_0,Depth,1:19,3:32,3:47,4:07,4:13,6:29,6:34,7:01,7:11,9:34,9:39,10:13,10:18,12:30,12:37,13:13,13:13,15:32,15:45,16:10,16:15,18:29,18:57,19:11,19:14
AA_E_TT_FG_NT_8M_1M_05_0,Thermal,1:18,3:31,3:46,4:06,4:12,6:28,6:33,7:00,7:10,9:33,9:38,10:12,10:17,12:29,12:36,13:12,13:12,15:31,15:44,16:09,16:14,18:28,18:56,19:10,19:13
AA_E_TT_FG_NT_8M_1M_05_0,Lidar,1:06,3:19,3:34,3:54,4:00,6:16,6:21,6:48,6:58,9:21,9:26,10:00,10:05,12:17,12:24,13:00,13:00,15:19,15:32,15:57,16:02,18:16,18:44,18:58,19:01
AA_E_TT_FG_NT_8M_50CM_01_0,IR,1:10,3:22,3:30,3:48,3:54,6:21,6:31,7:01,7:05,9:22,9:27,9:53,9:58,12:22,12:34,12:50,12:50,15:20,15:26,15:47,15:51,18:22,18:34,18:45,18:47
AA_E_TT_FG_NT_8M_50CM_01_0,RGB,1:10,3:22,3:30,3:48,3:54,6:21,6:31,7:01,7:05,9:22,9:27,9:53,9:58,12:22,12:34,12:50,12:50,15:20,15:26,15:47,15:51,18:22,18:34,18:45,18:47
AA_E_TT_FG_NT_8M_50CM_01_0,Depth,1:10,3:22,3:30,3:48,3:54,6:21,6:31,7:01,7:05,9:22,9:27,9:53,9:58,12:22,12:34,12:50,12:50,15:20,15:26,15:47,15:51,18:22,18:34,18:45,18:47
AA_E_TT_FG_NT_8M_50CM_01_0,Thermal,0:59,3:11,3:19,3:37,3:43,6:10,6:20,6:50,6:54,9:11,9:16,9:42,9:47,12:11,12:23,12:39,12:39,15:09,15:15,15:36,15:40,18:11,18:23,18:34,18:36
AA_E_TT_FG_NT_8M_50CM_01_0,Lidar,0:41,2:53,3:01,3:19,3:25,5:52,6:02,6:32,6:36,8:53,8:58,9:24,9:29,11:53,12:05,12:21,12:21,14:51,14:57,15:18,15:22,17:53,18:05,18:16,18:18
AA_E_TT_FG_NT_8M_50CM_03_0,IR,1:27,3:54,4:07,4:33,4:36,7:06,7:11,7:46,7:46,10:08,10:13,10:47,10:52,13:04,13:10,13:41,13:41,16:06,16:12,16:42,16:46,19:09,19:22,19:44,19:48
AA_E_TT_FG_NT_8M_50CM_03_0,RGB,1:27,3:54,4:07,4:33,4:36,7:06,7:11,7:46,7:46,10:08,10:13,10:47,10:52,13:04,13:10,13:41,13:41,16:06,16:12,16:42,16:46,19:09,19:22,19:44,19:48
AA_E_TT_FG_NT_8M_50CM_03_0,Depth,1:27,3:54,4:07,4:33,4:36,7:06,7:11,7:46,7:46,10:08,10:13,10:47,10:52,13:04,13:10,13:41,13:41,16:06,16:12,16:42,16:46,19:09,19:22,19:44,19:48
AA_E_TT_FG_NT_8M_50CM_03_0,Thermal,1:14,3:41,3:54,4:20,4:23,6:53,6:58,7:33,7:33,9:55,10:00,10:34,10:39,12:51,12:57,13:28,13:28,15:53,15:59,16:29,16:33,18:56,19:09,19:31,19:35
AA_E_TT_FG_NT_8M_50CM_03_0,Lidar,0:45,3:12,3:25,3:51,3:54,6:24,6:29,7:04,7:04,9:26,9:31,10:05,10:10,12:22,12:28,12:59,12:59,15:24,15:30,16:00,16:04,18:27,18:40,19:02,19:06
AA_E_TT_FG_NT_8M_50CM_05_0,IR,1:12,3:25,3:40,4:00,4:06,6:22,6:27,6:54,7:04,9:27,9:32,10:06,10:11,12:23,12:30,13:06,13:06,15:25,15:38,16:03,16:08,18:22,18:50,19:04,19:07
AA_E_TT_FG_NT_8M_50CM_05_0,RGB,1:12,3:25,3:40,4:00,4:06,6:22,6:27,6:54,7:04,9:27,9:32,10:06,10:11,12:23,12:30,13:06,13:06,15:25,15:38,16:03,16:08,18:22,18:50,19:04,19:07
AA_E_TT_FG_NT_8M_50CM_05_0,Depth,1:12,3:25,3:40,4:00,4:06,6:22,6:27,6:54,7:04,9:27,9:32,10:06,10:11,12:23,12:30,13:06,13:06,15:25,15:38,16:03,16:08,18:22,18:50,19:04,19:07
AA_E_TT_FG_NT_8M_50CM_05_0,Thermal,1:11,3:24,3:39,3:59,4:05,6:21,6:26,6:53,7:03,9:26,9:31,10:05,10:10,12:22,12:29,13:05,13:05,15:24,15:37,16:02,16:07,18:21,18:49,19:03,19:06
AA_E_TT_FG_NT_8M_50CM_05_0,Lidar,0:59,3:12,3:27,3:47,3:53,6:09,6:14,6:41,6:51,9:14,9:19,9:53,9:58,12:10,12:17,12:53,12:53,15:12,15:25,15:50,15:55,18:09,18:37,18:51,18:54
AA_E_TT_FG_NT_S_1M_01_1,IR,1:44,3:57,4:04,4:18,4:24,6:53,7:02,7:22,7:27,9:53,9:58,10:30,10:35,12:57,13:00,13:18,13:18,15:52,15:59,16:17,16:25,18:51,18:59,19:17,19:21
AA_E_TT_FG_NT_S_1M_01_1,RGB,1:44,3:57,4:04,4:18,4:24,6:53,7:02,7:22,7:27,9:53,9:58,10:30,10:35,12:57,13:00,13:18,13:18,15:52,15:59,16:17,16:25,18:51,18:59,19:17,19:21
AA_E_TT_FG_NT_S_1M_01_1,Depth,1:44,3:57,4:04,4:18,4:24,6:53,7:02,7:22,7:27,9:53,9:58,10:30,10:35,12:57,13:00,13:18,13:18,15:52,15:59,16:17,16:25,18:51,18:59,19:17,19:21
AA_E_TT_FG_NT_S_1M_01_1,Thermal,1:43,3:56,4:03,4:17,4:23,6:52,7:01,7:21,7:26,9:52,9:57,10:29,10:34,12:56,12:59,13:17,13:17,15:51,15:58,16:16,16:24,18:50,18:58,19:16,19:20
AA_E_TT_FG_NT_S_1M_01_1,Lidar,1:29,3:42,3:49,4:03,4:09,6:38,6:47,7:07,7:12,9:38,9:43,10:15,10:20,12:42,12:45,13:03,13:03,15:37,15:44,16:02,16:10,18:36,18:44,19:02,19:06
AA_E_TT_FG_NT_S_1M_03_0,IR,1:15,3:32,3:40,4:01,4:05,6:30,6:36,7:13,7:19,9:33,9:38,10:09,10:14,12:30,12:38,13:05,13:05,15:28,15:41,16:07,16:11,18:30,18:45,18:58,19:03
AA_E_TT_FG_NT_S_1M_03_0,RGB,1:15,3:32,3:40,4:01,4:05,6:30,6:36,7:13,7:19,9:33,9:38,10:09,10:14,12:30,12:38,13:05,13:05,15:28,15:41,16:07,16:11,18:30,18:45,18:58,19:03
AA_E_TT_FG_NT_S_1M_03_0,Depth,1:15,3:32,3:40,4:01,4:05,6:30,6:36,7:13,7:19,9:33,9:38,10:09,10:14,12:30,12:38,13:05,13:05,15:28,15:41,16:07,16:11,18:30,18:45,18:58,19:03
AA_E_TT_FG_NT_S_1M_03_0,Thermal,1:15,3:32,3:40,4:01,4:05,6:30,6:36,7:13,7:19,9:33,9:38,10:09,10:14,12:30,12:38,13:05,13:05,15:28,15:41,16:07,16:11,18:30,18:45,18:58,19:03
AA_E_TT_FG_NT_S_1M_03_0,Lidar,0:54,3:11,3:19,3:40,3:44,6:09,6:15,6:52,6:58,9:12,9:17,9:48,9:53,12:09,12:17,12:44,12:44,15:07,15:20,15:46,15:50,18:09,18:24,18:37,18:42
AA_E_TT_FG_NT_S_1M_05_0,IR,1:03,3:29,3:40,4:08,4:11,6:29,6:36,7:17,7:24,9:29,9:34,10:14,10:19,12:26,12:35,13:09,13:16,15:39,15:47,16:17,16:23,18:55,19:17,19:32,19:38
AA_E_TT_FG_NT_S_1M_05_0,RGB,1:03,3:29,3:40,4:08,4:11,6:29,6:36,7:17,7:24,9:29,9:34,10:14,10:19,12:26,12:35,13:09,13:16,15:39,15:47,16:17,16:23,18:55,19:17,19:32,19:38
AA_E_TT_FG_NT_S_1M_05_0,Depth,1:03,3:29,3:40,4:08,4:11,6:29,6:36,7:17,7:24,9:29,9:34,10:14,10:19,12:26,12:35,13:09,13:16,15:39,15:47,16:17,16:23,18:55,19:17,19:32,19:38
AA_E_TT_FG_NT_S_1M_05_0,Thermal,1:01,3:27,3:38,4:06,4:09,6:27,6:34,7:15,7:22,9:27,9:32,10:12,10:17,12:24,12:33,13:07,13:14,15:37,15:45,16:15,16:21,18:53,19:15,19:30,19:36
AA_E_TT_FG_NT_S_1M_05_0,Lidar,0:47,3:13,3:24,3:52,3:55,6:13,6:20,7:01,7:08,9:13,9:18,9:58,10:03,12:10,12:19,12:53,13:00,15:23,15:31,16:01,16:07,18:39,19:01,19:16,19:22
AA_E_TT_FG_NT_S_50CM_01_0,IR,1:25,3:38,3:45,3:59,4:05,6:34,6:43,7:03,7:08,9:34,9:39,10:11,10:16,12:38,12:41,12:59,12:59,15:33,15:40,15:58,16:06,18:32,18:40,18:58,19:02
AA_E_TT_FG_NT_S_50CM_01_0,RGB,1:25,3:38,3:45,3:59,4:05,6:34,6:43,7:03,7:08,9:34,9:39,10:11,10:16,12:38,12:41,12:59,12:59,15:33,15:40,15:58,16:06,18:32,18:40,18:58,19:02
AA_E_TT_FG_NT_S_50CM_01_0,Depth,1:25,3:38,3:45,3:59,4:05,6:34,6:43,7:03,7:08,9:34,9:39,10:11,10:16,12:38,12:41,12:59,12:59,15:33,15:40,15:58,16:06,18:32,18:40,18:58,19:02
AA_E_TT_FG_NT_S_50CM_01_0,Thermal,0:40,2:53,3:00,3:14,3:20,5:49,5:58,6:18,6:23,8:49,8:54,9:26,9:31,11:53,11:56,12:14,12:14,14:48,14:55,15:13,15:21,17:47,17:55,18:13,18:17
AA_E_TT_FG_NT_S_50CM_01_0,Lidar,0:26,2:39,2:46,3:00,3:06,5:35,5:44,6:04,6:09,8:35,8:40,9:12,9:17,11:39,11:42,12:00,12:00,14:34,14:41,14:59,15:07,17:33,17:41,17:59,18:03
AA_E_TT_FG_NT_S_50CM_03_0,IR,1:03,3:20,3:28,3:49,3:53,6:18,6:24,7:01,7:07,9:21,9:26,9:57,10:02,12:18,12:26,12:53,12:53,15:16,15:29,15:55,15:59,18:18,18:33,18:46,18:51
AA_E_TT_FG_NT_S_50CM_03_0,RGB,1:03,3:20,3:28,3:49,3:53,6:18,6:24,7:01,7:07,9:21,9:26,9:57,10:02,12:18,12:26,12:53,12:53,15:16,15:29,15:55,15:59,18:18,18:33,18:46,18:51
AA_E_TT_FG_NT_S_50CM_03_0,Depth,1:03,3:20,3:28,3:49,3:53,6:18,6:24,7:01,7:07,9:21,9:26,9:57,10:02,12:18,12:26,12:53,12:53,15:16,15:29,15:55,15:59,18:18,18:33,18:46,18:51
AA_E_TT_FG_NT_S_50CM_03_0,Thermal,1:02,3:19,3:27,3:48,3:52,6:17,6:23,7:00,7:06,9:20,9:25,9:56,10:01,12:17,12:25,12:52,12:52,15:15,15:28,15:54,15:58,18:17,18:32,18:45,18:50
AA_E_TT_FG_NT_S_50CM_03_0,Lidar,0:46,3:03,3:11,3:32,3:36,6:01,6:07,6:44,6:50,9:04,9:09,9:40,9:45,12:01,12:09,12:36,12:36,14:59,15:12,15:38,15:42,18:01,18:16,18:29,18:34
AA_E_TT_FG_NT_S_50CM_05_0,IR,0:58,3:24,3:35,4:03,4:06,6:24,6:31,7:12,7:19,9:24,9:29,10:09,10:14,12:21,12:30,13:04,13:11,15:34,15:42,16:12,16:18,18:50,19:12,19:27,19:33
AA_E_TT_FG_NT_S_50CM_05_0,RGB,0:58,3:24,3:35,4:03,4:06,6:24,6:31,7:12,7:19,9:24,9:29,10:09,10:14,12:21,12:30,13:04,13:11,15:34,15:42,16:12,16:18,18:50,19:12,19:27,19:33
AA_E_TT_FG_NT_S_50CM_05_0,Depth,0:58,3:24,3:35,4:03,4:06,6:24,6:31,7:12,7:19,9:24,9:29,10:09,10:14,12:21,12:30,13:04,13:11,15:34,15:42,16:12,16:18,18:50,19:12,19:27,19:33
AA_E_TT_FG_NT_S_50CM_05_0,Thermal,0:58,3:24,3:35,4:03,4:06,6:24,6:31,7:12,7:19,9:24,9:29,10:09,10:14,12:21,12:30,13:04,13:11,15:34,15:42,16:12,16:18,18:50,19:12,19:27,19:33
AA_E_TT_FG_NT_S_50CM_05_0,Lidar,0:45,3:11,3:22,3:50,3:53,6:11,6:18,6:59,7:06,9:11,9:16,9:56,10:01,12:08,12:17,12:51,12:58,15:21,15:29,15:59,16:05,18:37,18:59,19:14,19:20
AA_E_TT_FG_SR_6M_1M_01_1,IR,2:22,4:30,4:39,5:03,5:07,7:29,7:31,8:02,8:09,10:30,10:35,11:08,11:13,13:28,13:36,14:09,14:13,16:29,16:35,16:59,17:05,19:29,19:46,19:51,19:55
AA_E_TT_FG_SR_6M_1M_01_1,RGB,2:22,4:30,4:39,5:03,5:07,7:29,7:31,8:02,8:09,10:30,10:35,11:08,11:13,13:28,13:36,14:09,14:13,16:29,16:35,16:59,17:05,19:29,19:46,19:51,19:55
AA_E_TT_FG_SR_6M_1M_01_1,Depth,2:22,4:30,4:39,5:03,5:07,7:29,7:31,8:02,8:09,10:30,10:35,11:08,11:13,13:28,13:36,14:09,14:13,16:29,16:35,16:59,17:05,19:29,19:46,19:51,19:55
AA_E_TT_FG_SR_6M_1M_01_1,Thermal,2:19,4:27,4:36,5:00,5:04,7:26,7:28,7:59,8:06,10:27,10:32,11:05,11:10,13:25,13:33,14:06,14:10,16:26,16:32,16:56,17:02,19:26,19:43,19:48,19:52
AA_E_TT_FG_SR_6M_1M_01_1,Lidar,1:41,3:49,3:58,4:22,4:26,6:48,6:50,7:21,7:28,9:49,9:54,10:27,10:32,12:47,12:55,13:28,13:32,15:48,15:54,16:18,16:24,18:48,19:05,19:10,19:14
AA_E_TT_FG_SR_6M_1M_03_1,IR,1:56,4:03,4:12,4:33,4:38,7:02,7:05,7:41,7:47,10:04,10:09,10:44,10:49,13:02,13:07,13:36,13:40,16:02,16:08,16:37,16:43,19:04,19:19,19:32,19:36
AA_E_TT_FG_SR_6M_1M_03_1,RGB,1:56,4:03,4:12,4:33,4:38,7:02,7:05,7:41,7:47,10:04,10:09,10:44,10:49,13:02,13:07,13:36,13:40,16:02,16:08,16:37,16:43,19:04,19:19,19:32,19:36
AA_E_TT_FG_SR_6M_1M_03_1,Depth,1:56,4:03,4:12,4:33,4:38,7:02,7:05,7:41,7:47,10:04,10:09,10:44,10:49,13:02,13:07,13:36,13:40,16:02,16:08,16:37,16:43,19:04,19:19,19:32,19:36
AA_E_TT_FG_SR_6M_1M_03_1,Thermal,1:56,4:03,4:12,4:33,4:38,7:02,7:05,7:41,7:47,10:04,10:09,10:44,10:49,13:02,13:07,13:36,13:40,16:02,16:08,16:37,16:43,19:04,19:19,19:32,19:36
AA_E_TT_FG_SR_6M_1M_03_1,Lidar,1:40,3:47,3:56,4:17,4:22,6:46,6:49,7:25,7:31,9:48,9:53,10:28,10:33,12:46,12:51,13:20,13:24,15:46,15:52,16:21,16:27,18:48,19:03,19:16,19:20
AA_E_TT_FG_SR_6M_1M_05_2,IR,1:03,3:52,4:03,4:18,4:25,6:53,6:59,7:29,7:33,9:49,9:54,10:35,10:40,12:50,12:58,13:31,13:31,15:51,15:58,16:29,16:34,18:50,19:14,19:29,19:33
AA_E_TT_FG_SR_6M_1M_05_2,RGB,1:03,3:52,4:03,4:18,4:25,6:53,6:59,7:29,7:33,9:49,9:54,10:35,10:40,12:50,12:58,13:31,13:31,15:51,15:58,16:29,16:34,18:50,19:14,19:29,19:33
AA_E_TT_FG_SR_6M_1M_05_2,Depth,1:03,3:52,4:03,4:18,4:25,6:53,6:59,7:29,7:33,9:49,9:54,10:35,10:40,12:50,12:58,13:31,13:31,15:51,15:58,16:29,16:34,18:50,19:14,19:29,19:33
AA_E_TT_FG_SR_6M_1M_05_2,Thermal,1:02,3:51,4:02,4:17,4:24,6:52,6:58,7:28,7:32,9:48,9:53,10:34,10:39,12:49,12:57,13:30,13:30,15:50,15:57,16:28,16:33,18:49,19:13,19:28,19:32
AA_E_TT_FG_SR_6M_1M_05_2,Lidar,0:40,3:29,3:40,3:55,4:02,6:30,6:36,7:06,7:10,9:26,9:31,10:12,10:17,12:27,12:35,13:08,13:08,15:28,15:35,16:06,16:11,18:27,18:51,19:06,19:10
AA_E_TT_FG_SR_6M_1M_07_0,IR,1:55,4:05,4:16,4:42,4:46,7:03,7:06,7:41,7:49,10:04,10:09,10:46,10:51,13:04,13:11,13:45,13:45,19:16,19:25,19:46,19:53,22:12,22:26,22:52,22:52
AA_E_TT_FG_SR_6M_1M_07_0,RGB,1:55,4:05,4:16,4:42,4:46,7:03,7:06,7:41,7:49,10:04,10:09,10:46,10:51,13:04,13:11,13:45,13:45,19:16,19:25,19:46,19:53,22:12,22:26,22:52,22:52
AA_E_TT_FG_SR_6M_1M_07_0,Depth,1:55,4:05,4:16,4:42,4:46,7:03,7:06,7:41,7:49,10:04,10:09,10:46,10:51,13:04,13:11,13:45,13:45,19:16,19:25,19:46,19:53,22:12,22:26,22:52,22:52
AA_E_TT_FG_SR_6M_1M_07_0,Thermal,1:53,4:03,4:14,4:40,4:44,7:01,7:04,7:39,7:47,10:02,10:07,10:44,10:49,13:02,13:09,13:43,13:43,19:14,19:23,19:44,19:51,22:10,22:24,22:50,22:50
AA_E_TT_FG_SR_6M_1M_07_0,Lidar,0:46,2:56,3:07,3:33,3:37,5:54,5:57,6:32,6:40,8:55,9:00,9:37,9:42,11:55,12:02,12:36,12:36,18:07,18:16,18:37,18:44,21:03,21:17,21:43,21:43
AA_E_TT_FG_SR_6M_50CM_01_0,IR,1:31,3:39,3:48,4:12,4:16,6:38,6:40,7:11,7:18,9:39,9:44,10:17,10:22,12:37,12:45,13:18,13:22,15:38,15:44,16:08,16:14,18:38,18:55,19:00,19:04
AA_E_TT_FG_SR_6M_50CM_01_0,RGB,1:31,3:39,3:48,4:12,4:16,6:38,6:40,7:11,7:18,9:39,9:44,10:17,10:22,12:37,12:45,13:18,13:22,15:38,15:44,16:08,16:14,18:38,18:55,19:00,19:04
AA_E_TT_FG_SR_6M_50CM_01_0,Depth,1:31,3:39,3:48,4:12,4:16,6:38,6:40,7:11,7:18,9:39,9:44,10:17,10:22,12:37,12:45,13:18,13:22,15:38,15:44,16:08,16:14,18:38,18:55,19:00,19:04
AA_E_TT_FG_SR_6M_50CM_01_0,Thermal,1:28,3:36,3:45,4:09,4:13,6:35,6:37,7:08,7:15,9:36,9:41,10:14,10:19,12:34,12:42,13:15,13:19,15:35,15:41,16:05,16:11,18:35,18:52,18:57,19:01
AA_E_TT_FG_SR_6M_50CM_01_0,Lidar,1:11,3:19,3:28,3:52,3:56,6:18,6:20,6:51,6:58,9:19,9:24,9:57,10:02,12:17,12:25,12:58,13:02,15:18,15:24,15:48,15:54,18:18,18:35,18:40,18:44
AA_E_TT_FG_SR_6M_50CM_03_0,IR,2:17,4:24,4:33,4:54,4:59,7:23,7:26,8:02,8:08,10:25,10:30,11:05,11:10,13:23,13:28,13:57,14:01,16:23,16:29,16:58,17:04,19:25,19:40,19:53,19:57
AA_E_TT_FG_SR_6M_50CM_03_0,RGB,2:17,4:24,4:33,4:54,4:59,7:23,7:26,8:02,8:08,10:25,10:30,11:05,11:10,13:23,13:28,13:57,14:01,16:23,16:29,16:58,17:04,19:25,19:40,19:53,19:57
AA_E_TT_FG_SR_6M_50CM_03_0,Depth,2:17,4:24,4:33,4:54,4:59,7:23,7:26,8:02,8:08,10:25,10:30,11:05,11:10,13:23,13:28,13:57,14:01,16:23,16:29,16:58,17:04,19:25,19:40,19:53,19:57
AA_E_TT_FG_SR_6M_50CM_03_0,Thermal,2:10,4:17,4:26,4:47,4:52,7:16,7:19,7:55,8:01,10:18,10:23,10:58,11:03,13:16,13:21,13:50,13:54,16:16,16:22,16:51,16:57,19:18,19:33,19:46,19:50
AA_E_TT_FG_SR_6M_50CM_03_0,Lidar,1:51,3:58,4:07,4:28,4:33,6:57,7:00,7:36,7:42,9:59,10:04,10:39,10:44,12:57,13:02,13:31,13:35,15:57,16:03,16:32,16:38,18:59,19:14,19:27,19:31
AA_E_TT_FG_SR_6M_50CM_05_0,IR,1:11,4:00,4:11,4:26,4:33,7:01,7:07,7:37,7:41,9:57,10:02,10:43,10:48,12:58,13:06,13:39,13:39,15:59,16:06,16:37,16:42,18:58,19:22,19:37,19:41
AA_E_TT_FG_SR_6M_50CM_05_0,RGB,1:11,4:00,4:11,4:26,4:33,7:01,7:07,7:37,7:41,9:57,10:02,10:43,10:48,12:58,13:06,13:39,13:39,15:59,16:06,16:37,16:42,18:58,19:22,19:37,19:41
AA_E_TT_FG_SR_6M_50CM_05_0,Depth,1:11,4:00,4:11,4:26,4:33,7:01,7:07,7:37,7:41,9:57,10:02,10:43,10:48,12:58,13:06,13:39,13:39,15:59,16:06,16:37,16:42,18:58,19:22,19:37,19:41
AA_E_TT_FG_SR_6M_50CM_05_0,Thermal,1:07,3:56,4:07,4:22,4:29,6:57,7:03,7:33,7:37,9:53,9:58,10:39,10:44,12:54,13:02,13:35,13:35,15:55,16:02,16:33,16:38,18:54,19:18,19:33,19:37
AA_E_TT_FG_SR_6M_50CM_05_0,Lidar,0:52,3:41,3:52,4:07,4:14,6:42,6:48,7:18,7:22,9:38,9:43,10:24,10:29,12:39,12:47,13:20,13:20,15:40,15:47,16:18,16:23,18:39,19:03,19:18,19:22
AA_E_TT_FG_SR_6M_50CM_07_0,IR,1:52,4:02,4:13,4:39,4:43,7:00,7:03,7:38,7:46,10:01,10:06,10:43,10:48,13:01,13:08,13:42,13:42,19:13,19:22,19:43,19:50,22:09,22:23,22:49,22:49
AA_E_TT_FG_SR_6M_50CM_07_0,RGB,1:52,4:02,4:13,4:39,4:43,7:00,7:03,7:38,7:46,10:01,10:06,10:43,10:48,13:01,13:08,13:42,13:42,19:13,19:22,19:43,19:50,22:09,22:23,22:49,22:49
AA_E_TT_FG_SR_6M_50CM_07_0,Depth,1:52,4:02,4:13,4:39,4:43,7:00,7:03,7:38,7:46,10:01,10:06,10:43,10:48,13:01,13:08,13:42,13:42,19:13,19:22,19:43,19:50,22:09,22:23,22:49,22:49
AA_E_TT_FG_SR_6M_50CM_07_0,Thermal,1:46,3:56,4:07,4:33,4:37,6:54,6:57,7:32,7:40,9:55,10:00,10:37,10:42,12:55,13:02,13:36,13:36,19:07,19:16,19:37,19:44,22:03,22:17,22:43,22:43
AA_E_TT_FG_SR_6M_50CM_07_0,Lidar,1:20,3:30,3:41,4:07,4:11,6:28,6:31,7:06,7:14,9:29,9:34,10:11,10:16,12:29,12:36,13:10,13:10,18:41,18:50,19:11,19:18,21:37,21:51,22:17,22:17
AA_E_TT_FG_SR_8M_1M_01_1,IR,0:38,2:51,2:58,3:20,3:24,5:48,5:59,6:28,6:33,8:47,8:52,9:22,9:27,11:48,11:57,12:30,12:33,14:47,14:56,15:09,15:15,17:47,18:05,18:09,18:13
AA_E_TT_FG_SR_8M_1M_01_1,RGB,0:38,2:51,2:58,3:20,3:24,5:48,5:59,6:28,6:33,8:47,8:52,9:22,9:27,11:48,11:57,12:30,12:33,14:47,14:56,15:09,15:15,17:47,18:05,18:09,18:13
AA_E_TT_FG_SR_8M_1M_01_1,Depth,0:38,2:51,2:58,3:20,3:24,5:48,5:59,6:28,6:33,8:47,8:52,9:22,9:27,11:48,11:57,12:30,12:33,14:47,14:56,15:09,15:15,17:47,18:05,18:09,18:13
AA_E_TT_FG_SR_8M_1M_01_1,Thermal,0:39,2:52,2:59,3:21,3:25,5:49,6:00,6:29,6:34,8:48,8:53,9:23,9:28,11:49,11:58,12:31,12:34,14:48,14:57,15:10,15:16,17:48,18:06,18:10,18:14
AA_E_TT_FG_SR_8M_1M_01_1,Lidar,0:28,2:41,2:48,3:10,3:14,5:38,5:49,6:18,6:23,8:37,8:42,9:12,9:17,11:38,11:47,12:20,12:23,14:37,14:46,14:59,15:05,17:37,17:55,17:59,18:03
AA_E_TT_FG_SR_8M_1M_03_2,IR,0:56,3:09,3:21,3:43,3:49,5:54,6:03,6:34,6:39,8:37,8:42,9:19,9:24,11:22,11:32,11:59,12:01,14:25,14:32,14:58,15:04,17:23,17:41,17:58,18:04
AA_E_TT_FG_SR_8M_1M_03_2,RGB,0:56,3:09,3:21,3:43,3:49,5:54,6:03,6:34,6:39,8:37,8:42,9:19,9:24,11:22,11:32,11:59,12:01,14:25,14:32,14:58,15:04,17:23,17:41,17:58,18:04
AA_E_TT_FG_SR_8M_1M_03_2,Depth,0:56,3:09,3:21,3:43,3:49,5:54,6:03,6:34,6:39,8:37,8:42,9:19,9:24,11:22,11:32,11:59,12:01,14:25,14:32,14:58,15:04,17:23,17:41,17:58,18:04
AA_E_TT_FG_SR_8M_1M_03_2,Thermal,0:51,3:08,3:21,3:44,3:48,5:58,6:08,6:38,6:44,9:03,9:08,9:45,9:50,12:00,12:09,12:37,12:39,15:03,15:10,15:35,15:41,18:01,18:19,18:37,18:42
AA_E_TT_FG_SR_8M_1M_03_2,Lidar,0:38,2:55,3:08,3:31,3:35,5:45,5:55,6:25,6:31,8:50,8:55,9:32,9:37,11:47,11:56,12:24,12:26,14:50,14:57,15:22,15:28,17:48,18:06,18:24,18:29
AA_E_TT_FG_SR_8M_1M_05_2,IR,1:07,3:17,3:26,3:52,3:57,6:16,6:23,6:58,7:01,9:19,9:24,10:04,10:09,12:17,12:26,13:03,13:03,15:14,15:24,15:56,16:04,18:15,18:45,18:58,19:04
AA_E_TT_FG_SR_8M_1M_05_2,RGB,1:07,3:17,3:26,3:52,3:57,6:16,6:23,6:58,7:01,9:19,9:24,10:04,10:09,12:17,12:26,13:03,13:03,15:14,15:24,15:56,16:04,18:15,18:45,18:58,19:04
AA_E_TT_FG_SR_8M_1M_05_2,Depth,1:07,3:17,3:26,3:52,3:57,6:16,6:23,6:58,7:01,9:19,9:24,10:04,10:09,12:17,12:26,13:03,13:03,15:14,15:24,15:56,16:04,18:15,18:45,18:58,19:04
AA_E_TT_FG_SR_8M_1M_05_2,Thermal,1:07,3:17,3:26,3:52,3:57,6:16,6:23,6:58,7:01,9:19,9:24,10:04,10:09,12:17,12:26,13:03,13:03,15:14,15:24,15:56,16:04,18:15,18:45,18:58,19:04
AA_E_TT_FG_SR_8M_1M_05_2,Lidar,0:56,3:06,3:15,3:41,3:46,6:05,6:12,6:47,6:50,9:08,9:13,9:53,9:58,12:06,12:15,12:52,12:52,15:03,15:13,15:45,15:53,18:04,18:34,18:47,18:53
AA_E_TT_FG_SR_8M_50CM_01_0,IR,0:41,2:54,3:01,3:23,3:27,5:51,6:02,6:31,6:36,8:50,8:55,9:25,9:30,11:51,12:00,12:33,12:36,14:50,14:59,15:12,15:18,17:50,18:08,18:12,18:16
AA_E_TT_FG_SR_8M_50CM_01_0,RGB,0:41,2:54,3:01,3:23,3:27,5:51,6:02,6:31,6:36,8:50,8:55,9:25,9:30,11:51,12:00,12:33,12:36,14:50,14:59,15:12,15:18,17:50,18:08,18:12,18:16
AA_E_TT_FG_SR_8M_50CM_01_0,Depth,0:41,2:54,3:01,3:23,3:27,5:51,6:02,6:31,6:36,8:50,8:55,9:25,9:30,11:51,12:00,12:33,12:36,14:50,14:59,15:12,15:18,17:50,18:08,18:12,18:16
AA_E_TT_FG_SR_8M_50CM_01_0,Thermal,0:36,2:49,2:56,3:18,3:22,5:46,5:57,6:26,6:31,8:45,8:50,9:20,9:25,11:46,11:55,12:28,12:31,14:45,14:54,15:07,15:13,17:45,18:03,18:07,18:11
AA_E_TT_FG_SR_8M_50CM_01_0,Lidar,0:24,2:37,2:44,3:06,3:10,5:34,5:45,6:14,6:19,8:33,8:38,9:08,9:13,11:34,11:43,12:16,12:19,14:33,14:42,14:55,15:01,17:33,17:51,17:55,17:59
AA_E_TT_FG_SR_8M_50CM_03_2,IR,0:54,3:11,3:24,3:47,3:51,6:01,6:11,6:41,6:47,9:06,9:11,9:48,9:53,12:03,12:12,12:40,12:42,15:06,15:13,15:38,15:44,18:04,18:22,18:40,18:45
AA_E_TT_FG_SR_8M_50CM_03_2,RGB,0:59,3:16,3:29,3:52,3:56,6:06,6:16,6:46,6:52,9:11,9:16,9:53,9:58,12:08,12:17,12:45,12:47,15:11,15:18,15:43,15:49,18:09,18:27,18:45,18:50
AA_E_TT_FG_SR_8M_50CM_03_2,Depth,0:59,3:16,3:29,3:52,3:56,6:06,6:16,6:46,6:52,9:11,9:16,9:53,9:58,12:08,12:17,12:45,12:47,15:11,15:18,15:43,15:49,18:09,18:27,18:45,18:50
AA_E_TT_FG_SR_8M_50CM_03_2,Thermal,0:53,3:10,3:23,3:46,3:50,6:00,6:10,6:40,6:46,9:05,9:10,9:47,9:52,12:02,12:11,12:39,12:41,15:05,15:12,15:37,15:43,18:03,18:21,18:39,18:44
AA_E_TT_FG_SR_8M_50CM_03_2,Lidar,0:41,2:58,3:11,3:34,3:38,5:48,5:58,6:28,6:34,8:53,8:58,9:35,9:40,11:50,11:59,12:27,12:29,14:53,15:00,15:25,15:31,17:51,18:09,18:27,18:32
AA_E_TT_FG_SR_8M_50CM_05_0,IR,1:00,3:10,3:19,3:45,3:50,6:09,6:16,6:51,6:54,9:12,9:17,9:57,10:02,12:10,12:19,12:56,12:56,15:07,15:17,15:49,15:57,18:08,18:38,18:51,18:57
AA_E_TT_FG_SR_8M_50CM_05_0,RGB,1:00,3:10,3:19,3:45,3:50,6:09,6:16,6:51,6:54,9:12,9:17,9:57,10:02,12:10,12:19,12:56,12:56,15:07,15:17,15:49,15:57,18:08,18:38,18:51,18:57
AA_E_TT_FG_SR_8M_50CM_05_0,Depth,1:00,3:10,3:19,3:45,3:50,6:09,6:16,6:51,6:54,9:12,9:17,9:57,10:02,12:10,12:19,12:56,12:56,15:07,15:17,15:49,15:57,18:08,18:38,18:51,18:57
AA_E_TT_FG_SR_8M_50CM_05_0,Thermal,1:00,3:10,3:19,3:45,3:50,6:09,6:16,6:51,6:54,9:12,9:17,9:57,10:02,12:10,12:19,12:56,12:56,15:07,15:17,15:49,15:57,18:08,18:38,18:51,18:57
AA_E_TT_FG_SR_8M_50CM_05_0,Lidar,0:47,2:57,3:06,3:32,3:37,5:56,6:03,6:38,6:41,8:59,9:04,9:44,9:49,11:57,12:06,12:43,12:43,14:54,15:04,15:36,15:44,17:55,18:25,18:38,18:44
AA_E_TT_FG_SR_S_1M_01_1,IR,0:29,2:40,2:46,3:06,3:09,5:41,5:54,6:08,6:17,8:41,8:46,9:26,9:31,11:37,11:43,12:20,12:20,14:39,14:45,15:12,15:17,17:37,18:04,18:09,18:12
AA_E_TT_FG_SR_S_1M_01_1,RGB,0:29,2:40,2:46,3:06,3:09,5:41,5:54,6:08,6:17,8:41,8:46,9:26,9:31,11:37,11:43,12:20,12:20,14:39,14:45,15:12,15:17,17:37,18:04,18:09,18:12
AA_E_TT_FG_SR_S_1M_01_1,Depth,0:29,2:40,2:46,3:06,3:09,5:41,5:54,6:08,6:17,8:41,8:46,9:26,9:31,11:37,11:43,12:20,12:20,14:39,14:45,15:12,15:17,17:37,18:04,18:09,18:12
AA_E_TT_FG_SR_S_1M_01_1,Thermal,0:35,2:46,2:52,3:12,3:15,5:47,6:00,6:14,6:23,8:47,8:52,9:32,9:37,11:43,11:49,12:26,12:26,14:45,14:51,15:18,15:23,17:43,18:10,18:15,18:18
AA_E_TT_FG_SR_S_1M_01_1,Lidar,0:15,2:26,2:32,2:52,2:55,5:27,5:40,5:54,6:03,8:27,8:32,9:12,9:17,11:23,11:29,12:06,12:06,14:25,14:31,14:58,15:03,17:23,17:50,17:55,17:58
AA_E_TT_FG_SR_S_1M_03_2,IR,1:57,4:06,4:18,4:45,4:49,7:17,7:26,8:00,8:03,10:11,10:16,10:52,10:57,13:07,13:15,13:48,13:52,16:10,16:17,16:41,16:48,19:06,19:19,19:37,19:42
AA_E_TT_FG_SR_S_1M_03_2,RGB,1:57,4:06,4:18,4:45,4:49,7:17,7:26,8:00,8:03,10:11,10:16,10:52,10:57,13:07,13:15,13:48,13:52,16:10,16:17,16:41,16:48,19:06,19:19,19:37,19:42
AA_E_TT_FG_SR_S_1M_03_2,Depth,1:57,4:06,4:18,4:45,4:49,7:17,7:26,8:00,8:03,10:11,10:16,10:52,10:57,13:07,13:15,13:48,13:52,16:10,16:17,16:41,16:48,19:06,19:19,19:37,19:42
AA_E_TT_FG_SR_S_1M_03_2,Thermal,1:52,4:01,4:13,4:40,4:44,7:12,7:21,7:55,7:58,10:06,10:11,10:47,10:52,13:02,13:10,13:43,13:47,16:05,16:12,16:36,16:43,19:01,19:14,19:32,19:37
AA_E_TT_FG_SR_S_1M_03_2,Lidar,1:39,3:48,4:00,4:27,4:31,6:59,7:08,7:42,7:45,9:53,9:58,10:34,10:39,12:49,12:57,13:30,13:34,15:52,15:59,16:23,16:30,18:48,19:01,19:19,19:24
AA_E_TT_FG_SR_S_1M_05_0,IR,0:58,3:11,3:21,3:48,3:53,6:10,6:18,6:52,7:02,9:07,9:12,9:51,9:56,12:06,12:16,12:49,12:56,15:09,15:18,15:48,15:54,18:11,18:25,18:45,18:51
AA_E_TT_FG_SR_S_1M_05_0,RGB,0:58,3:11,3:21,3:48,3:53,6:10,6:18,6:52,7:02,9:07,9:12,9:51,9:56,12:06,12:16,12:49,12:56,15:09,15:18,15:48,15:54,18:11,18:25,18:45,18:51
AA_E_TT_FG_SR_S_1M_05_0,Depth,0:58,3:11,3:21,3:48,3:53,6:10,6:18,6:52,7:02,9:07,9:12,9:51,9:56,12:06,12:16,12:49,12:56,15:09,15:18,15:48,15:54,18:11,18:25,18:45,18:51
AA_E_TT_FG_SR_S_1M_05_0,Thermal,0:55,3:08,3:18,3:45,3:50,6:07,6:15,6:49,6:59,9:04,9:09,9:48,9:53,12:03,12:13,12:46,12:53,15:06,15:15,15:45,15:51,18:08,18:22,18:42,18:48
AA_E_TT_FG_SR_S_1M_05_0,Lidar,0:40,2:53,3:03,3:30,3:35,5:52,6:00,6:34,6:44,8:49,8:54,9:33,9:38,11:48,11:58,12:31,12:38,14:51,15:00,15:30,15:36,17:53,18:07,18:27,18:33
AA_E_TT_FG_SR_S_1M_07_0,IR,1:10,3:23,3:31,4:01,4:06,6:23,6:31,7:01,7:08,9:33,9:38,10:11,10:16,13:27,13:43,14:13,14:19,17:32,17:46,18:19,18:24,20:35,20:51,21:09,21:15
AA_E_TT_FG_SR_S_1M_07_0,RGB,1:10,3:23,3:31,4:01,4:06,6:23,6:31,7:01,7:08,9:33,9:38,10:11,10:16,13:27,13:43,14:13,14:19,17:32,17:46,18:19,18:24,20:35,20:51,21:09,21:15
AA_E_TT_FG_SR_S_1M_07_0,Depth,1:10,3:23,3:31,4:01,4:06,6:23,6:31,7:01,7:08,9:33,9:38,10:11,10:16,13:27,13:43,14:13,14:19,17:32,17:46,18:19,18:24,20:35,20:51,21:09,21:15
AA_E_TT_FG_SR_S_1M_07_0,Thermal,1:08,3:21,3:29,3:59,4:04,6:21,6:29,6:59,7:06,9:31,9:36,10:09,10:14,13:25,13:41,14:11,14:17,17:30,17:44,18:17,18:22,20:33,20:49,21:07,21:13
AA_E_TT_FG_SR_S_1M_07_0,Lidar,0:57,3:10,3:18,3:48,3:53,6:10,6:18,6:48,6:55,9:20,9:25,9:58,10:03,13:14,13:30,14:00,14:06,17:19,17:33,18:06,18:11,20:22,20:38,20:56,21:02
AA_E_TT_FG_SR_S_50CM_01_0,IR,2:28,4:39,4:45,5:05,5:08,7:40,7:53,8:07,8:16,10:40,10:45,11:25,11:30,13:36,13:42,14:19,14:19,16:38,16:44,17:11,17:16,19:36,20:03,20:08,20:11
AA_E_TT_FG_SR_S_50CM_01_0,RGB,2:28,4:39,4:45,5:05,5:08,7:40,7:53,8:07,8:16,10:40,10:45,11:25,11:30,13:36,13:42,14:19,14:19,16:38,16:44,17:11,17:16,19:36,20:03,20:08,20:11
AA_E_TT_FG_SR_S_50CM_01_0,Depth,2:28,4:39,4:45,5:05,5:08,7:40,7:53,8:07,8:16,10:40,10:45,11:25,11:30,13:36,13:42,14:19,14:19,16:38,16:44,17:11,17:16,19:36,20:03,20:08,20:11
AA_E_TT_FG_SR_S_50CM_01_0,Thermal,2:23,4:34,4:40,5:00,5:03,7:35,7:48,8:02,8:11,10:35,10:40,11:20,11:25,13:31,13:37,14:14,14:14,16:33,16:39,17:06,17:11,19:31,19:58,20:03,20:06
AA_E_TT_FG_SR_S_50CM_01_0,Lidar,2:00,4:11,4:17,4:37,4:40,7:12,7:25,7:39,7:48,10:12,10:17,10:57,11:02,13:08,13:14,13:51,13:51,16:10,16:16,16:43,16:48,19:08,19:35,19:40,19:43
AA_E_TT_FG_SR_S_50CM_03_2,IR,2:17,4:26,4:38,5:05,5:09,7:37,7:46,8:20,8:23,10:31,10:36,11:12,11:17,13:27,13:35,14:08,14:12,16:30,16:37,17:01,17:08,19:26,19:39,19:57,20:02
AA_E_TT_FG_SR_S_50CM_03_2,RGB,2:17,4:26,4:38,5:05,5:09,7:37,7:46,8:20,8:23,10:31,10:36,11:12,11:17,13:27,13:35,14:08,14:12,16:30,16:37,17:01,17:08,19:26,19:39,19:57,20:02
AA_E_TT_FG_SR_S_50CM_03_2,Depth,2:17,4:26,4:38,5:05,5:09,7:37,7:46,8:20,8:23,10:31,10:36,11:12,11:17,13:27,13:35,14:08,14:12,16:30,16:37,17:01,17:08,19:26,19:39,19:57,20:02
AA_E_TT_FG_SR_S_50CM_03_2,Thermal,2:15,4:24,4:36,5:03,5:07,7:35,7:44,8:18,8:21,10:29,10:34,11:10,11:15,13:25,13:33,14:06,14:10,16:28,16:35,16:59,17:06,19:24,19:37,19:55,20:00
AA_E_TT_FG_SR_S_50CM_03_2,Lidar,1:53,4:02,4:14,4:41,4:45,7:13,7:22,7:56,7:59,10:07,10:12,10:48,10:53,13:03,13:11,13:44,13:48,16:06,16:13,16:37,16:44,19:02,19:15,19:33,19:38
AA_E_TT_FG_SR_S_50CM_05_0,IR,1:06,3:20,3:27,3:57,4:03,6:18,6:28,6:58,7:05,9:31,9:36,10:06,10:11,13:25,13:38,14:09,14:14,17:32,17:43,18:16,18:20,20:32,20:47,21:06,21:11
AA_E_TT_FG_SR_S_50CM_05_0,RGB,1:06,3:20,3:27,3:57,4:03,6:18,6:28,6:58,7:05,9:31,9:36,10:06,10:11,13:25,13:38,14:09,14:14,17:32,17:43,18:16,18:20,20:32,20:47,21:06,21:11
AA_E_TT_FG_SR_S_50CM_05_0,Depth,1:06,3:20,3:27,3:57,4:03,6:18,6:28,6:58,7:05,9:31,9:36,10:06,10:11,13:25,13:38,14:09,14:14,17:32,17:43,18:16,18:20,20:32,20:47,21:06,21:11
AA_E_TT_FG_SR_S_50CM_05_0,Thermal,1:04,3:18,3:25,3:55,4:01,6:16,6:26,6:56,7:03,9:29,9:34,10:04,10:09,13:23,13:36,14:07,14:12,17:30,17:41,18:14,18:18,20:30,20:45,21:04,21:09
AA_E_TT_FG_SR_S_50CM_05_0,Lidar,0:55,3:09,3:16,3:46,3:52,6:07,6:17,6:47,6:54,9:20,9:25,9:55,10:00,13:14,13:27,13:58,14:03,17:21,17:32,18:05,18:09,20:21,20:36,20:55,21:00
AA_E_TT_FG_SS_6M_1M_01_1,IR,1:07,3:17,3:26,3:44,3:49,6:17,6:23,6:53,6:56,9:19,9:24,9:50,9:55,12:16,12:30,12:43,12:46,15:16,15:19,15:39,15:45,18:16,18:32,18:42,18:47
AA_E_TT_FG_SS_6M_1M_01_1,RGB,1:07,3:17,3:26,3:44,3:49,6:17,6:23,6:53,6:56,9:19,9:24,9:50,9:55,12:16,12:30,12:43,12:46,15:16,15:19,15:39,15:45,18:16,18:32,18:42,18:47
AA_E_TT_FG_SS_6M_1M_01_1,Depth,1:07,3:17,3:26,3:44,3:49,6:17,6:23,6:53,6:56,9:19,9:24,9:50,9:55,12:16,12:30,12:43,12:46,15:16,15:19,15:39,15:45,18:16,18:32,18:42,18:47
AA_E_TT_FG_SS_6M_1M_01_1,Thermal,1:04,3:14,3:23,3:41,3:46,6:14,6:20,6:50,6:53,9:16,9:21,9:47,9:52,12:13,12:27,12:40,12:43,15:13,15:16,15:36,15:42,18:13,18:29,18:39,18:44
AA_E_TT_FG_SS_6M_1M_01_1,Lidar,0:49,2:59,3:08,3:26,3:31,5:59,6:05,6:35,6:38,9:01,9:06,9:32,9:37,11:58,12:12,12:25,12:28,14:58,15:01,15:21,15:27,17:58,18:14,18:24,18:29
AA_E_TT_FG_SS_6M_1M_03_0,IR,0:54,3:03,3:09,3:32,3:37,6:03,6:09,6:47,6:47,9:03,9:08,9:44,9:49,12:01,12:11,12:37,12:42,15:03,15:11,15:39,15:46,18:03,18:32,18:37,18:41
AA_E_TT_FG_SS_6M_1M_03_0,RGB,0:54,3:03,3:09,3:32,3:37,6:03,6:09,6:47,6:47,9:03,9:08,9:44,9:49,12:01,12:11,12:37,12:42,15:03,15:11,15:39,15:46,18:03,18:32,18:37,18:41
AA_E_TT_FG_SS_6M_1M_03_0,Depth,0:54,3:03,3:09,3:32,3:37,6:03,6:09,6:47,6:47,9:03,9:08,9:44,9:49,12:01,12:11,12:37,12:42,15:03,15:11,15:39,15:46,18:03,18:32,18:37,18:41
AA_E_TT_FG_SS_6M_1M_03_0,Thermal,0:52,3:01,3:07,3:30,3:35,6:01,6:07,6:45,6:45,9:01,9:06,9:42,9:47,11:59,12:09,12:35,12:40,15:01,15:09,15:37,15:44,18:01,18:30,18:35,18:39
AA_E_TT_FG_SS_6M_1M_03_0,Lidar,0:44,2:53,2:59,3:22,3:27,5:53,5:59,6:37,6:37,8:53,8:58,9:34,9:39,11:51,12:01,12:27,12:32,14:53,15:01,15:29,15:36,17:53,18:22,18:27,18:31
AA_E_TT_FG_SS_6M_1M_05_0,IR,0:42,2:48,2:56,3:29,3:35,5:52,5:57,6:33,6:38,8:52,8:57,9:40,9:45,11:47,11:53,12:35,12:35,14:47,14:58,15:32,15:38,17:49,17:59,18:31,18:36
AA_E_TT_FG_SS_6M_1M_05_0,RGB,0:42,2:48,2:56,3:29,3:35,5:52,5:57,6:33,6:38,8:52,8:57,9:40,9:45,11:47,11:53,12:35,12:35,14:47,14:58,15:32,15:38,17:49,17:59,18:31,18:36
AA_E_TT_FG_SS_6M_1M_05_0,Depth,0:42,2:48,2:56,3:29,3:35,5:52,5:57,6:33,6:38,8:52,8:57,9:40,9:45,11:47,11:53,12:35,12:35,14:47,14:58,15:32,15:38,17:49,17:59,18:31,18:36
AA_E_TT_FG_SS_6M_1M_05_0,Thermal,0:40,2:46,2:54,3:27,3:33,5:50,5:55,6:31,6:36,8:50,8:55,9:38,9:43,11:45,11:51,12:33,12:33,14:45,14:56,15:30,15:36,17:47,17:57,18:29,18:34
AA_E_TT_FG_SS_6M_1M_05_0,Lidar,0:30,2:36,2:44,3:17,3:23,5:40,5:45,6:21,6:26,8:40,8:45,9:28,9:33,11:35,11:41,12:23,12:23,14:35,14:46,15:20,15:26,17:37,17:47,18:19,18:24
AA_E_TT_FG_SS_6M_50CM_01_0,IR,1:07,3:17,3:26,3:44,3:49,6:17,6:23,6:53,6:56,9:19,9:24,9:50,9:55,12:16,12:30,12:43,12:46,15:16,15:19,15:39,15:45,18:16,18:32,18:42,18:47
AA_E_TT_FG_SS_6M_50CM_01_0,RGB,1:07,3:17,3:26,3:44,3:49,6:17,6:23,6:53,6:56,9:19,9:24,9:50,9:55,12:16,12:30,12:43,12:46,15:16,15:19,15:39,15:45,18:16,18:32,18:42,18:47
AA_E_TT_FG_SS_6M_50CM_01_0,Depth,1:07,3:17,3:26,3:44,3:49,6:17,6:23,6:53,6:56,9:19,9:24,9:50,9:55,12:16,12:30,12:43,12:46,15:16,15:19,15:39,15:45,18:16,18:32,18:42,18:47
AA_E_TT_FG_SS_6M_50CM_01_0,Thermal,1:02,3:12,3:21,3:39,3:44,6:12,6:18,6:48,6:51,9:14,9:19,9:45,9:50,12:11,12:25,12:38,12:41,15:11,15:14,15:34,15:40,18:11,18:27,18:37,18:42
AA_E_TT_FG_SS_6M_50CM_01_0,Lidar,0:42,2:52,3:01,3:19,3:24,5:52,5:58,6:28,6:31,8:54,8:59,9:25,9:30,11:51,12:05,12:18,12:21,14:51,14:54,15:14,15:20,17:51,18:07,18:17,18:22
AA_E_TT_FG_SS_6M_50CM_03_0,IR,0:52,3:01,3:07,3:30,3:35,6:01,6:07,6:45,6:45,9:01,9:06,9:42,9:47,11:59,12:09,12:35,12:40,15:01,15:09,15:37,15:44,18:01,18:30,18:35,18:39
AA_E_TT_FG_SS_6M_50CM_03_0,RGB,0:52,3:01,3:07,3:30,3:35,6:01,6:07,6:45,6:45,9:01,9:06,9:42,9:47,11:59,12:09,12:35,12:40,15:01,15:09,15:37,15:44,18:01,18:30,18:35,18:39
AA_E_TT_FG_SS_6M_50CM_03_0,Depth,0:52,3:01,3:07,3:30,3:35,6:01,6:07,6:45,6:45,9:01,9:06,9:42,9:47,11:59,12:09,12:35,12:40,15:01,15:09,15:37,15:44,18:01,18:30,18:35,18:39
AA_E_TT_FG_SS_6M_50CM_03_0,Thermal,0:51,3:00,3:06,3:29,3:34,6:00,6:06,6:44,6:44,9:00,9:05,9:41,9:46,11:58,12:08,12:34,12:39,15:00,15:08,15:36,15:43,18:00,18:29,18:34,18:38
AA_E_TT_FG_SS_6M_50CM_03_0,Lidar,0:42,2:51,2:57,3:20,3:25,5:51,5:57,6:35,6:35,8:51,8:56,9:32,9:37,11:49,11:59,12:25,12:30,14:51,14:59,15:27,15:34,17:51,18:20,18:25,18:29
AA_E_TT_FG_SS_6M_50CM_05_0,IR,0:41,2:47,2:55,3:28,3:34,5:51,5:56,6:32,6:37,8:51,8:56,9:39,9:44,11:46,11:52,12:34,12:34,14:46,14:57,15:31,15:37,17:48,17:58,18:30,18:35
AA_E_TT_FG_SS_6M_50CM_05_0,RGB,0:41,2:47,2:55,3:28,3:34,5:51,5:56,6:32,6:37,8:51,8:56,9:39,9:44,11:46,11:52,12:34,12:34,14:46,14:57,15:31,15:37,17:48,17:58,18:30,18:35
AA_E_TT_FG_SS_6M_50CM_05_0,Depth,0:41,2:47,2:55,3:28,3:34,5:51,5:56,6:32,6:37,8:51,8:56,9:39,9:44,11:46,11:52,12:34,12:34,14:46,14:57,15:31,15:37,17:48,17:58,18:30,18:35
AA_E_TT_FG_SS_6M_50CM_05_0,Thermal,0:38,2:44,2:52,3:25,3:31,5:48,5:53,6:29,6:34,8:48,8:53,9:36,9:41,11:43,11:49,12:31,12:31,14:43,14:54,15:28,15:34,17:45,17:55,18:27,18:32
AA_E_TT_FG_SS_6M_50CM_05_0,Lidar,0:28,2:34,2:42,3:15,3:21,5:38,5:43,6:19,6:24,8:38,8:43,9:26,9:31,11:33,11:39,12:21,12:21,14:33,14:44,15:18,15:24,17:35,17:45,18:17,18:22
AA_E_TT_FG_SS_8M_1M_01_1,IR,1:49,4:00,4:12,4:24,4:31,6:56,7:15,7:27,7:33,9:54,9:59,10:28,10:33,12:54,13:11,13:45,13:45,15:58,16:06,16:26,16:32,18:54,19:04,19:18,19:24
AA_E_TT_FG_SS_8M_1M_01_1,RGB,1:49,4:00,4:12,4:24,4:31,6:56,7:15,7:27,7:33,9:54,9:59,10:28,10:33,12:54,13:11,13:45,13:45,15:58,16:06,16:26,16:32,18:54,19:04,19:18,19:24
AA_E_TT_FG_SS_8M_1M_01_1,Depth,1:49,4:00,4:12,4:24,4:31,6:56,7:15,7:27,7:33,9:54,9:59,10:28,10:33,12:54,13:11,13:45,13:45,15:58,16:06,16:26,16:32,18:54,19:04,19:18,19:24
AA_E_TT_FG_SS_8M_1M_01_1,Thermal,1:48,3:59,4:11,4:23,4:30,6:55,7:14,7:26,7:32,9:53,9:58,10:27,10:32,12:53,13:10,13:44,13:44,15:57,16:05,16:25,16:31,18:53,19:03,19:17,19:23
AA_E_TT_FG_SS_8M_1M_01_1,Lidar,0:58,3:09,3:21,3:33,3:40,6:05,6:24,6:36,6:42,9:03,9:08,9:37,9:42,12:03,12:20,12:54,12:54,15:07,15:15,15:35,15:41,18:03,18:13,18:27,18:33
AA_E_TT_FG_SS_8M_1M_03_0,IR,1:21,3:33,3:41,4:07,4:11,6:42,6:47,7:15,7:19,9:30,9:35,10:17,10:22,12:30,12:44,13:09,13:09,15:31,15:41,16:10,16:14,18:31,18:45,18:58,19:05
AA_E_TT_FG_SS_8M_1M_03_0,RGB,1:21,3:33,3:41,4:07,4:11,6:42,6:47,7:15,7:19,9:30,9:35,10:17,10:22,12:30,12:44,13:09,13:09,15:31,15:41,16:10,16:14,18:31,18:45,18:58,19:05
AA_E_TT_FG_SS_8M_1M_03_0,Depth,1:21,3:33,3:41,4:07,4:11,6:42,6:47,7:15,7:19,9:30,9:35,10:17,10:22,12:30,12:44,13:09,13:09,15:31,15:41,16:10,16:14,18:31,18:45,18:58,19:05
AA_E_TT_FG_SS_8M_1M_03_0,Thermal,1:21,3:33,3:41,4:07,4:11,6:42,6:47,7:15,7:19,9:30,9:35,10:17,10:22,12:30,12:44,13:09,13:09,15:31,15:41,16:10,16:14,18:31,18:45,18:58,19:05
AA_E_TT_FG_SS_8M_1M_03_0,Lidar,1:09,3:21,3:29,3:55,3:59,6:30,6:35,7:03,7:07,9:18,9:23,10:05,10:10,12:18,12:32,12:57,12:57,15:19,15:29,15:58,16:02,18:19,18:33,18:46,18:53
AA_E_TT_FG_SS_8M_1M_05_0,IR,0:34,2:56,3:04,3:30,3:36,6:00,6:05,6:26,6:40,8:58,9:03,9:40,9:45,11:57,12:10,12:48,12:48,14:56,15:06,15:38,15:43,17:57,18:13,18:32,18:42
AA_E_TT_FG_SS_8M_1M_05_0,RGB,0:34,2:56,3:04,3:30,3:36,6:00,6:05,6:26,6:40,8:58,9:03,9:40,9:45,11:57,12:10,12:48,12:48,14:56,15:06,15:38,15:43,17:57,18:13,18:32,18:42
AA_E_TT_FG_SS_8M_1M_05_0,Depth,0:34,2:56,3:04,3:30,3:36,6:00,6:05,6:26,6:40,8:58,9:03,9:40,9:45,11:57,12:10,12:48,12:48,14:56,15:06,15:38,15:43,17:57,18:13,18:32,18:42
AA_E_TT_FG_SS_8M_1M_05_0,Thermal,0:31,2:53,3:01,3:27,3:33,5:57,6:02,6:23,6:37,8:55,9:00,9:37,9:42,11:54,12:07,12:45,12:45,14:53,15:03,15:35,15:40,17:54,18:10,18:29,18:39
AA_E_TT_FG_SS_8M_1M_05_0,Lidar,0:24,2:46,2:54,3:20,3:26,5:50,5:55,6:16,6:30,8:48,8:53,9:30,9:35,11:47,12:00,12:38,12:38,14:46,14:56,15:28,15:33,17:47,18:03,18:22,18:32
AA_E_TT_FG_SS_8M_50CM_01_0,IR,1:35,3:46,3:58,4:10,4:17,6:42,7:01,7:13,7:19,9:40,9:45,10:14,10:19,12:40,12:57,13:31,13:31,15:44,15:52,16:12,16:18,18:40,18:50,19:04,19:10
AA_E_TT_FG_SS_8M_50CM_01_0,RGB,1:35,3:46,3:58,4:10,4:17,6:42,7:01,7:13,7:19,9:40,9:45,10:14,10:19,12:40,12:57,13:31,13:31,15:44,15:52,16:12,16:18,18:40,18:50,19:04,19:10
AA_E_TT_FG_SS_8M_50CM_01_0,Depth,1:35,3:46,3:58,4:10,4:17,6:42,7:01,7:13,7:19,9:40,9:45,10:14,10:19,12:40,12:57,13:31,13:31,15:44,15:52,16:12,16:18,18:40,18:50,19:04,19:10
AA_E_TT_FG_SS_8M_50CM_01_0,Thermal,1:30,3:41,3:53,4:05,4:12,6:37,6:56,7:08,7:14,9:35,9:40,10:09,10:14,12:35,12:52,13:26,13:26,15:39,15:47,16:07,16:13,18:35,18:45,18:59,19:05
AA_E_TT_FG_SS_8M_50CM_01_0,Lidar,1:19,3:30,3:42,3:54,4:01,6:26,6:45,6:57,7:03,9:24,9:29,9:58,10:03,12:24,12:41,13:15,13:15,15:28,15:36,15:56,16:02,18:24,18:34,18:48,18:54
AA_E_TT_FG_SS_8M_50CM_03_0,IR,1:10,3:22,3:30,3:56,4:00,6:31,6:36,7:04,7:08,9:19,9:24,10:06,10:11,12:19,12:33,12:58,12:58,15:20,15:30,15:59,16:03,18:20,18:34,18:47,18:54
AA_E_TT_FG_SS_8M_50CM_03_0,RGB,1:10,3:22,3:30,3:56,4:00,6:31,6:36,7:04,7:08,9:19,9:24,10:06,10:11,12:19,12:33,12:58,12:58,15:20,15:30,15:59,16:03,18:20,18:34,18:47,18:54
AA_E_TT_FG_SS_8M_50CM_03_0,Depth,1:10,3:22,3:30,3:56,4:00,6:31,6:36,7:04,7:08,9:19,9:24,10:06,10:11,12:19,12:33,12:58,12:58,15:20,15:30,15:59,16:03,18:20,18:34,18:47,18:54
AA_E_TT_FG_SS_8M_50CM_03_0,Thermal,1:08,3:20,3:28,3:54,3:58,6:29,6:34,7:02,7:06,9:17,9:22,10:04,10:09,12:17,12:31,12:56,12:56,15:18,15:28,15:57,16:01,18:18,18:32,18:45,18:52
AA_E_TT_FG_SS_8M_50CM_03_0,Lidar,0:53,3:05,3:13,3:39,3:43,6:14,6:19,6:47,6:51,9:02,9:07,9:49,9:54,12:02,12:16,12:41,12:41,15:03,15:13,15:42,15:46,18:03,18:17,18:30,18:37
AA_E_TT_FG_SS_8M_50CM_05_0,IR,0:34,2:56,3:04,3:30,3:36,6:00,6:05,6:26,6:40,8:58,9:03,9:40,9:45,11:57,12:10,12:48,12:48,14:56,15:06,15:38,15:43,17:57,18:13,18:32,18:42
AA_E_TT_FG_SS_8M_50CM_05_0,RGB,0:34,2:56,3:04,3:30,3:36,6:00,6:05,6:26,6:40,8:58,9:03,9:40,9:45,11:57,12:10,12:48,12:48,14:56,15:06,15:38,15:43,17:57,18:13,18:32,18:42
AA_E_TT_FG_SS_8M_50CM_05_0,Depth,0:34,2:56,3:04,3:30,3:36,6:00,6:05,6:26,6:40,8:58,9:03,9:40,9:45,11:57,12:10,12:48,12:48,14:56,15:06,15:38,15:43,17:57,18:13,18:32,18:42
AA_E_TT_FG_SS_8M_50CM_05_0,Thermal,0:31,2:53,3:01,3:27,3:33,5:57,6:02,6:23,6:37,8:55,9:00,9:37,9:42,11:54,12:07,12:45,12:45,14:53,15:03,15:35,15:40,17:54,18:10,18:29,18:39
AA_E_TT_FG_SS_8M_50CM_05_0,Lidar,0:22,2:44,2:52,3:18,3:24,5:48,5:53,6:14,6:28,8:46,8:51,9:28,9:33,11:45,11:58,12:36,12:36,14:44,14:54,15:26,15:31,17:45,18:01,18:20,18:30
AA_E_TT_FG_SS_S_1M_01_1,IR,0:48,2:56,3:02,3:17,3:21,5:55,6:02,6:21,6:27,8:59,9:04,9:30,9:35,11:54,12:00,12:25,12:29,14:55,15:00,15:22,15:31,17:53,18:02,18:17,18:21
AA_E_TT_FG_SS_S_1M_01_1,RGB,0:48,2:56,3:02,3:17,3:21,5:55,6:02,6:21,6:27,8:59,9:04,9:30,9:35,11:54,12:00,12:25,12:29,14:55,15:00,15:22,15:31,17:53,18:02,18:17,18:21
AA_E_TT_FG_SS_S_1M_01_1,Depth,0:48,2:56,3:02,3:17,3:21,5:55,6:02,6:21,6:27,8:59,9:04,9:30,9:35,11:54,12:00,12:25,12:29,14:55,15:00,15:22,15:31,17:53,18:02,18:17,18:21
AA_E_TT_FG_SS_S_1M_01_1,Thermal,0:44,2:52,2:58,3:13,3:17,5:51,5:58,6:17,6:23,8:55,9:00,9:26,9:31,11:50,11:56,12:21,12:25,14:51,14:56,15:18,15:27,17:49,17:58,18:13,18:17
AA_E_TT_FG_SS_S_1M_01_1,Lidar,0:34,2:42,2:48,3:03,3:07,5:41,5:48,6:07,6:13,8:45,8:50,9:16,9:21,11:40,11:46,12:11,12:15,14:41,14:46,15:08,15:17,17:39,17:48,18:03,18:07
AA_E_TT_FG_SS_S_1M_03_0,IR,0:26,2:38,2:47,3:13,3:17,5:39,5:48,6:22,6:26,8:38,8:43,9:16,9:21,11:38,11:45,12:18,12:22,14:41,14:48,15:10,15:16,17:39,17:59,18:10,18:15
AA_E_TT_FG_SS_S_1M_03_0,RGB,0:26,2:38,2:47,3:13,3:17,5:39,5:48,6:22,6:26,8:38,8:43,9:16,9:21,11:38,11:45,12:18,12:22,14:41,14:48,15:10,15:16,17:39,17:59,18:10,18:15
AA_E_TT_FG_SS_S_1M_03_0,Depth,0:26,2:38,2:47,3:13,3:17,5:39,5:48,6:22,6:26,8:38,8:43,9:16,9:21,11:38,11:45,12:18,12:22,14:41,14:48,15:10,15:16,17:39,17:59,18:10,18:15
AA_E_TT_FG_SS_S_1M_03_0,Thermal,0:24,2:36,2:45,3:11,3:15,5:37,5:46,6:20,6:24,8:36,8:41,9:14,9:19,11:36,11:43,12:16,12:20,14:39,14:46,15:08,15:14,17:37,17:57,18:08,18:13
AA_E_TT_FG_SS_S_1M_03_0,Lidar,0:16,2:28,2:37,3:03,3:07,5:29,5:38,6:12,6:16,8:28,8:33,9:06,9:11,11:28,11:35,12:08,12:12,14:31,14:38,15:00,15:06,17:29,17:49,18:00,18:05
AA_E_TT_FG_SS_S_1M_05_0,IR,1:34,3:55,4:06,4:35,4:40,6:56,7:04,7:43,7:49,9:47,9:52,10:41,10:46,12:54,12:59,13:31,13:38,15:52,16:01,16:30,16:36,18:57,19:10,19:32,19:38
AA_E_TT_FG_SS_S_1M_05_0,RGB,1:34,3:55,4:06,4:35,4:40,6:56,7:04,7:43,7:49,9:47,9:52,10:41,10:46,12:54,12:59,13:31,13:38,15:52,16:01,16:30,16:36,18:57,19:10,19:32,19:38
AA_E_TT_FG_SS_S_1M_05_0,Depth,1:34,3:55,4:06,4:35,4:40,6:56,7:04,7:43,7:49,9:47,9:52,10:41,10:46,12:54,12:59,13:31,13:38,15:52,16:01,16:30,16:36,18:57,19:10,19:32,19:38
AA_E_TT_FG_SS_S_1M_05_0,Thermal,1:32,3:53,4:04,4:33,4:38,6:54,7:02,7:41,7:47,9:45,9:50,10:39,10:44,12:52,12:57,13:29,13:36,15:50,15:59,16:28,16:34,18:55,19:08,19:30,19:36
AA_E_TT_FG_SS_S_1M_05_0,Lidar,1:23,3:44,3:55,4:24,4:29,6:45,6:53,7:32,7:38,9:36,9:41,10:30,10:35,12:43,12:48,13:20,13:27,15:41,15:50,16:19,16:25,18:46,18:59,19:21,19:27
AA_E_TT_FG_SS_S_50CM_01_0,IR,0:49,2:57,3:03,3:18,3:22,5:56,6:03,6:22,6:28,9:00,9:05,9:31,9:36,11:55,12:01,12:26,12:30,14:56,15:01,15:23,15:32,17:54,18:03,18:18,18:22
AA_E_TT_FG_SS_S_50CM_01_0,RGB,0:49,2:57,3:03,3:18,3:22,5:56,6:03,6:22,6:28,9:00,9:05,9:31,9:36,11:55,12:01,12:26,12:30,14:56,15:01,15:23,15:32,17:54,18:03,18:18,18:22
AA_E_TT_FG_SS_S_50CM_01_0,Depth,0:49,2:57,3:03,3:18,3:22,5:56,6:03,6:22,6:28,9:00,9:05,9:31,9:36,11:55,12:01,12:26,12:30,14:56,15:01,15:23,15:32,17:54,18:03,18:18,18:22
AA_E_TT_FG_SS_S_50CM_01_0,Thermal,0:48,2:56,3:02,3:17,3:21,5:55,6:02,6:21,6:27,8:59,9:04,9:30,9:35,11:54,12:00,12:25,12:29,14:55,15:00,15:22,15:31,17:53,18:02,18:17,18:21
AA_E_TT_FG_SS_S_50CM_01_0,Lidar,0:41,2:49,2:55,3:10,3:14,5:48,5:55,6:14,6:20,8:52,8:57,9:23,9:28,11:47,11:53,12:18,12:22,14:48,14:53,15:15,15:24,17:46,17:55,18:10,18:14
AA_E_TT_FG_SS_S_50CM_03_0,IR,0:55,3:13,3:22,3:41,3:46,6:13,6:20,6:49,6:53,9:13,9:18,9:51,9:56,12:11,12:15,12:48,12:49,15:13,15:17,15:47,15:53,18:14,18:23,18:44,18:47
AA_E_TT_FG_SS_S_50CM_03_0,RGB,0:55,3:13,3:22,3:41,3:46,6:13,6:20,6:49,6:53,9:13,9:18,9:51,9:56,12:11,12:15,12:48,12:49,15:13,15:17,15:47,15:53,18:14,18:23,18:44,18:47
AA_E_TT_FG_SS_S_50CM_03_0,Depth,0:55,3:13,3:22,3:41,3:46,6:13,6:20,6:49,6:53,9:13,9:18,9:51,9:56,12:11,12:15,12:48,12:49,15:13,15:17,15:47,15:53,18:14,18:23,18:44,18:47
AA_E_TT_FG_SS_S_50CM_03_0,Thermal,0:53,3:11,3:20,3:39,3:44,6:11,6:18,6:47,6:51,9:11,9:16,9:49,9:54,12:09,12:13,12:46,12:47,15:11,15:15,15:45,15:51,18:12,18:21,18:42,18:45
AA_E_TT_FG_SS_S_50CM_03_0,Lidar,0:46,3:04,3:13,3:32,3:37,6:04,6:11,6:40,6:44,9:04,9:09,9:42,9:47,12:02,12:06,12:39,12:40,15:04,15:08,15:38,15:44,18:05,18:14,18:35,18:38
AA_E_TT_FG_SS_S_50CM_05_0,IR,1:27,3:48,3:59,4:28,4:33,6:49,6:57,7:36,7:42,9:40,9:45,10:34,10:39,12:47,12:52,13:24,13:31,15:45,15:54,16:23,16:29,18:50,19:03,19:25,19:31
AA_E_TT_FG_SS_S_50CM_05_0,RGB,1:27,3:48,3:59,4:28,4:33,6:49,6:57,7:36,7:42,9:40,9:45,10:34,10:39,12:47,12:52,13:24,13:31,15:45,15:54,16:23,16:29,18:50,19:03,19:25,19:31
AA_E_TT_FG_SS_S_50CM_05_0,Depth,1:27,3:48,3:59,4:28,4:33,6:49,6:57,7:36,7:42,9:40,9:45,10:34,10:39,12:47,12:52,13:24,13:31,15:45,15:54,16:23,16:29,18:50,19:03,19:25,19:31
AA_E_TT_FG_SS_S_50CM_05_0,Thermal,1:24,3:45,3:56,4:25,4:30,6:46,6:54,7:33,7:39,9:37,9:42,10:31,10:36,12:44,12:49,13:21,13:28,15:42,15:51,16:20,16:26,18:47,19:00,19:22,19:28
AA_E_TT_FG_SS_S_50CM_05_0,Lidar,1:08,3:29,3:40,4:09,4:14,6:30,6:38,7:17,7:23,9:21,9:26,10:15,10:20,12:28,12:33,13:05,13:12,15:26,15:35,16:04,16:10,18:31,18:44,19:06,19:12
AA_E_TT_RN_DY_6M_1M_01_1,IR,0:58,3:10,3:20,3:32,3:37,6:09,6:14,6:45,6:49,9:08,9:13,9:39,9:44,12:09,12:14,12:37,12:37,15:10,15:14,15:36,15:43,18:09,18:14,18:20,18:26
AA_E_TT_RN_DY_6M_1M_01_1,RGB,0:58,3:10,3:20,3:32,3:37,6:09,6:14,6:45,6:49,9:08,9:13,9:39,9:44,12:09,12:14,12:37,12:37,15:10,15:14,15:36,15:43,18:09,18:14,18:20,18:26
AA_E_TT_RN_DY_6M_1M_01_1,Depth,0:58,3:10,3:20,3:32,3:37,6:09,6:14,6:45,6:49,9:08,9:13,9:39,9:44,12:09,12:14,12:37,12:37,15:10,15:14,15:36,15:43,18:09,18:14,18:20,18:26
AA_E_TT_RN_DY_6M_1M_01_1,Thermal,0:57,3:09,3:19,3:31,3:36,6:08,6:13,6:44,6:48,9:07,9:12,9:38,9:43,12:08,12:13,12:36,12:36,15:09,15:13,15:35,15:42,18:08,18:13,18:19,18:25
AA_E_TT_RN_DY_6M_1M_01_1,Lidar,0:39,2:51,3:01,3:13,3:18,5:50,5:55,6:26,6:30,8:49,8:54,9:20,9:25,11:50,11:55,12:18,12:18,14:51,14:55,15:17,15:24,17:50,17:55,18:01,18:07
AA_E_TT_RN_DY_6M_1M_03_1,IR,1:19,3:31,3:38,3:58,4:03,6:30,6:34,7:01,7:04,9:33,9:38,10:12,10:17,12:28,12:35,13:08,13:10,15:29,15:35,15:57,16:02,18:29,18:42,18:55,19:01
AA_E_TT_RN_DY_6M_1M_03_1,RGB,1:19,3:31,3:38,3:58,4:03,6:30,6:34,7:01,7:04,9:33,9:38,10:12,10:17,12:28,12:35,13:08,13:10,15:29,15:35,15:57,16:02,18:29,18:42,18:55,19:01
AA_E_TT_RN_DY_6M_1M_03_1,Depth,1:19,3:31,3:38,3:58,4:03,6:30,6:34,7:01,7:04,9:33,9:38,10:12,10:17,12:28,12:35,13:08,13:10,15:29,15:35,15:57,16:02,18:29,18:42,18:55,19:01
AA_E_TT_RN_DY_6M_1M_03_1,Thermal,1:18,3:30,3:37,3:57,4:02,6:29,6:33,7:00,7:03,9:32,9:37,10:11,10:16,12:27,12:34,13:07,13:09,15:28,15:34,15:56,16:01,18:28,18:41,18:54,19:00
AA_E_TT_RN_DY_6M_1M_03_1,Lidar,1:04,3:16,3:23,3:43,3:48,6:15,6:19,6:46,6:49,9:18,9:23,9:57,10:02,12:13,12:20,12:53,12:55,15:14,15:20,15:42,15:47,18:14,18:27,18:40,18:46
AA_E_TT_RN_DY_6M_1M_05_0,IR,0:38,3:56,4:10,4:32,4:36,6:54,6:59,7:24,7:31,9:56,10:01,10:32,10:37,12:54,13:01,13:32,13:35,15:53,15:58,16:29,16:35,18:52,19:11,19:19,19:24
AA_E_TT_RN_DY_6M_1M_05_0,RGB,0:38,3:56,4:10,4:32,4:36,6:54,6:59,7:24,7:31,9:56,10:01,10:32,10:37,12:54,13:01,13:32,13:35,15:53,15:58,16:29,16:35,18:52,19:11,19:19,19:24
AA_E_TT_RN_DY_6M_1M_05_0,Depth,0:38,3:56,4:10,4:32,4:36,6:54,6:59,7:24,7:31,9:56,10:01,10:32,10:37,12:54,13:01,13:32,13:35,15:53,15:58,16:29,16:35,18:52,19:11,19:19,19:24
AA_E_TT_RN_DY_6M_1M_05_0,Thermal,0:35,3:53,4:07,4:29,4:33,6:51,6:56,7:21,7:28,9:53,9:58,10:29,10:34,12:51,12:58,13:29,13:32,15:50,15:55,16:26,16:32,18:49,19:08,19:16,19:21
AA_E_TT_RN_DY_6M_1M_05_0,Lidar,0:26,3:44,3:58,4:20,4:24,6:42,6:47,7:12,7:19,9:44,9:49,10:20,10:25,12:42,12:49,13:20,13:23,15:41,15:46,16:17,16:23,18:40,18:59,18:57,19:12
AA_E_TT_RN_DY_6M_50CM_01_0,IR,0:59,3:11,3:21,3:33,3:38,6:10,6:15,6:46,6:50,9:09,9:14,9:40,9:45,12:10,12:15,12:38,12:38,15:11,15:15,15:37,15:44,18:10,18:15,18:21,18:27
AA_E_TT_RN_DY_6M_50CM_01_0,RGB,0:59,3:11,3:21,3:33,3:38,6:10,6:15,6:46,6:50,9:09,9:14,9:40,9:45,12:10,12:15,12:38,12:38,15:11,15:15,15:37,15:44,18:10,18:15,18:21,18:27
AA_E_TT_RN_DY_6M_50CM_01_0,Depth,0:59,3:11,3:21,3:33,3:38,6:10,6:15,6:46,6:50,9:09,9:14,9:40,9:45,12:10,12:15,12:38,12:38,15:11,15:15,15:37,15:44,18:10,18:15,18:21,18:27
AA_E_TT_RN_DY_6M_50CM_01_0,Thermal,0:54,3:06,3:16,3:28,3:33,6:05,6:10,6:41,6:45,9:04,9:09,9:35,9:40,12:05,12:10,12:33,12:33,15:06,15:10,15:32,15:39,18:05,18:10,18:16,18:22
AA_E_TT_RN_DY_6M_50CM_01_0,Lidar,0:38,2:50,3:00,3:12,3:17,5:49,5:54,6:25,6:29,8:48,8:53,9:19,9:24,11:49,11:54,12:17,12:17,14:50,14:54,15:16,15:23,17:49,17:54,18:00,18:06
AA_E_TT_RN_DY_6M_50CM_03_0,IR,1:08,3:20,3:27,3:47,3:52,6:19,6:23,6:50,6:53,9:22,9:27,10:01,10:06,12:17,12:24,12:57,12:59,15:18,15:24,15:46,15:51,18:18,18:31,18:44,18:50
AA_E_TT_RN_DY_6M_50CM_03_0,RGB,1:08,3:20,3:27,3:47,3:52,6:19,6:23,6:50,6:53,9:22,9:27,10:01,10:06,12:17,12:24,12:57,12:59,15:18,15:24,15:46,15:51,18:18,18:31,18:44,18:50
AA_E_TT_RN_DY_6M_50CM_03_0,Depth,1:08,3:20,3:27,3:47,3:52,6:19,6:23,6:50,6:53,9:22,9:27,10:01,10:06,12:17,12:24,12:57,12:59,15:18,15:24,15:46,15:51,18:18,18:31,18:44,18:50
AA_E_TT_RN_DY_6M_50CM_03_0,Thermal,1:05,3:17,3:24,3:44,3:49,6:16,6:20,6:47,6:50,9:19,9:24,9:58,10:03,12:14,12:21,12:54,12:56,15:15,15:21,15:43,15:48,18:15,18:28,18:41,18:47
AA_E_TT_RN_DY_6M_50CM_03_0,Lidar,0:53,3:05,3:12,3:32,3:37,6:04,6:08,6:35,6:38,9:07,9:12,9:46,9:51,12:02,12:09,12:42,12:44,15:03,15:09,15:31,15:36,18:03,18:16,18:29,18:35
AA_E_TT_RN_DY_8M_1M_01_1,IR,0:53,3:14,3:19,3:30,3:34,6:18,6:24,6:49,6:54,9:17,9:22,9:40,9:45,12:15,12:24,12:42,12:42,15:15,15:29,15:47,15:52,18:14,18:20,18:26,18:33
AA_E_TT_RN_DY_8M_1M_01_1,RGB,0:53,3:14,3:19,3:30,3:34,6:18,6:24,6:49,6:54,9:17,9:22,9:40,9:45,12:15,12:24,12:42,12:42,15:15,15:29,15:47,15:52,18:14,18:20,18:26,18:33
AA_E_TT_RN_DY_8M_1M_01_1,Depth,0:53,3:14,3:19,3:30,3:34,6:18,6:24,6:49,6:54,9:17,9:22,9:40,9:45,12:15,12:24,12:42,12:42,15:15,15:29,15:47,15:52,18:14,18:20,18:26,18:33
AA_E_TT_RN_DY_8M_1M_01_1,Thermal,0:53,3:14,3:19,3:30,3:34,6:18,6:24,6:49,6:54,9:17,9:22,9:40,9:45,12:15,12:24,12:42,12:42,15:15,15:29,15:47,15:52,18:14,18:20,18:26,18:33
AA_E_TT_RN_DY_8M_1M_01_1,Lidar,0:33,2:54,2:59,3:10,3:14,5:58,6:04,6:29,6:34,8:57,9:02,9:20,9:25,11:55,12:04,12:22,12:22,14:55,15:09,15:27,15:32,17:54,18:00,18:06,18:13
AA_E_TT_RN_DY_8M_1M_03_1,IR,1:04,3:15,3:24,3:49,3:53,6:15,6:22,6:46,6:51,9:15,9:20,9:58,10:03,12:13,12:21,12:51,12:56,15:14,15:22,15:48,15:55,18:14,18:29,18:47,18:50
AA_E_TT_RN_DY_8M_1M_03_1,RGB,1:04,3:15,3:24,3:49,3:53,6:15,6:22,6:46,6:51,9:15,9:20,9:58,10:03,12:13,12:21,12:51,12:56,15:14,15:22,15:48,15:55,18:14,18:29,18:47,18:50
AA_E_TT_RN_DY_8M_1M_03_1,Depth,1:04,3:15,3:24,3:49,3:53,6:15,6:22,6:46,6:51,9:15,9:20,9:58,10:03,12:13,12:21,12:51,12:56,15:14,15:22,15:48,15:55,18:14,18:29,18:47,18:50
AA_E_TT_RN_DY_8M_1M_03_1,Thermal,1:04,3:15,3:24,3:49,3:53,6:15,6:22,6:46,6:51,9:15,9:20,9:58,10:03,12:13,12:21,12:51,12:56,15:14,15:22,15:48,15:55,18:14,18:29,18:47,18:50
AA_E_TT_RN_DY_8M_1M_03_1,Lidar,0:50,3:01,3:10,3:35,3:39,6:01,6:08,6:32,6:37,9:01,9:06,9:44,9:49,11:59,12:07,12:37,12:42,15:00,15:08,15:34,15:41,18:00,18:15,18:33,18:36
AA_E_TT_RN_DY_8M_1M_05_0,IR,1:10,3:26,3:36,4:02,4:07,6:25,6:33,6:56,7:05,9:22,9:27,10:05,10:10,12:23,12:33,13:04,13:09,15:23,15:31,15:58,16:05,18:22,18:45,18:52,18:57
AA_E_TT_RN_DY_8M_1M_05_0,RGB,1:10,3:26,3:36,4:02,4:07,6:25,6:33,6:56,7:05,9:22,9:27,10:05,10:10,12:23,12:33,13:04,13:09,15:23,15:31,15:58,16:05,18:22,18:45,18:52,18:57
AA_E_TT_RN_DY_8M_1M_05_0,Depth,1:10,3:26,3:36,4:02,4:07,6:25,6:33,6:56,7:05,9:22,9:27,10:05,10:10,12:23,12:33,13:04,13:09,15:23,15:31,15:58,16:05,18:22,18:45,18:52,18:57
AA_E_TT_RN_DY_8M_1M_05_0,Thermal,1:06,3:22,3:32,3:58,4:03,6:21,6:29,6:52,7:01,9:18,9:23,10:01,10:06,12:19,12:29,13:00,13:05,15:19,15:27,15:54,16:01,18:18,18:41,18:48,18:53
AA_E_TT_RN_DY_8M_1M_05_0,Lidar,0:58,3:14,3:24,3:50,3:55,6:13,6:21,6:44,6:53,9:10,9:15,9:53,9:58,12:11,12:21,12:52,12:57,15:11,15:19,15:46,15:53,18:10,18:33,18:40,18:45
AA_E_TT_RN_DY_8M_50CM_01_0,IR,0:48,3:09,3:14,3:25,3:29,6:13,6:19,6:44,6:49,9:12,9:17,9:35,9:40,12:10,12:19,12:37,12:37,15:10,15:24,15:42,15:47,18:09,18:15,18:21,18:28
AA_E_TT_RN_DY_8M_50CM_01_0,RGB,0:48,3:09,3:14,3:25,3:29,6:13,6:19,6:44,6:49,9:12,9:17,9:35,9:40,12:10,12:19,12:37,12:37,15:10,15:24,15:42,15:47,18:09,18:15,18:21,18:28
AA_E_TT_RN_DY_8M_50CM_01_0,Depth,0:48,3:09,3:14,3:25,3:29,6:13,6:19,6:44,6:49,9:12,9:17,9:35,9:40,12:10,12:19,12:37,12:37,15:10,15:24,15:42,15:47,18:09,18:15,18:21,18:28
AA_E_TT_RN_DY_8M_50CM_01_0,Thermal,0:44,3:05,3:10,3:21,3:25,6:09,6:15,6:40,6:45,9:08,9:13,9:31,9:36,12:06,12:15,12:33,12:33,15:06,15:20,15:38,15:43,18:05,18:11,18:17,18:24
AA_E_TT_RN_DY_8M_50CM_01_0,Lidar,0:32,2:53,2:58,3:09,3:13,5:57,6:03,6:28,6:33,8:56,9:01,9:19,9:24,11:54,12:03,12:21,12:21,14:54,15:08,15:26,15:31,17:53,17:59,18:05,18:12
AA_E_TT_RN_DY_8M_50CM_03_0,IR,1:00,3:11,3:20,3:45,3:49,6:11,6:18,6:42,6:47,9:11,9:16,9:54,9:59,12:09,12:17,12:47,12:52,15:10,15:18,15:44,15:51,18:10,18:25,18:43,18:46
AA_E_TT_RN_DY_8M_50CM_03_0,RGB,1:00,3:11,3:20,3:45,3:49,6:11,6:18,6:42,6:47,9:11,9:16,9:54,9:59,12:09,12:17,12:47,12:52,15:10,15:18,15:44,15:51,18:10,18:25,18:43,18:46
AA_E_TT_RN_DY_8M_50CM_03_0,Depth,1:00,3:11,3:20,3:45,3:49,6:11,6:18,6:42,6:47,9:11,9:16,9:54,9:59,12:09,12:17,12:47,12:52,15:10,15:18,15:44,15:51,18:10,18:25,18:43,18:46
AA_E_TT_RN_DY_8M_50CM_03_0,Thermal,0:55,3:06,3:15,3:40,3:44,6:06,6:13,6:37,6:42,9:06,9:11,9:49,9:54,12:04,12:12,12:42,12:47,15:05,15:13,15:39,15:46,18:05,18:20,18:38,18:41
AA_E_TT_RN_DY_8M_50CM_03_0,Lidar,0:39,2:50,2:59,3:24,3:28,5:50,5:57,6:21,6:26,8:50,8:55,9:33,9:38,11:48,11:56,12:26,12:31,14:49,14:57,15:23,15:30,17:49,18:04,18:22,18:25
AA_E_TT_RN_DY_S_1M_01_1,IR,1:17,3:29,3:39,3:45,3:49,6:29,6:34,7:03,7:06,9:28,9:33,10:13,10:18,12:27,12:40,12:57,12:57,15:30,15:35,15:49,16:03,18:55,19:05,19:17,19:20
AA_E_TT_RN_DY_S_1M_01_1,RGB,1:17,3:29,3:39,3:45,3:49,6:29,6:34,7:03,7:06,9:28,9:33,10:13,10:18,12:27,12:40,12:57,12:57,15:30,15:35,15:49,16:03,18:55,19:05,19:17,19:20
AA_E_TT_RN_DY_S_1M_01_1,Depth,1:17,3:29,3:39,3:45,3:49,6:29,6:34,7:03,7:06,9:28,9:33,10:13,10:18,12:27,12:40,12:57,12:57,15:30,15:35,15:49,16:03,18:55,19:05,19:17,19:20
AA_E_TT_RN_DY_S_1M_01_1,Thermal,1:03,3:15,3:25,3:31,3:35,6:15,6:20,6:49,6:52,9:14,9:19,9:59,10:04,12:13,12:26,12:43,12:43,15:16,15:21,15:35,15:49,18:41,18:51,19:03,19:06
AA_E_TT_RN_DY_S_1M_01_1,Lidar,0:55,3:07,3:17,3:23,3:27,6:07,6:12,6:41,6:44,9:06,9:11,9:51,9:56,12:05,12:18,12:35,12:35,15:08,15:13,15:27,15:41,18:33,18:43,18:55,18:58
AA_E_TT_RN_DY_S_1M_03_1,IR,1:12,3:28,3:39,3:51,4:00,6:27,6:34,7:02,7:06,9:28,9:33,10:04,10:09,12:26,12:36,12:56,12:56,15:28,15:38,16:03,16:10,18:27,18:54,18:59,19:03
AA_E_TT_RN_DY_S_1M_03_1,RGB,1:12,3:28,3:39,3:51,4:00,6:27,6:34,7:02,7:06,9:28,9:33,10:04,10:09,12:26,12:36,12:56,12:56,15:28,15:38,16:03,16:10,18:27,18:54,18:59,19:03
AA_E_TT_RN_DY_S_1M_03_1,Depth,1:12,3:28,3:39,3:51,4:00,6:27,6:34,7:02,7:06,9:28,9:33,10:04,10:09,12:26,12:36,12:56,12:56,15:28,15:38,16:03,16:10,18:27,18:54,18:59,19:03
AA_E_TT_RN_DY_S_1M_03_1,Thermal,1:10,3:26,3:37,3:49,3:58,6:25,6:32,7:00,7:04,9:26,9:31,10:02,10:07,12:24,12:34,12:54,12:54,15:26,15:36,16:01,16:08,18:25,18:52,18:57,19:01
AA_E_TT_RN_DY_S_1M_03_1,Lidar,1:03,3:19,3:30,3:42,3:51,6:18,6:25,6:53,6:57,9:19,9:24,9:55,10:00,12:17,12:27,12:47,12:47,15:19,15:29,15:54,16:01,18:18,18:45,18:50,18:54
AA_E_TT_RN_DY_S_50CM_01_0,IR,1:24,3:36,3:46,3:52,3:56,6:36,6:41,7:10,7:13,9:35,9:40,10:20,10:25,12:34,12:47,13:04,13:04,15:37,15:42,15:56,16:10,19:02,19:12,19:24,19:27
AA_E_TT_RN_DY_S_50CM_01_0,RGB,1:24,3:36,3:46,3:52,3:56,6:36,6:41,7:10,7:13,9:35,9:40,10:20,10:25,12:34,12:47,13:04,13:04,15:37,15:42,15:56,16:10,19:02,19:12,19:24,19:27
AA_E_TT_RN_DY_S_50CM_01_0,Depth,1:24,3:36,3:46,3:52,3:56,6:36,6:41,7:10,7:13,9:35,9:40,10:20,10:25,12:34,12:47,13:04,13:04,15:37,15:42,15:56,16:10,19:02,19:12,19:24,19:27
AA_E_TT_RN_DY_S_50CM_01_0,Thermal,1:16,3:28,3:38,3:44,3:48,6:28,6:33,7:02,7:05,9:27,9:32,10:12,10:17,12:26,12:39,12:56,12:56,15:29,15:34,15:48,16:02,18:54,19:04,19:16,19:19
AA_E_TT_RN_DY_S_50CM_01_0,Lidar,1:04,3:16,3:26,3:32,3:36,6:16,6:21,6:50,6:53,9:15,9:20,10:00,10:05,12:14,12:27,12:44,12:44,15:17,15:22,15:36,15:50,18:42,18:52,19:04,19:07
AA_E_TT_RN_DY_S_50CM_03_0,IR,1:11,3:27,3:38,3:50,3:59,6:26,6:33,7:01,7:05,9:27,9:32,10:03,10:08,12:25,12:35,12:55,12:55,15:27,15:37,16:02,16:09,18:26,18:53,18:58,19:02
AA_E_TT_RN_DY_S_50CM_03_0,RGB,1:11,3:27,3:38,3:50,3:59,6:26,6:33,7:01,7:05,9:27,9:32,10:03,10:08,12:25,12:35,12:55,12:55,15:27,15:37,16:02,16:09,18:26,18:53,18:58,19:02
AA_E_TT_RN_DY_S_50CM_03_0,Depth,1:11,3:27,3:38,3:50,3:59,6:26,6:33,7:01,7:05,9:27,9:32,10:03,10:08,12:25,12:35,12:55,12:55,15:27,15:37,16:02,16:09,18:26,18:53,18:58,19:02
AA_E_TT_RN_DY_S_50CM_03_0,Thermal,1:07,3:23,3:34,3:46,3:55,6:22,6:29,6:57,7:01,9:23,9:28,9:59,10:04,12:21,12:31,12:51,12:51,15:23,15:33,15:58,16:05,18:22,18:49,18:54,18:58
AA_E_TT_RN_DY_S_50CM_03_0,Lidar,0:57,3:13,3:24,3:36,3:45,6:12,6:19,6:47,6:51,9:13,9:18,9:49,9:54,12:11,12:21,12:41,12:41,15:13,15:23,15:48,15:55,18:12,18:39,18:44,18:48
AA_E_TT_RN_NT_6M_1M_01_3,IR,1:01,3:17,3:32,3:44,3:49,6:19,6:23,6:47,6:53,9:16,9:21,9:55,10:00,12:17,12:25,12:52,12:52,15:16,15:23,15:44,15:48,18:16,18:34,18:46,18:49
AA_E_TT_RN_NT_6M_1M_01_3,RGB,1:01,3:17,3:32,3:44,3:49,6:19,6:23,6:47,6:53,9:16,9:21,9:55,10:00,12:17,12:25,12:52,12:52,15:16,15:23,15:44,15:48,18:16,18:34,18:46,18:49
AA_E_TT_RN_NT_6M_1M_01_3,Depth,1:01,3:17,3:32,3:44,3:49,6:19,6:23,6:47,6:53,9:16,9:21,9:55,10:00,12:17,12:25,12:52,12:52,15:16,15:23,15:44,15:48,18:16,18:34,18:46,18:49
AA_E_TT_RN_NT_6M_1M_01_3,Thermal,0:59,3:15,3:30,3:42,3:47,6:17,6:21,6:45,6:51,9:14,9:19,9:53,9:58,12:15,12:23,12:50,12:50,15:14,15:21,15:42,15:46,18:14,18:32,18:44,18:47
AA_E_TT_RN_NT_6M_1M_01_3,Lidar,0:41,2:57,3:12,3:24,3:29,5:59,6:03,6:27,6:33,8:56,9:01,9:35,9:40,11:57,12:05,12:32,12:32,14:56,15:03,15:24,15:28,17:56,18:14,18:26,18:29
AA_E_TT_RN_NT_6M_1M_03_0,IR,1:08,3:27,3:37,3:59,4:03,6:25,6:31,6:57,7:03,9:27,9:32,10:10,10:15,12:26,12:36,13:01,13:01,15:25,15:31,15:56,16:04,18:25,18:37,18:53,18:58
AA_E_TT_RN_NT_6M_1M_03_0,RGB,1:08,3:27,3:37,3:59,4:03,6:25,6:31,6:57,7:03,9:27,9:32,10:10,10:15,12:26,12:36,13:01,13:01,15:25,15:31,15:56,16:04,18:25,18:37,18:53,18:58
AA_E_TT_RN_NT_6M_1M_03_0,Depth,1:08,3:27,3:37,3:59,4:03,6:25,6:31,6:57,7:03,9:27,9:32,10:10,10:15,12:26,12:36,13:01,13:01,15:25,15:31,15:56,16:04,18:25,18:37,18:53,18:58
AA_E_TT_RN_NT_6M_1M_03_0,Thermal,1:04,3:23,3:33,3:55,3:59,6:21,6:27,6:53,6:59,9:23,9:28,10:06,10:11,12:22,12:32,12:57,12:57,15:21,15:27,15:52,16:00,18:21,18:33,18:49,18:54
AA_E_TT_RN_NT_6M_1M_03_0,Lidar,0:47,3:06,3:16,3:38,3:42,6:04,6:10,6:36,6:42,9:06,9:11,9:49,9:54,12:05,12:15,12:40,12:40,15:04,15:10,15:35,15:43,18:04,18:16,18:32,18:37
AA_E_TT_RN_NT_6M_50CM_01_2,IR,1:07,3:23,3:38,3:50,3:55,6:25,6:29,6:53,6:59,9:22,9:27,10:01,10:06,12:23,12:31,12:58,12:58,15:22,15:29,15:50,15:54,18:22,18:40,18:52,18:55
AA_E_TT_RN_NT_6M_50CM_01_2,RGB,1:07,3:23,3:38,3:50,3:55,6:25,6:29,6:53,6:59,9:22,9:27,10:01,10:06,12:23,12:31,12:58,12:58,15:22,15:29,15:50,15:54,18:22,18:40,18:52,18:55
AA_E_TT_RN_NT_6M_50CM_01_2,Depth,1:07,3:23,3:38,3:50,3:55,6:25,6:29,6:53,6:59,9:22,9:27,10:01,10:06,12:23,12:31,12:58,12:58,15:22,15:29,15:50,15:54,18:22,18:40,18:52,18:55
AA_E_TT_RN_NT_6M_50CM_01_2,Thermal,1:02,3:18,3:33,3:45,3:50,6:20,6:24,6:48,6:54,9:17,9:22,9:56,10:01,12:18,12:26,12:53,12:53,15:17,15:24,15:45,15:49,18:17,18:35,18:47,18:50
AA_E_TT_RN_NT_6M_50CM_01_2,Lidar,0:33,2:49,3:04,3:16,3:21,5:51,5:55,6:19,6:25,8:48,8:53,9:27,9:32,11:49,11:57,12:24,12:24,14:48,14:55,15:16,15:20,17:48,18:06,18:18,18:21
AA_E_TT_RN_NT_6M_50CM_03_0,IR,0:59,3:18,3:28,3:50,3:54,6:16,6:22,6:48,6:54,9:18,9:23,10:01,10:06,12:17,12:27,12:52,12:52,15:16,15:22,15:47,15:55,18:16,18:28,18:44,18:49
AA_E_TT_RN_NT_6M_50CM_03_0,RGB,0:59,3:18,3:28,3:50,3:54,6:16,6:22,6:48,6:54,9:18,9:23,10:01,10:06,12:17,12:27,12:52,12:52,15:16,15:22,15:47,15:55,18:16,18:28,18:44,18:49
AA_E_TT_RN_NT_6M_50CM_03_0,Depth,0:59,3:18,3:28,3:50,3:54,6:16,6:22,6:48,6:54,9:18,9:23,10:01,10:06,12:17,12:27,12:52,12:52,15:16,15:22,15:47,15:55,18:16,18:28,18:44,18:49
AA_E_TT_RN_NT_6M_50CM_03_0,Thermal,0:57,3:16,3:26,3:48,3:52,6:14,6:20,6:46,6:52,9:16,9:21,9:59,10:04,12:15,12:25,12:50,12:50,15:14,15:20,15:45,15:53,18:14,18:26,18:42,18:47
AA_E_TT_RN_NT_6M_50CM_03_0,Lidar,0:40,2:59,3:09,3:31,3:35,5:57,6:03,6:29,6:35,8:59,9:04,9:42,9:47,11:58,12:08,12:33,12:33,14:57,15:03,15:28,15:36,17:57,18:09,18:25,18:30
AA_E_TT_RN_NT_6M_50CM_05_0,IR,1:08,3:25,3:34,3:50,3:54,6:25,6:31,6:42,6:58,9:25,9:30,9:55,10:00,12:25,12:28,12:53,12:56,15:23,15:28,15:56,16:03,18:22,18:42,18:59,19:04
AA_E_TT_RN_NT_6M_50CM_05_0,RGB,1:08,3:25,3:34,3:50,3:54,6:25,6:31,6:42,6:58,9:25,9:30,9:55,10:00,12:25,12:28,12:53,12:56,15:23,15:28,15:56,16:03,18:22,18:42,18:59,19:04
AA_E_TT_RN_NT_6M_50CM_05_0,Depth,1:08,3:25,3:34,3:50,3:54,6:25,6:31,6:42,6:58,9:25,9:30,9:55,10:00,12:25,12:28,12:53,12:56,15:23,15:28,15:56,16:03,18:22,18:42,18:59,19:04
AA_E_TT_RN_NT_6M_50CM_05_0,Thermal,1:06,3:23,3:32,3:48,3:52,6:23,6:29,6:40,6:56,9:23,9:28,9:53,9:58,12:23,12:26,12:51,12:54,15:21,15:26,15:54,16:01,18:20,18:40,18:57,19:02
AA_E_TT_RN_NT_6M_50CM_05_0,Lidar,0:57,3:14,3:23,3:39,3:43,6:14,6:20,6:31,6:47,9:14,9:19,9:44,9:49,12:14,12:17,12:42,12:45,15:12,15:17,15:45,15:52,18:11,18:31,18:48,18:53
AA_E_TT_RN_NT_6M_50CM_07_0,IR,1:14,3:26,3:35,3:57,4:02,6:27,6:31,6:57,7:04,9:24,9:29,10:02,10:07,12:23,12:34,12:58,13:02,15:23,15:30,15:58,16:04,18:23,18:38,18:51,18:55
AA_E_TT_RN_NT_6M_50CM_07_0,RGB,1:14,3:26,3:35,3:57,4:02,6:27,6:31,6:57,7:04,9:24,9:29,10:02,10:07,12:23,12:34,12:58,13:02,15:23,15:30,15:58,16:04,18:23,18:38,18:51,18:55
AA_E_TT_RN_NT_6M_50CM_07_0,Depth,1:14,3:26,3:35,3:57,4:02,6:27,6:31,6:57,7:04,9:24,9:29,10:02,10:07,12:23,12:34,12:58,13:02,15:23,15:30,15:58,16:04,18:23,18:38,18:51,18:55
AA_E_TT_RN_NT_6M_50CM_07_0,Thermal,1:11,3:23,3:32,3:54,3:59,6:24,6:28,6:54,7:01,9:21,9:26,9:59,10:04,12:20,12:31,12:55,12:59,15:20,15:27,15:55,16:01,18:20,18:35,18:48,18:52
AA_E_TT_RN_NT_6M_50CM_07_0,Lidar,1:05,3:17,3:26,3:48,3:53,6:18,6:22,6:48,6:55,9:15,9:20,9:53,9:58,12:14,12:25,12:49,12:53,15:14,15:21,15:49,15:55,18:14,18:29,18:42,18:46
AA_E_TT_RN_NT_8M_1M_01_3,IR,0:55,3:16,3:23,3:39,3:44,6:14,6:15,6:37,6:44,9:13,9:18,9:54,9:59,12:14,12:25,12:48,12:48,15:13,15:29,15:47,15:52,18:12,18:21,18:33,18:41
AA_E_TT_RN_NT_8M_1M_01_3,RGB,0:55,3:16,3:23,3:39,3:44,6:14,6:15,6:37,6:44,9:13,9:18,9:54,9:59,12:14,12:25,12:48,12:48,15:13,15:29,15:47,15:52,18:12,18:21,18:33,18:41
AA_E_TT_RN_NT_8M_1M_01_3,Depth,0:55,3:16,3:23,3:39,3:44,6:14,6:15,6:37,6:44,9:13,9:18,9:54,9:59,12:14,12:25,12:48,12:48,15:13,15:29,15:47,15:52,18:12,18:21,18:33,18:41
AA_E_TT_RN_NT_8M_1M_01_3,Thermal,0:56,3:17,3:24,3:40,3:45,6:15,6:16,6:38,6:45,9:14,9:19,9:55,10:00,12:15,12:26,12:49,12:49,15:14,15:30,15:48,15:53,18:13,18:22,18:34,18:42
AA_E_TT_RN_NT_8M_1M_01_3,Lidar,0:43,3:04,3:11,3:27,3:32,6:02,6:03,6:25,6:32,9:01,9:06,9:42,9:47,12:02,12:13,12:36,12:36,15:01,15:17,15:35,15:40,18:00,18:09,18:21,18:29
AA_E_TT_RN_NT_8M_1M_03_0_침입까지만,IR,0:58,3:18,3:27,3:56,4:00,6:20,6:30,6:55,7:01,9:18,9:23,10:00,10:05,12:21,12:29,12:56,12:59,0:00,0:00,0:00,0:00,0:00,0:00,0:00,0:00
AA_E_TT_RN_NT_8M_1M_03_0_침입까지만,RGB,0:58,3:18,3:27,3:56,4:00,6:20,6:30,6:55,7:01,9:18,9:23,10:00,10:05,12:21,12:29,12:56,12:59,0:00,0:00,0:00,0:00,0:00,0:00,0:00,0:00
AA_E_TT_RN_NT_8M_1M_03_0_침입까지만,Depth,0:58,3:18,3:27,3:56,4:00,6:20,6:30,6:55,7:01,9:18,9:23,10:00,10:05,12:21,12:29,12:56,12:59,0:00,0:00,0:00,0:00,0:00,0:00,0:00,0:00
AA_E_TT_RN_NT_8M_1M_03_0_침입까지만,Thermal,0:59,3:19,3:28,3:57,4:01,6:21,6:31,6:56,7:02,9:19,9:24,10:01,10:06,12:22,12:30,12:57,13:00,0:00,0:00,0:00,0:00,0:00,0:00,0:00,0:00
AA_E_TT_RN_NT_8M_1M_03_0_침입까지만,Lidar,0:50,3:10,3:19,3:48,3:52,6:12,6:22,6:47,6:53,9:10,9:15,9:52,9:57,12:13,12:21,12:48,12:51,0:00,0:00,0:00,0:00,0:00,0:00,0:00,0:00
AA_E_TT_RN_NT_8M_50CM_01_2,IR,0:52,3:13,3:20,3:36,3:41,6:11,6:12,6:34,6:41,9:10,9:15,9:51,9:56,12:11,12:22,12:45,12:45,15:10,15:26,15:44,15:49,18:09,18:18,18:30,18:38
AA_E_TT_RN_NT_8M_50CM_01_2,RGB,0:52,3:13,3:20,3:36,3:41,6:11,6:12,6:34,6:41,9:10,9:15,9:51,9:56,12:11,12:22,12:45,12:45,15:10,15:26,15:44,15:49,18:09,18:18,18:30,18:38
AA_E_TT_RN_NT_8M_50CM_01_2,Depth,0:52,3:13,3:20,3:36,3:41,6:11,6:12,6:34,6:41,9:10,9:15,9:51,9:56,12:11,12:22,12:45,12:45,15:10,15:26,15:44,15:49,18:09,18:18,18:30,18:38
AA_E_TT_RN_NT_8M_50CM_01_2,Thermal,0:46,3:07,3:14,3:30,3:35,6:05,6:06,6:28,6:35,9:04,9:09,9:45,9:50,12:05,12:16,12:39,12:39,15:04,15:20,15:38,15:43,18:03,18:12,18:24,18:32
AA_E_TT_RN_NT_8M_50CM_01_2,Lidar,0:33,2:54,3:01,3:17,3:22,5:52,5:53,6:15,6:22,8:51,8:56,9:32,9:37,11:52,12:03,12:26,12:26,14:51,15:07,15:25,15:30,17:50,17:59,18:11,18:19
AA_E_TT_RN_NT_8M_50CM_03_0_침입까지만,IR,1:02,3:22,3:31,4:00,4:04,6:24,6:34,6:59,7:05,9:22,9:27,10:04,10:09,12:25,12:33,13:00,13:03,0:00,0:00,0:00,0:00,0:00,0:00,0:00,0:00
AA_E_TT_RN_NT_8M_50CM_03_0_침입까지만,RGB,1:02,3:22,3:31,4:00,4:04,6:24,6:34,6:59,7:05,9:22,9:27,10:04,10:09,12:25,12:33,13:00,13:03,0:00,0:00,0:00,0:00,0:00,0:00,0:00,0:00
AA_E_TT_RN_NT_8M_50CM_03_0_침입까지만,Depth,1:02,3:22,3:31,4:00,4:04,6:24,6:34,6:59,7:05,9:22,9:27,10:04,10:09,12:25,12:33,13:00,13:03,0:00,0:00,0:00,0:00,0:00,0:00,0:00,0:00
AA_E_TT_RN_NT_8M_50CM_03_0_침입까지만,Thermal,0:59,3:19,3:28,3:57,4:01,6:21,6:31,6:56,7:02,9:19,9:24,10:01,10:06,12:22,12:30,12:57,13:00,0:00,0:00,0:00,0:00,0:00,0:00,0:00,0:00
AA_E_TT_RN_NT_8M_50CM_03_0_침입까지만,Lidar,0:00,2:20,2:29,2:58,3:02,5:22,5:32,5:57,6:03,8:20,8:25,9:02,9:07,11:23,11:31,11:58,12:01,0:00,0:00,0:00,0:00,0:00,0:00,0:00,0:00
AA_E_TT_RN_NT_8M_50CM_04_0,IR,1:23,3:40,3:52,4:17,4:23,6:40,6:46,7:13,7:21,9:42,9:47,10:21,10:26,12:38,12:43,13:20,13:20,15:38,15:44,16:16,16:22,18:39,18:48,19:04,19:11
AA_E_TT_RN_NT_8M_50CM_04_0,RGB,1:23,3:40,3:52,4:17,4:23,6:40,6:46,7:13,7:21,9:42,9:47,10:21,10:26,12:38,12:43,13:20,13:20,15:38,15:44,16:16,16:22,18:39,18:48,19:04,19:11
AA_E_TT_RN_NT_8M_50CM_04_0,Depth,1:23,3:40,3:52,4:17,4:23,6:40,6:46,7:13,7:21,9:42,9:47,10:21,10:26,12:38,12:43,13:20,13:20,15:38,15:44,16:16,16:22,18:39,18:48,19:04,19:11
AA_E_TT_RN_NT_8M_50CM_04_0,Thermal,1:25,3:42,3:54,4:19,4:25,6:42,6:48,7:15,7:23,9:44,9:49,10:23,10:28,12:40,12:45,13:22,13:22,15:40,15:46,16:18,16:24,18:41,18:50,19:06,19:13
AA_E_TT_RN_NT_8M_50CM_04_0,Lidar,1:13,3:30,3:42,4:07,4:13,6:30,6:36,7:03,7:11,9:32,9:37,10:11,10:16,12:28,12:33,13:10,13:10,15:28,15:34,16:06,16:12,18:29,18:38,18:54,19:01
AA_E_TT_RN_NT_8M_50CM_06_0,IR,1:07,3:38,3:49,4:07,4:13,6:40,6:46,7:07,7:14,9:37,9:42,10:17,10:22,12:36,12:46,13:19,13:19,15:36,15:42,16:10,16:15,18:36,18:48,19:02,19:06
AA_E_TT_RN_NT_8M_50CM_06_0,RGB,1:07,3:38,3:49,4:07,4:13,6:40,6:46,7:07,7:14,9:37,9:42,10:17,10:22,12:36,12:46,13:19,13:19,15:36,15:42,16:10,16:15,18:36,18:48,19:02,19:06
AA_E_TT_RN_NT_8M_50CM_06_0,Depth,1:07,3:38,3:49,4:07,4:13,6:40,6:46,7:07,7:14,9:37,9:42,10:17,10:22,12:36,12:46,13:19,13:19,15:36,15:42,16:10,16:15,18:36,18:48,19:02,19:06
AA_E_TT_RN_NT_8M_50CM_06_0,Thermal,1:01,3:31,3:42,4:00,4:06,6:33,6:39,7:00,7:07,9:30,9:35,10:10,10:15,12:29,12:39,13:12,13:12,15:29,15:35,16:03,16:08,18:29,18:41,18:55,18:59
AA_E_TT_RN_NT_8M_50CM_06_0,Lidar,0:54,3:24,3:35,3:53,3:59,6:26,6:32,6:53,7:00,9:23,9:28,10:03,10:08,12:22,12:32,13:05,13:05,15:22,15:28,15:56,16:01,18:22,18:34,18:48,18:52
AA_E_TT_RN_NT_S_1M_01_3,IR,1:13,4:01,4:09,4:22,4:26,7:01,7:08,7:30,7:35,10:28,10:33,10:53,10:58,13:28,13:37,13:56,13:56,16:26,16:33,16:57,17:04,19:27,19:45,19:51,19:55
AA_E_TT_RN_NT_S_1M_01_3,RGB,1:13,4:01,4:09,4:22,4:26,7:01,7:08,7:30,7:35,10:28,10:33,10:53,10:58,13:28,13:37,13:56,13:56,16:26,16:33,16:57,17:04,19:27,19:45,19:51,19:55
AA_E_TT_RN_NT_S_1M_01_3,Depth,1:13,4:01,4:09,4:22,4:26,7:01,7:08,7:30,7:35,10:28,10:33,10:53,10:58,13:28,13:37,13:56,13:56,16:26,16:33,16:57,17:04,19:27,19:45,19:51,19:55
AA_E_TT_RN_NT_S_1M_01_3,Thermal,1:12,4:00,4:08,4:21,4:25,7:00,7:07,7:29,7:34,10:27,10:32,10:52,10:57,13:27,13:36,13:55,13:55,16:25,16:32,16:56,17:03,19:26,19:44,19:50,19:54
AA_E_TT_RN_NT_S_1M_01_3,Lidar,0:56,3:44,3:52,4:05,4:09,6:44,6:51,7:13,7:18,10:11,10:16,10:36,10:41,13:11,13:20,13:39,13:39,16:09,16:16,16:40,16:47,19:10,19:28,19:34,19:38
AA_E_TT_RN_NT_S_1M_03_0,IR,1:20,3:34,3:39,4:01,4:05,6:31,6:36,7:11,7:16,9:36,9:41,10:17,10:22,12:35,12:56,13:00,13:00,15:36,15:41,16:03,16:08,18:34,18:53,19:00,19:04
AA_E_TT_RN_NT_S_1M_03_0,RGB,1:20,3:34,3:39,4:01,4:05,6:31,6:36,7:11,7:16,9:36,9:41,10:17,10:22,12:35,12:56,13:00,13:00,15:36,15:41,16:03,16:08,18:34,18:53,19:00,19:04
AA_E_TT_RN_NT_S_1M_03_0,Depth,1:20,3:34,3:39,4:01,4:05,6:31,6:36,7:11,7:16,9:36,9:41,10:17,10:22,12:35,12:56,13:00,13:00,15:36,15:41,16:03,16:08,18:34,18:53,19:00,19:04
AA_E_TT_RN_NT_S_1M_03_0,Thermal,1:19,3:33,3:38,4:00,4:04,6:30,6:35,7:10,7:15,9:35,9:40,10:16,10:21,12:34,12:55,12:59,12:59,15:35,15:40,16:02,16:07,18:33,18:52,18:59,19:03
AA_E_TT_RN_NT_S_1M_03_0,Lidar,1:03,3:17,3:22,3:44,3:48,6:14,6:19,6:54,6:59,9:19,9:24,10:00,10:05,12:18,12:39,12:43,12:43,15:19,15:24,15:46,15:51,18:17,18:36,18:43,18:47
AA_E_TT_RN_NT_S_50CM_01_2,IR,1:02,3:50,3:58,4:11,4:15,6:50,6:57,7:19,7:24,10:17,10:22,10:42,10:47,13:17,13:26,13:45,13:45,16:15,16:22,16:46,16:53,19:16,19:34,19:40,19:44
AA_E_TT_RN_NT_S_50CM_01_2,RGB,1:02,3:50,3:58,4:11,4:15,6:50,6:57,7:19,7:24,10:17,10:22,10:42,10:47,13:17,13:26,13:45,13:45,16:15,16:22,16:46,16:53,19:16,19:34,19:40,19:44
AA_E_TT_RN_NT_S_50CM_01_2,Depth,1:02,3:50,3:58,4:11,4:15,6:50,6:57,7:19,7:24,10:17,10:22,10:42,10:47,13:17,13:26,13:45,13:45,16:15,16:22,16:46,16:53,19:16,19:34,19:40,19:44
AA_E_TT_RN_NT_S_50CM_01_2,Thermal,0:59,3:47,3:55,4:08,4:12,6:47,6:54,7:16,7:21,10:14,10:19,10:39,10:44,13:14,13:23,13:42,13:42,16:12,16:19,16:43,16:50,19:13,19:31,19:37,19:41
AA_E_TT_RN_NT_S_50CM_01_2,Lidar,0:40,3:28,3:36,3:49,3:53,6:28,6:35,6:57,7:02,9:55,10:00,10:20,10:25,12:55,13:04,13:23,13:23,15:53,16:00,16:24,16:31,18:54,19:12,19:18,19:22
AA_E_TT_RN_NT_S_50CM_03_0,IR,1:23,3:37,3:42,4:04,4:08,6:34,6:39,7:14,7:19,9:39,9:44,10:20,10:25,12:38,12:59,13:03,13:03,15:39,15:44,16:06,16:11,18:37,18:56,19:03,19:07
AA_E_TT_RN_NT_S_50CM_03_0,RGB,1:23,3:37,3:42,4:04,4:08,6:34,6:39,7:14,7:19,9:39,9:44,10:20,10:25,12:38,12:59,13:03,13:03,15:39,15:44,16:06,16:11,18:37,18:56,19:03,19:07
AA_E_TT_RN_NT_S_50CM_03_0,Depth,1:23,3:37,3:42,4:04,4:08,6:34,6:39,7:14,7:19,9:39,9:44,10:20,10:25,12:38,12:59,13:03,13:03,15:39,15:44,16:06,16:11,18:37,18:56,19:03,19:07
AA_E_TT_RN_NT_S_50CM_03_0,Thermal,1:21,3:35,3:40,4:02,4:06,6:32,6:37,7:12,7:17,9:37,9:42,10:18,10:23,12:36,12:57,13:01,13:01,15:37,15:42,16:04,16:09,18:35,18:54,19:01,19:05
AA_E_TT_RN_NT_S_50CM_03_0,Lidar,1:06,3:20,3:25,3:47,3:51,6:17,6:22,6:57,7:02,9:22,9:27,10:03,10:08,12:21,12:42,12:46,12:46,15:22,15:27,15:49,15:54,18:20,18:39,18:46,18:50
AA_E_TT_RN_SR_6M_1M_01_1,IR,0:59,3:11,3:20,3:34,3:37,6:10,6:13,6:42,6:47,9:11,9:16,9:35,9:40,13:06,13:19,13:44,13:46,16:10,16:14,16:37,16:43,19:11,19:22,19:34,19:37
AA_E_TT_RN_SR_6M_1M_01_1,RGB,0:59,3:11,3:20,3:34,3:37,6:10,6:13,6:42,6:47,9:11,9:16,9:35,9:40,13:06,13:19,13:44,13:46,16:10,16:14,16:37,16:43,19:11,19:22,19:34,19:37
AA_E_TT_RN_SR_6M_1M_01_1,Depth,0:59,3:11,3:20,3:34,3:37,6:10,6:13,6:42,6:47,9:11,9:16,9:35,9:40,13:06,13:19,13:44,13:46,16:10,16:14,16:37,16:43,19:11,19:22,19:34,19:37
AA_E_TT_RN_SR_6M_1M_01_1,Thermal,0:59,3:11,3:20,3:34,3:37,6:10,6:13,6:42,6:47,9:11,9:16,9:35,9:40,13:06,13:19,13:44,13:46,16:10,16:14,16:37,16:43,19:11,19:22,19:34,19:37
AA_E_TT_RN_SR_6M_1M_01_1,Lidar,0:48,3:00,3:09,3:23,3:26,5:59,6:02,6:31,6:36,9:00,9:05,9:24,9:29,12:55,13:08,13:33,13:35,15:59,16:03,16:26,16:32,19:00,19:11,19:23,19:26
AA_E_TT_RN_SR_6M_1M_03_1,IR,1:46,4:54,5:01,5:29,5:34,7:53,8:02,8:30,8:34,10:54,10:59,11:30,11:35,13:55,14:01,14:30,14:30,16:53,17:01,17:23,17:28,19:52,20:10,20:25,20:27
AA_E_TT_RN_SR_6M_1M_03_1,RGB,1:46,4:54,5:01,5:29,5:34,7:53,8:02,8:30,8:34,10:54,10:59,11:30,11:35,13:55,14:01,14:30,14:30,16:53,17:01,17:23,17:28,19:52,20:10,20:25,20:27
AA_E_TT_RN_SR_6M_1M_03_1,Depth,1:46,4:54,5:01,5:29,5:34,7:53,8:02,8:30,8:34,10:54,10:59,11:30,11:35,13:55,14:01,14:30,14:30,16:53,17:01,17:23,17:28,19:52,20:10,20:25,20:27
AA_E_TT_RN_SR_6M_1M_03_1,Thermal,1:44,4:52,4:59,5:27,5:32,7:51,8:00,8:28,8:32,10:52,10:57,11:28,11:33,13:53,13:59,14:28,14:28,16:51,16:59,17:21,17:26,19:50,20:08,20:23,20:25
AA_E_TT_RN_SR_6M_1M_03_1,Lidar,1:25,4:33,4:40,5:08,5:13,7:32,7:41,8:09,8:13,10:33,10:38,11:09,11:14,13:34,13:40,14:09,14:09,16:32,16:40,17:02,17:07,19:31,19:49,20:04,20:06
AA_E_TT_RN_SR_6M_1M_05_0,IR,1:04,3:19,3:25,3:51,3:54,6:19,6:25,6:52,6:55,9:17,9:22,9:57,10:02,12:17,12:27,12:51,12:51,15:17,15:21,15:51,15:55,18:18,18:27,18:49,18:53
AA_E_TT_RN_SR_6M_1M_05_0,RGB,1:04,3:19,3:25,3:51,3:54,6:19,6:25,6:52,6:55,9:17,9:22,9:57,10:02,12:17,12:27,12:51,12:51,15:17,15:21,15:51,15:55,18:18,18:27,18:49,18:53
AA_E_TT_RN_SR_6M_1M_05_0,Depth,1:04,3:19,3:25,3:51,3:54,6:19,6:25,6:52,6:55,9:17,9:22,9:57,10:02,12:17,12:27,12:51,12:51,15:17,15:21,15:51,15:55,18:18,18:27,18:49,18:53
AA_E_TT_RN_SR_6M_1M_05_0,Thermal,0:40,2:55,3:01,3:27,3:30,5:55,6:01,6:28,6:31,8:53,8:58,9:33,9:38,11:53,12:03,12:27,12:27,14:53,14:57,15:27,15:31,17:54,18:03,18:25,18:29
AA_E_TT_RN_SR_6M_1M_05_0,Lidar,0:31,2:46,2:52,3:18,3:21,5:46,5:52,6:19,6:22,8:44,8:49,9:24,9:29,11:44,11:54,12:18,12:18,14:44,14:48,15:18,15:22,17:45,17:54,18:16,18:20
AA_E_TT_RN_SR_6M_1M_07_0,IR,0:36,3:07,3:13,3:43,3:46,6:10,6:16,6:46,6:51,9:12,9:17,9:50,9:55,12:06,12:14,12:42,12:42,15:07,15:09,15:41,15:48,18:07,18:19,18:38,18:42
AA_E_TT_RN_SR_6M_1M_07_0,RGB,0:36,3:07,3:13,3:43,3:46,6:10,6:16,6:46,6:51,9:12,9:17,9:50,9:55,12:06,12:14,12:42,12:42,15:07,15:09,15:41,15:48,18:07,18:19,18:38,18:42
AA_E_TT_RN_SR_6M_1M_07_0,Depth,0:36,3:07,3:13,3:43,3:46,6:10,6:16,6:46,6:51,9:12,9:17,9:50,9:55,12:06,12:14,12:42,12:42,15:07,15:09,15:41,15:48,18:07,18:19,18:38,18:42
AA_E_TT_RN_SR_6M_1M_07_0,Thermal,0:34,3:05,3:11,3:41,3:44,6:08,6:14,6:44,6:49,9:10,9:15,9:48,9:53,12:04,12:12,12:40,12:40,15:05,15:07,15:39,15:46,18:05,18:17,18:36,18:40
AA_E_TT_RN_SR_6M_1M_07_0,Lidar,0:23,2:54,3:00,3:30,3:33,5:57,6:03,6:33,6:38,8:59,9:04,9:37,9:42,11:53,12:01,12:29,12:29,14:54,14:56,15:28,15:35,17:54,18:06,18:25,18:29
AA_E_TT_RN_SR_6M_50CM_01_0,IR,0:52,3:04,3:13,3:27,3:30,6:03,6:06,6:35,6:40,9:04,9:09,9:28,9:33,12:59,13:12,13:37,13:39,16:03,16:07,16:30,16:36,19:04,19:15,19:27,19:30
AA_E_TT_RN_SR_6M_50CM_01_0,RGB,0:52,3:04,3:13,3:27,3:30,6:03,6:06,6:35,6:40,9:04,9:09,9:28,9:33,12:59,13:12,13:37,13:39,16:03,16:07,16:30,16:36,19:04,19:15,19:27,19:30
AA_E_TT_RN_SR_6M_50CM_01_0,Depth,0:52,3:04,3:13,3:27,3:30,6:03,6:06,6:35,6:40,9:04,9:09,9:28,9:33,12:59,13:12,13:37,13:39,16:03,16:07,16:30,16:36,19:04,19:15,19:27,19:30
AA_E_TT_RN_SR_6M_50CM_01_0,Thermal,0:48,3:00,3:09,3:23,3:26,5:59,6:02,6:31,6:36,9:00,9:05,9:24,9:29,12:55,13:08,13:33,13:35,15:59,16:03,16:26,16:32,19:00,19:11,19:23,19:26
AA_E_TT_RN_SR_6M_50CM_01_0,Lidar,0:35,2:47,2:56,3:10,3:13,5:46,5:49,6:18,6:23,8:47,8:52,9:11,9:16,12:42,12:55,13:20,13:22,15:46,15:50,16:13,16:19,18:47,18:58,19:10,19:13
AA_E_TT_RN_SR_6M_50CM_03_1,IR,1:34,4:42,4:49,5:17,5:22,7:41,7:50,8:18,8:22,10:42,10:47,11:18,11:23,13:43,13:49,14:18,14:18,16:41,16:49,17:11,17:16,19:40,19:58,20:13,20:15
AA_E_TT_RN_SR_6M_50CM_03_1,RGB,1:34,4:42,4:49,5:17,5:22,7:41,7:50,8:18,8:22,10:42,10:47,11:18,11:23,13:43,13:49,14:18,14:18,16:41,16:49,17:11,17:16,19:40,19:58,20:13,20:15
AA_E_TT_RN_SR_6M_50CM_03_1,Depth,1:34,4:42,4:49,5:17,5:22,7:41,7:50,8:18,8:22,10:42,10:47,11:18,11:23,13:43,13:49,14:18,14:18,16:41,16:49,17:11,17:16,19:40,19:58,20:13,20:15
AA_E_TT_RN_SR_6M_50CM_03_1,Thermal,1:30,4:38,4:45,5:13,5:18,7:37,7:46,8:14,8:18,10:38,10:43,11:14,11:19,13:39,13:45,14:14,14:14,16:37,16:45,17:07,17:12,19:36,19:54,20:09,20:11
AA_E_TT_RN_SR_6M_50CM_03_1,Lidar,1:11,4:19,4:26,4:54,4:59,7:18,7:27,7:55,7:59,10:19,10:24,10:55,11:00,13:20,13:26,13:55,13:55,16:18,16:26,16:48,16:53,19:17,19:35,19:50,19:52
AA_E_TT_RN_SR_6M_50CM_05_0,IR,1:02,2:52,2:58,3:15,3:17,5:28,5:34,6:01,6:04,8:25,8:30,9:05,9:10,11:25,11:35,11:59,11:59,14:25,14:29,14:59,15:03,17:26,17:35,17:57,18:01
AA_E_TT_RN_SR_6M_50CM_05_0,RGB,1:02,2:52,2:58,3:15,3:17,5:28,5:34,6:01,6:04,8:25,8:30,9:05,9:10,11:25,11:35,11:59,11:59,14:25,14:29,14:59,15:03,17:26,17:35,17:57,18:01
AA_E_TT_RN_SR_6M_50CM_05_0,Depth,1:02,2:52,2:58,3:15,3:17,5:28,5:34,6:01,6:04,8:25,8:30,9:05,9:10,11:25,11:35,11:59,11:59,14:25,14:29,14:59,15:03,17:26,17:35,17:57,18:01
AA_E_TT_RN_SR_6M_50CM_05_0,Thermal,1:01,3:16,3:22,3:48,3:51,6:16,6:22,6:49,6:52,9:14,9:19,9:54,9:59,12:14,12:24,12:48,12:48,15:14,15:18,15:48,15:52,18:15,18:24,18:46,18:50
AA_E_TT_RN_SR_6M_50CM_05_0,Lidar,0:51,3:06,3:12,3:38,3:41,6:06,6:12,6:39,6:42,9:04,9:09,9:44,9:49,12:04,12:14,12:38,12:38,15:04,15:08,15:38,15:42,18:05,18:14,18:36,18:40
AA_E_TT_RN_SR_6M_50CM_07_0,IR,0:33,3:04,3:10,3:40,3:43,6:07,6:13,6:43,6:48,9:09,9:14,9:47,9:52,12:03,12:11,12:39,12:39,15:04,15:06,15:38,15:45,18:04,18:16,18:35,18:39
AA_E_TT_RN_SR_6M_50CM_07_0,RGB,0:33,3:04,3:10,3:40,3:43,6:07,6:13,6:43,6:48,9:09,9:14,9:47,9:52,12:03,12:11,12:39,12:39,15:04,15:06,15:38,15:45,18:04,18:16,18:35,18:39
AA_E_TT_RN_SR_6M_50CM_07_0,Depth,0:33,3:04,3:10,3:40,3:43,6:07,6:13,6:43,6:48,9:09,9:14,9:47,9:52,12:03,12:11,12:39,12:39,15:04,15:06,15:38,15:45,18:04,18:16,18:35,18:39
AA_E_TT_RN_SR_6M_50CM_07_0,Thermal,0:31,3:02,3:08,3:38,3:41,6:05,6:11,6:41,6:46,9:07,9:12,9:45,9:50,12:01,12:09,12:37,12:37,15:02,15:04,15:36,15:43,18:02,18:14,18:33,18:37
AA_E_TT_RN_SR_6M_50CM_07_0,Lidar,0:19,2:50,2:56,3:26,3:29,5:53,5:59,6:29,6:34,8:55,9:00,9:33,9:38,11:49,11:57,12:25,12:25,14:50,14:52,15:24,15:31,17:50,18:02,18:21,18:25
AA_E_TT_RN_SR_8M_1M_01_1,IR,1:10,3:42,3:48,4:01,4:05,6:44,6:53,7:20,7:25,9:44,9:49,10:18,10:23,12:42,12:49,13:15,13:18,15:40,15:46,16:11,16:19,18:40,18:47,19:01,19:05
AA_E_TT_RN_SR_8M_1M_01_1,RGB,1:10,3:42,3:48,4:01,4:05,6:44,6:53,7:20,7:25,9:44,9:49,10:18,10:23,12:42,12:49,13:15,13:18,15:40,15:46,16:11,16:19,18:40,18:47,19:01,19:05
AA_E_TT_RN_SR_8M_1M_01_1,Depth,1:10,3:42,3:48,4:01,4:05,6:44,6:53,7:20,7:25,9:44,9:49,10:18,10:23,12:42,12:49,13:15,13:18,15:40,15:46,16:11,16:19,18:40,18:47,19:01,19:05
AA_E_TT_RN_SR_8M_1M_01_1,Thermal,1:07,3:39,3:45,3:58,4:02,6:41,6:50,7:17,7:22,9:41,9:46,10:15,10:20,12:39,12:46,13:12,13:15,15:37,15:43,16:08,16:16,18:37,18:44,18:58,19:02
AA_E_TT_RN_SR_8M_1M_01_1,Lidar,0:59,3:31,3:37,3:50,3:54,6:33,6:42,7:09,7:14,9:33,9:38,10:07,10:12,12:31,12:38,13:04,13:07,15:29,15:35,16:00,16:08,18:29,18:36,18:50,18:54
AA_E_TT_RN_SR_8M_1M_03_1,IR,1:25,3:38,3:49,4:13,4:16,6:41,6:53,7:15,7:20,9:39,9:44,10:12,10:17,12:38,12:52,13:15,13:21,15:36,15:45,16:19,16:23,18:38,19:04,19:16,19:21
AA_E_TT_RN_SR_8M_1M_03_1,RGB,1:25,3:38,3:49,4:13,4:16,6:41,6:53,7:15,7:20,9:39,9:44,10:12,10:17,12:38,12:52,13:15,13:21,15:36,15:45,16:19,16:23,18:38,19:04,19:16,19:21
AA_E_TT_RN_SR_8M_1M_03_1,Depth,1:25,3:38,3:49,4:13,4:16,6:41,6:53,7:15,7:20,9:39,9:44,10:12,10:17,12:38,12:52,13:15,13:21,15:36,15:45,16:19,16:23,18:38,19:04,19:16,19:21
AA_E_TT_RN_SR_8M_1M_03_1,Thermal,1:24,3:37,3:48,4:12,4:15,6:40,6:52,7:14,7:19,9:38,9:43,10:11,10:16,12:37,12:51,13:14,13:20,15:35,15:44,16:18,16:22,18:37,19:03,19:15,19:20
AA_E_TT_RN_SR_8M_1M_03_1,Lidar,1:14,3:27,3:38,4:02,4:05,6:30,6:42,7:04,7:09,9:28,9:33,10:01,10:06,12:27,12:41,13:04,13:10,15:25,15:34,16:08,16:12,18:27,18:53,19:05,19:10
AA_E_TT_RN_SR_8M_50CM_01_0,IR,1:10,3:42,3:48,4:01,4:05,6:44,6:53,7:20,7:25,9:44,9:49,10:18,10:23,12:42,12:49,13:15,13:18,15:40,15:46,16:11,16:19,18:40,18:47,19:01,19:05
AA_E_TT_RN_SR_8M_50CM_01_0,RGB,1:10,3:42,3:48,4:01,4:05,6:44,6:53,7:20,7:25,9:44,9:49,10:18,10:23,12:42,12:49,13:15,13:18,15:40,15:46,16:11,16:19,18:40,18:47,19:01,19:05
AA_E_TT_RN_SR_8M_50CM_01_0,Depth,1:10,3:42,3:48,4:01,4:05,6:44,6:53,7:20,7:25,9:44,9:49,10:18,10:23,12:42,12:49,13:15,13:18,15:40,15:46,16:11,16:19,18:40,18:47,19:01,19:05
AA_E_TT_RN_SR_8M_50CM_01_0,Thermal,1:01,3:33,3:39,3:52,3:56,6:35,6:44,7:11,7:16,9:35,9:40,10:09,10:14,12:33,12:40,13:06,13:09,15:31,15:37,16:02,16:10,18:31,18:38,18:52,18:56
AA_E_TT_RN_SR_8M_50CM_01_0,Lidar,0:44,3:16,3:22,3:35,3:39,6:18,6:27,6:54,6:59,9:18,9:23,9:52,9:57,12:16,12:23,12:49,12:52,15:14,15:20,15:45,15:53,18:14,18:21,18:35,18:39
AA_E_TT_RN_SR_8M_50CM_03_1,IR,1:19,3:32,3:43,4:07,4:10,6:35,6:47,7:09,7:14,9:33,9:38,10:06,10:11,12:32,12:46,13:09,13:15,15:30,15:39,16:13,16:17,18:32,18:58,19:10,19:15
AA_E_TT_RN_SR_8M_50CM_03_1,RGB,1:19,3:32,3:43,4:07,4:10,6:35,6:47,7:09,7:14,9:33,9:38,10:06,10:11,12:32,12:46,13:09,13:15,15:30,15:39,16:13,16:17,18:32,18:58,19:10,19:15
AA_E_TT_RN_SR_8M_50CM_03_1,Depth,1:19,3:32,3:43,4:07,4:10,6:35,6:47,7:09,7:14,9:33,9:38,10:06,10:11,12:32,12:46,13:09,13:15,15:30,15:39,16:13,16:17,18:32,18:58,19:10,19:15
AA_E_TT_RN_SR_8M_50CM_03_1,Thermal,1:18,3:31,3:42,4:06,4:09,6:34,6:46,7:08,7:13,9:32,9:37,10:05,10:10,12:31,12:45,13:08,13:14,15:29,15:38,16:12,16:16,18:31,18:57,19:09,19:14
AA_E_TT_RN_SR_8M_50CM_03_1,Lidar,1:06,3:19,3:30,3:54,3:57,6:22,6:34,6:56,7:01,9:20,9:25,9:53,9:58,12:19,12:33,12:56,13:02,15:17,15:26,16:00,16:04,18:19,18:45,18:57,19:02
AA_E_TT_RN_SR_8M_50CM_06_0,IR,0:39,9:42,9:54,10:18,10:22,12:44,12:51,13:26,13:33,15:41,15:46,16:20,16:25,18:42,18:54,19:20,19:23,21:45,21:51,22:19,22:27,24:42:00,24:59:00,25:11:00,25:18:00
AA_E_TT_RN_SR_8M_50CM_06_0,RGB,0:39,9:42,9:54,10:18,10:22,12:44,12:51,13:26,13:33,15:41,15:46,16:20,16:25,18:42,18:54,19:20,19:23,21:45,21:51,22:19,22:27,24:42:00,24:59:00,25:11:00,25:18:00
AA_E_TT_RN_SR_8M_50CM_06_0,Depth,0:39,9:42,9:54,10:18,10:22,12:44,12:51,13:26,13:33,15:41,15:46,16:20,16:25,18:42,18:54,19:20,19:23,21:45,21:51,22:19,22:27,24:42:00,24:59:00,25:11:00,25:18:00
AA_E_TT_RN_SR_8M_50CM_06_0,Thermal,0:37,9:40,9:52,10:16,10:20,12:42,12:49,13:24,13:31,15:39,15:44,16:18,16:23,18:40,18:52,19:18,19:21,21:43,21:49,22:17,22:25,24:40:00,24:57:00,25:09:00,25:16:00
AA_E_TT_RN_SR_8M_50CM_06_0,Lidar,0:26,9:29,9:41,10:05,10:09,12:31,12:38,13:13,13:20,15:28,15:33,16:07,16:12,18:29,18:41,19:07,19:10,21:32,21:38,22:06,22:14,24:29:00,24:46:00,24:58:00,25:05:00
AA_E_TT_RN_SR_S_1M_01_1,IR,0:52,3:04,3:11,3:21,3:31,6:04,6:17,6:46,6:51,9:06,9:11,9:35,9:40,12:03,12:13,12:36,12:36,15:06,15:11,15:34,15:38,18:05,18:11,18:19,18:28
AA_E_TT_RN_SR_S_1M_01_1,RGB,0:52,3:04,3:11,3:21,3:31,6:04,6:17,6:46,6:51,9:06,9:11,9:35,9:40,12:03,12:13,12:36,12:36,15:06,15:11,15:34,15:38,18:05,18:11,18:19,18:28
AA_E_TT_RN_SR_S_1M_01_1,Depth,0:52,3:04,3:11,3:21,3:31,6:04,6:17,6:46,6:51,9:06,9:11,9:35,9:40,12:03,12:13,12:36,12:36,15:06,15:11,15:34,15:38,18:05,18:11,18:19,18:28
AA_E_TT_RN_SR_S_1M_01_1,Thermal,0:50,3:02,3:09,3:19,3:29,6:02,6:15,6:44,6:49,9:04,9:09,9:33,9:38,12:01,12:11,12:34,12:34,15:04,15:09,15:32,15:36,18:03,18:09,18:17,18:26
AA_E_TT_RN_SR_S_1M_01_1,Lidar,0:36,2:48,2:55,3:05,3:15,5:48,6:01,6:30,6:35,8:50,8:55,9:19,9:24,11:47,11:57,12:20,12:20,14:50,14:55,15:18,15:22,17:49,17:55,18:03,18:12
AA_E_TT_RN_SR_S_1M_03_1,IR,2:08,4:19,4:34,4:51,4:55,7:18,7:24,7:56,7:59,10:16,10:21,10:50,10:55,13:15,13:27,13:53,13:56,16:15,16:23,16:45,16:54,19:13,19:32,19:47,19:50
AA_E_TT_RN_SR_S_1M_03_1,RGB,2:08,4:19,4:34,4:51,4:55,7:18,7:24,7:56,7:59,10:16,10:21,10:50,10:55,13:15,13:27,13:53,13:56,16:15,16:23,16:45,16:54,19:13,19:32,19:47,19:50
AA_E_TT_RN_SR_S_1M_03_1,Depth,2:08,4:19,4:34,4:51,4:55,7:18,7:24,7:56,7:59,10:16,10:21,10:50,10:55,13:15,13:27,13:53,13:56,16:15,16:23,16:45,16:54,19:13,19:32,19:47,19:50
AA_E_TT_RN_SR_S_1M_03_1,Thermal,2:06,4:17,4:32,4:49,4:53,7:16,7:22,7:54,7:57,10:14,10:19,10:48,10:53,13:13,13:25,13:51,13:54,16:13,16:21,16:43,16:52,19:11,19:30,19:45,19:48
AA_E_TT_RN_SR_S_1M_03_1,Lidar,1:55,4:06,4:21,4:38,4:42,7:05,7:11,7:43,7:46,10:03,10:08,10:37,10:42,13:02,13:14,13:40,13:43,16:02,16:10,16:32,16:41,19:00,19:19,19:34,19:37
AA_E_TT_RN_SR_S_50CM_01_0,IR,0:44,2:56,3:03,3:13,3:23,5:56,6:09,6:38,6:43,8:58,9:03,9:27,9:32,11:55,12:05,12:28,12:28,14:58,15:03,15:26,15:30,17:57,18:03,18:11,18:20
AA_E_TT_RN_SR_S_50CM_01_0,RGB,0:44,2:56,3:03,3:13,3:23,5:56,6:09,6:38,6:43,8:58,9:03,9:27,9:32,11:55,12:05,12:28,12:28,14:58,15:03,15:26,15:30,17:57,18:03,18:11,18:20
AA_E_TT_RN_SR_S_50CM_01_0,Depth,0:44,2:56,3:03,3:13,3:23,5:56,6:09,6:38,6:43,8:58,9:03,9:27,9:32,11:55,12:05,12:28,12:28,14:58,15:03,15:26,15:30,17:57,18:03,18:11,18:20
AA_E_TT_RN_SR_S_50CM_01_0,Thermal,0:41,2:53,3:00,3:10,3:20,5:53,6:06,6:35,6:40,8:55,9:00,9:24,9:29,11:52,12:02,12:25,12:25,14:55,15:00,15:23,15:27,17:54,18:00,18:08,18:17
AA_E_TT_RN_SR_S_50CM_01_0,Lidar,0:28,2:40,2:47,2:57,3:07,5:40,5:53,6:22,6:27,8:42,8:47,9:11,9:16,11:39,11:49,12:12,12:12,14:42,14:47,15:10,15:14,17:41,17:47,17:55,18:04
AA_E_TT_RN_SR_S_50CM_03_1,IR,1:57,4:08,4:23,4:40,4:44,7:07,7:13,7:45,7:48,10:05,10:10,10:39,10:44,13:04,13:16,13:42,13:45,16:04,16:12,16:34,16:43,19:02,19:21,19:36,19:39
AA_E_TT_RN_SR_S_50CM_03_1,RGB,1:57,4:08,4:23,4:40,4:44,7:07,7:13,7:45,7:48,10:05,10:10,10:39,10:44,13:04,13:16,13:42,13:45,16:04,16:12,16:34,16:43,19:02,19:21,19:36,19:39
AA_E_TT_RN_SR_S_50CM_03_1,Depth,1:57,4:08,4:23,4:40,4:44,7:07,7:13,7:45,7:48,10:05,10:10,10:39,10:44,13:04,13:16,13:42,13:45,16:04,16:12,16:34,16:43,19:02,19:21,19:36,19:39
AA_E_TT_RN_SR_S_50CM_03_1,Thermal,1:57,4:08,4:23,4:40,4:44,7:07,7:13,7:45,7:48,10:05,10:10,10:39,10:44,13:04,13:16,13:42,13:45,16:04,16:12,16:34,16:43,19:02,19:21,19:36,19:39
AA_E_TT_RN_SR_S_50CM_03_1,Lidar,1:44,3:55,4:10,4:27,4:31,6:54,7:00,7:32,7:35,9:52,9:57,10:26,10:31,12:51,13:03,13:29,13:32,15:51,15:59,16:21,16:30,18:49,19:08,19:23,19:26
AA_E_TT_RN_SS_6M_1M_01_3,IR,0:51,3:12,3:22,3:39,3:43,6:12,6:20,6:44,6:49,9:11,9:16,9:40,9:45,12:12,12:24,12:45,12:45,15:11,15:19,15:36,15:44,18:11,18:34,18:38,18:41
AA_E_TT_RN_SS_6M_1M_01_3,RGB,0:51,3:12,3:22,3:39,3:43,6:12,6:20,6:44,6:49,9:11,9:16,9:40,9:45,12:12,12:24,12:45,12:45,15:11,15:19,15:36,15:44,18:11,18:34,18:38,18:41
AA_E_TT_RN_SS_6M_1M_01_3,Depth,0:51,3:12,3:22,3:39,3:43,6:12,6:20,6:44,6:49,9:11,9:16,9:40,9:45,12:12,12:24,12:45,12:45,15:11,15:19,15:36,15:44,18:11,18:34,18:38,18:41
AA_E_TT_RN_SS_6M_1M_01_3,Thermal,0:50,3:11,3:21,3:38,3:42,6:11,6:19,6:43,6:48,9:10,9:15,9:39,9:44,12:11,12:23,12:44,12:44,15:10,15:18,15:35,15:43,18:10,18:33,18:37,18:40
AA_E_TT_RN_SS_6M_1M_01_3,Lidar,0:38,2:59,3:09,3:26,3:30,5:59,6:07,6:31,6:36,8:58,9:03,9:27,9:32,11:59,12:11,12:32,12:32,14:58,15:06,15:23,15:31,17:58,18:21,18:25,18:28
AA_E_TT_RN_SS_6M_50CM_01_2,IR,0:42,3:03,3:13,3:30,3:34,6:03,6:11,6:35,6:40,9:02,9:07,9:31,9:36,12:03,12:15,12:36,12:36,15:02,15:10,15:27,15:35,18:02,18:25,18:29,18:32
AA_E_TT_RN_SS_6M_50CM_01_2,RGB,0:42,3:03,3:13,3:30,3:34,6:03,6:11,6:35,6:40,9:02,9:07,9:31,9:36,12:03,12:15,12:36,12:36,15:02,15:10,15:27,15:35,18:02,18:25,18:29,18:32
AA_E_TT_RN_SS_6M_50CM_01_2,Depth,0:42,3:03,3:13,3:30,3:34,6:03,6:11,6:35,6:40,9:02,9:07,9:31,9:36,12:03,12:15,12:36,12:36,15:02,15:10,15:27,15:35,18:02,18:25,18:29,18:32
AA_E_TT_RN_SS_6M_50CM_01_2,Thermal,0:35,2:56,3:06,3:23,3:27,5:56,6:04,6:28,6:33,8:55,9:00,9:24,9:29,11:56,12:08,12:29,12:29,14:55,15:03,15:20,15:28,17:55,18:18,18:22,18:25
AA_E_TT_RN_SS_6M_50CM_01_2,Lidar,0:22,2:43,2:53,3:10,3:14,5:43,5:51,6:15,6:20,8:42,8:47,9:11,9:16,11:43,11:55,12:16,12:16,14:42,14:50,15:07,15:15,17:42,18:05,18:09,18:12
AA_E_TT_RN_SS_6M_50CM_03_0,IR,1:53,4:10,4:15,4:38,4:42,7:08,7:13,7:39,7:43,10:11,10:16,10:46,10:51,13:10,13:17,13:38,13:38,16:12,16:15,16:42,16:47,19:09,19:38,19:40,19:45
AA_E_TT_RN_SS_6M_50CM_03_0,RGB,1:53,4:10,4:15,4:38,4:42,7:08,7:13,7:39,7:43,10:11,10:16,10:46,10:51,13:10,13:17,13:38,13:38,16:12,16:15,16:42,16:47,19:09,19:38,19:40,19:45
AA_E_TT_RN_SS_6M_50CM_03_0,Depth,1:53,4:10,4:15,4:38,4:42,7:08,7:13,7:39,7:43,10:11,10:16,10:46,10:51,13:10,13:17,13:38,13:38,16:12,16:15,16:42,16:47,19:09,19:38,19:40,19:45
AA_E_TT_RN_SS_6M_50CM_03_0,Thermal,1:52,4:09,4:14,4:37,4:41,7:07,7:12,7:38,7:42,10:10,10:15,10:45,10:50,13:09,13:16,13:37,13:37,16:11,16:14,16:41,16:46,19:08,19:37,19:39,19:44
AA_E_TT_RN_SS_6M_50CM_03_0,Lidar,1:42,3:59,4:04,4:27,4:31,6:57,7:02,7:28,7:32,10:00,10:05,10:35,10:40,12:59,13:06,13:27,13:27,16:01,16:04,16:31,16:36,18:58,19:27,19:29,19:34
AA_E_TT_RN_SS_6M_50CM_05_0,IR,1:22,3:40,3:46,4:06,4:11,6:40,6:48,7:10,7:15,9:38,9:43,10:16,10:21,12:39,12:46,13:13,13:13,15:37,15:42,16:06,16:11,18:38,19:00,19:07,19:08
AA_E_TT_RN_SS_6M_50CM_05_0,RGB,1:22,3:40,3:46,4:06,4:11,6:40,6:48,7:10,7:15,9:38,9:43,10:16,10:21,12:39,12:46,13:13,13:13,15:37,15:42,16:06,16:11,18:38,19:00,19:07,19:08
AA_E_TT_RN_SS_6M_50CM_05_0,Depth,1:22,3:40,3:46,4:06,4:11,6:40,6:48,7:10,7:15,9:38,9:43,10:16,10:21,12:39,12:46,13:13,13:13,15:37,15:42,16:06,16:11,18:38,19:00,19:07,19:08
AA_E_TT_RN_SS_6M_50CM_05_0,Thermal,1:20,3:38,3:44,4:04,4:09,6:38,6:46,7:08,7:13,9:36,9:41,10:14,10:19,12:37,12:44,13:11,13:11,15:35,15:40,16:04,16:09,18:36,18:58,19:05,19:06
AA_E_TT_RN_SS_6M_50CM_05_0,Lidar,1:11,3:29,3:35,3:55,4:00,6:29,6:37,6:59,7:04,9:27,9:32,10:05,10:10,12:28,12:35,13:02,13:02,15:26,15:31,15:55,16:00,18:27,18:49,18:56,18:57
AA_E_TT_RN_SS_8M_1M_01_3,IR,0:46,2:57,3:12,3:29,3:37,5:56,6:04,6:35,6:40,8:57,9:02,9:31,9:36,11:57,12:11,12:34,12:40,14:56,15:01,15:20,15:28,17:55,18:04,18:22,18:25
AA_E_TT_RN_SS_8M_1M_01_3,RGB,0:46,2:57,3:12,3:29,3:37,5:56,6:04,6:35,6:40,8:57,9:02,9:31,9:36,11:57,12:11,12:34,12:40,14:56,15:01,15:20,15:28,17:55,18:04,18:22,18:25
AA_E_TT_RN_SS_8M_1M_01_3,Depth,0:46,2:57,3:12,3:29,3:37,5:56,6:04,6:35,6:40,8:57,9:02,9:31,9:36,11:57,12:11,12:34,12:40,14:56,15:01,15:20,15:28,17:55,18:04,18:22,18:25
AA_E_TT_RN_SS_8M_1M_01_3,Thermal,0:45,2:56,3:11,3:28,3:36,5:55,6:03,6:34,6:39,8:56,9:01,9:30,9:35,11:56,12:10,12:33,12:39,14:55,15:00,15:19,15:27,17:54,18:03,18:21,18:24
AA_E_TT_RN_SS_8M_1M_01_3,Lidar,0:37,2:48,3:03,3:20,3:28,5:47,5:55,6:26,6:31,8:48,8:53,9:22,9:27,11:48,12:02,12:25,12:31,14:47,14:52,15:11,15:19,17:46,17:55,18:13,18:16
AA_E_TT_RN_SS_8M_1M_03_0,IR,1:09,3:25,3:34,3:53,3:59,6:22,6:28,7:01,7:01,9:23,9:28,10:09,10:14,12:24,12:32,13:00,13:02,15:22,15:30,15:55,16:01,18:13,18:23,18:35,18:39
AA_E_TT_RN_SS_8M_1M_03_0,RGB,1:09,3:25,3:34,3:53,3:59,6:22,6:28,7:01,7:01,9:23,9:28,10:09,10:14,12:24,12:32,13:00,13:02,15:22,15:30,15:55,16:01,18:13,18:23,18:35,18:39
AA_E_TT_RN_SS_8M_1M_03_0,Depth,1:09,3:25,3:34,3:53,3:59,6:22,6:28,7:01,7:01,9:23,9:28,10:09,10:14,12:24,12:32,13:00,13:02,15:22,15:30,15:55,16:01,18:13,18:23,18:35,18:39
AA_E_TT_RN_SS_8M_1M_03_0,Thermal,1:05,3:21,3:30,3:49,3:55,6:18,6:24,6:57,6:57,9:19,9:24,10:05,10:10,12:20,12:28,12:56,12:58,15:18,15:26,15:51,15:57,18:09,18:19,18:31,18:35
AA_E_TT_RN_SS_8M_1M_03_0,Lidar,0:47,3:03,3:12,3:31,3:37,6:00,6:06,6:39,6:39,9:01,9:06,9:47,9:52,12:02,12:10,12:38,12:40,15:00,15:08,15:33,15:39,17:51,18:01,18:13,18:17
AA_E_TT_RN_SS_8M_50CM_01_0,IR,0:43,2:54,3:09,3:26,3:34,5:53,6:01,6:32,6:37,8:54,8:59,9:28,9:33,11:54,12:08,12:31,12:37,14:53,14:58,15:17,15:25,17:52,18:01,18:19,18:22
AA_E_TT_RN_SS_8M_50CM_01_0,RGB,0:43,2:54,3:09,3:26,3:34,5:53,6:01,6:32,6:37,8:54,8:59,9:28,9:33,11:54,12:08,12:31,12:37,14:53,14:58,15:17,15:25,17:52,18:01,18:19,18:22
AA_E_TT_RN_SS_8M_50CM_01_0,Depth,0:43,2:54,3:09,3:26,3:34,5:53,6:01,6:32,6:37,8:54,8:59,9:28,9:33,11:54,12:08,12:31,12:37,14:53,14:58,15:17,15:25,17:52,18:01,18:19,18:22
AA_E_TT_RN_SS_8M_50CM_01_0,Thermal,0:40,2:51,3:06,3:23,3:31,5:50,5:58,6:29,6:34,8:51,8:56,9:25,9:30,11:51,12:05,12:28,12:34,14:50,14:55,15:14,15:22,17:49,17:58,18:16,18:19
AA_E_TT_RN_SS_8M_50CM_01_0,Lidar,0:30,2:41,2:56,3:13,3:21,5:40,5:48,6:19,6:24,8:41,8:46,9:15,9:20,11:41,11:55,12:18,12:24,14:40,14:45,15:04,15:12,17:39,17:48,18:06,18:09
AA_E_TT_RN_SS_8M_50CM_03_0,IR,1:05,3:21,3:30,3:49,3:55,6:18,6:24,6:57,6:57,9:19,9:24,10:05,10:10,12:20,12:28,12:56,12:58,15:18,15:26,15:51,15:57,18:09,18:19,18:31,18:35
AA_E_TT_RN_SS_8M_50CM_03_0,RGB,1:05,3:21,3:30,3:49,3:55,6:18,6:24,6:57,6:57,9:19,9:24,10:05,10:10,12:20,12:28,12:56,12:58,15:18,15:26,15:51,15:57,18:09,18:19,18:31,18:35
AA_E_TT_RN_SS_8M_50CM_03_0,Depth,1:05,3:21,3:30,3:49,3:55,6:18,6:24,6:57,6:57,9:19,9:24,10:05,10:10,12:20,12:28,12:56,12:58,15:18,15:26,15:51,15:57,18:09,18:19,18:31,18:35
AA_E_TT_RN_SS_8M_50CM_03_0,Thermal,1:03,3:19,3:28,3:47,3:53,6:16,6:22,6:55,6:55,9:17,9:22,10:03,10:08,12:18,12:26,12:54,12:56,15:16,15:24,15:49,15:55,18:07,18:17,18:29,18:33
AA_E_TT_RN_SS_8M_50CM_03_0,Lidar,0:47,3:03,3:12,3:31,3:37,6:00,6:06,6:39,6:39,9:01,9:06,9:47,9:52,12:02,12:10,12:38,12:40,15:00,15:08,15:33,15:39,17:51,18:01,18:13,18:17
AA_E_TT_RN_SS_S_1M_01_3,IR,1:22,3:33,3:40,3:57,4:00,6:34,6:40,7:01,7:07,9:33,9:38,10:04,10:09,12:36,12:40,12:59,12:59,15:34,15:38,15:59,16:12,18:36,18:46,18:54,18:58
AA_E_TT_RN_SS_S_1M_01_3,RGB,1:22,3:33,3:40,3:57,4:00,6:34,6:40,7:01,7:07,9:33,9:38,10:04,10:09,12:36,12:40,12:59,12:59,15:34,15:38,15:59,16:12,18:36,18:46,18:54,18:58
AA_E_TT_RN_SS_S_1M_01_3,Depth,1:22,3:33,3:40,3:57,4:00,6:34,6:40,7:01,7:07,9:33,9:38,10:04,10:09,12:36,12:40,12:59,12:59,15:34,15:38,15:59,16:12,18:36,18:46,18:54,18:58
AA_E_TT_RN_SS_S_1M_01_3,Thermal,1:23,3:34,3:41,3:58,4:01,6:35,6:41,7:02,7:08,9:34,9:39,10:05,10:10,12:37,12:41,13:00,13:00,15:35,15:39,16:00,16:13,18:37,18:47,18:55,18:59
AA_E_TT_RN_SS_S_1M_01_3,Lidar,1:08,3:19,3:26,3:43,3:46,6:20,6:26,6:47,6:53,9:19,9:24,9:50,9:55,12:22,12:26,12:45,12:45,15:20,15:24,15:45,15:58,18:22,18:32,18:40,18:44
AA_E_TT_RN_SS_S_1M_07_0,IR,1:59,4:09,4:24,4:49,4:53,7:06,7:16,7:37,7:47,10:05,10:10,10:47,10:52,13:08,13:12,13:34,13:44,16:09,16:15,16:40,16:45,19:04,19:20,19:37,19:41
AA_E_TT_RN_SS_S_1M_07_0,RGB,1:59,4:09,4:24,4:49,4:53,7:06,7:16,7:37,7:47,10:05,10:10,10:47,10:52,13:08,13:12,13:34,13:44,16:09,16:15,16:40,16:45,19:04,19:20,19:37,19:41
AA_E_TT_RN_SS_S_1M_07_0,Depth,1:59,4:09,4:24,4:49,4:53,7:06,7:16,7:37,7:47,10:05,10:10,10:47,10:52,13:08,13:12,13:34,13:44,16:09,16:15,16:40,16:45,19:04,19:20,19:37,19:41
AA_E_TT_RN_SS_S_1M_07_0,Thermal,1:53,4:03,4:18,4:43,4:47,7:00,7:10,7:31,7:41,9:59,10:04,10:41,10:46,13:02,13:06,13:28,13:38,16:03,16:09,16:34,16:39,18:58,19:14,19:31,19:35
AA_E_TT_RN_SS_S_1M_07_0,Lidar,1:26,3:36,3:51,4:16,4:20,6:33,6:43,7:04,7:14,9:32,9:37,10:14,10:19,12:35,12:39,13:01,13:11,15:36,15:42,16:07,16:12,18:31,18:47,19:04,19:08
AA_E_TT_RN_SS_S_50CM_01_2,IR,1:19,3:30,3:37,3:54,3:57,6:31,6:37,6:58,7:04,9:30,9:35,10:01,10:06,12:33,12:37,12:56,12:56,15:31,15:35,15:56,16:09,18:33,18:43,18:51,18:55
AA_E_TT_RN_SS_S_50CM_01_2,RGB,1:19,3:30,3:37,3:54,3:57,6:31,6:37,6:58,7:04,9:30,9:35,10:01,10:06,12:33,12:37,12:56,12:56,15:31,15:35,15:56,16:09,18:33,18:43,18:51,18:55
AA_E_TT_RN_SS_S_50CM_01_2,Depth,1:19,3:30,3:37,3:54,3:57,6:31,6:37,6:58,7:04,9:30,9:35,10:01,10:06,12:33,12:37,12:56,12:56,15:31,15:35,15:56,16:09,18:33,18:43,18:51,18:55
AA_E_TT_RN_SS_S_50CM_01_2,Thermal,1:16,3:27,3:34,3:51,3:54,6:28,6:34,6:55,7:01,9:27,9:32,9:58,10:03,12:30,12:34,12:53,12:53,15:28,15:32,15:53,16:06,18:30,18:40,18:48,18:52
AA_E_TT_RN_SS_S_50CM_01_2,Lidar,0:59,3:10,3:17,3:34,3:37,6:11,6:17,6:38,6:44,9:10,9:15,9:41,9:46,12:13,12:17,12:36,12:36,15:11,15:15,15:36,15:49,18:13,18:23,18:31,18:35
AA_E_TT_RN_SS_S_50CM_07_0,IR,1:54,4:04,4:19,4:44,4:48,7:01,7:11,7:32,7:42,10:00,10:05,10:42,10:47,13:03,13:07,13:29,13:39,16:04,16:10,16:35,16:40,18:59,19:15,19:32,19:36
AA_E_TT_RN_SS_S_50CM_07_0,RGB,1:54,4:04,4:19,4:44,4:48,7:01,7:11,7:32,7:42,10:00,10:05,10:42,10:47,13:03,13:07,13:29,13:39,16:04,16:10,16:35,16:40,18:59,19:15,19:32,19:36
AA_E_TT_RN_SS_S_50CM_07_0,Depth,1:54,4:04,4:19,4:44,4:48,7:01,7:11,7:32,7:42,10:00,10:05,10:42,10:47,13:03,13:07,13:29,13:39,16:04,16:10,16:35,16:40,18:59,19:15,19:32,19:36
AA_E_TT_RN_SS_S_50CM_07_0,Thermal,1:50,4:00,4:15,4:40,4:44,6:57,7:07,7:28,7:38,9:56,10:01,10:38,10:43,12:59,13:03,13:25,13:35,16:00,16:06,16:31,16:36,18:55,19:11,19:28,19:32
AA_E_TT_RN_SS_S_50CM_07_0,Lidar,1:36,3:46,4:01,4:26,4:30,6:43,6:53,7:14,7:24,9:42,9:47,10:24,10:29,12:45,12:49,13:11,13:21,15:46,15:52,16:17,16:22,18:41,18:57,19:14,19:18
AA_E_TT_SN_DY_6M_1M_01_1,IR,0:52,3:00,3:09,3:22,3:25,6:00,6:15,6:46,6:49,8:59,9:04,9:39,9:44,12:00,12:06,12:38,12:38,15:00,15:08,15:33,15:43,17:59,18:05,18:18,18:23
AA_E_TT_SN_DY_6M_1M_01_1,RGB,0:52,3:00,3:09,3:22,3:25,6:00,6:15,6:46,6:49,8:59,9:04,9:39,9:44,12:00,12:06,12:38,12:38,15:00,15:08,15:33,15:43,17:59,18:05,18:18,18:23
AA_E_TT_SN_DY_6M_1M_01_1,Depth,0:52,3:00,3:09,3:22,3:25,6:00,6:15,6:46,6:49,8:59,9:04,9:39,9:44,12:00,12:06,12:38,12:38,15:00,15:08,15:33,15:43,17:59,18:05,18:18,18:23
AA_E_TT_SN_DY_6M_1M_01_1,Thermal,0:43,2:51,3:00,3:13,3:16,5:51,6:06,6:37,6:40,8:50,8:55,9:30,9:35,11:51,11:57,12:29,12:29,14:51,14:59,15:24,15:34,17:50,17:56,18:09,18:14
AA_E_TT_SN_DY_6M_1M_01_1,Lidar,0:23,2:31,2:40,2:53,2:56,5:31,5:46,6:17,6:20,8:30,8:35,9:10,9:15,11:31,11:37,12:09,12:09,14:31,14:39,15:04,15:14,17:30,17:36,17:49,17:54
AA_E_TT_SN_DY_6M_1M_03_3,IR,1:31,3:39,3:49,4:16,4:22,6:38,6:47,7:23,7:25,9:39,9:45,10:18,10:23,12:31,12:36,13:18,13:20,15:32,15:38,16:12,16:12,18:33,18:53,19:10,19:20
AA_E_TT_SN_DY_6M_1M_03_3,RGB,1:31,3:39,3:49,4:16,4:22,6:38,6:47,7:23,7:25,9:39,9:45,10:18,10:23,12:31,12:36,13:18,13:20,15:32,15:38,16:12,16:12,18:33,18:53,19:10,19:20
AA_E_TT_SN_DY_6M_1M_03_3,Depth,1:31,3:39,3:49,4:16,4:22,6:38,6:47,7:23,7:25,9:39,9:45,10:18,10:23,12:31,12:36,13:18,13:20,15:32,15:38,16:12,16:12,18:33,18:53,19:10,19:20
AA_E_TT_SN_DY_6M_1M_03_3,Thermal,1:30,3:38,3:48,4:15,4:21,6:37,6:46,7:22,7:24,9:38,9:44,10:17,10:22,12:30,12:35,13:17,13:19,15:31,15:37,16:11,16:11,18:32,18:52,19:09,19:19
AA_E_TT_SN_DY_6M_1M_03_3,Lidar,1:16,3:24,3:34,4:01,4:07,6:23,6:32,7:08,7:10,9:24,9:30,10:03,10:08,12:16,12:21,13:03,13:05,15:17,15:23,15:57,15:57,18:18,18:38,18:55,19:05
AA_E_TT_SN_DY_6M_1M_05_0,IR,0:55,3:05,3:11,3:32,3:37,6:02,6:10,6:36,6:45,9:04,9:09,9:30,9:35,12:01,12:08,12:43,12:43,14:59,15:04,15:39,15:43,18:00,18:08,18:36,18:40
AA_E_TT_SN_DY_6M_1M_05_0,RGB,0:55,3:05,3:11,3:32,3:37,6:02,6:10,6:36,6:45,9:04,9:09,9:30,9:35,12:01,12:08,12:43,12:43,14:59,15:04,15:39,15:43,18:00,18:08,18:36,18:40
AA_E_TT_SN_DY_6M_1M_05_0,Depth,0:55,3:05,3:11,3:32,3:37,6:02,6:10,6:36,6:45,9:04,9:09,9:30,9:35,12:01,12:08,12:43,12:43,14:59,15:04,15:39,15:43,18:00,18:08,18:36,18:40
AA_E_TT_SN_DY_6M_1M_05_0,Thermal,0:52,3:02,3:08,3:29,3:34,5:59,6:07,6:33,6:42,9:01,9:06,9:27,9:32,11:58,12:05,12:40,12:40,14:56,15:01,15:36,15:40,17:57,18:05,18:33,18:37
AA_E_TT_SN_DY_6M_1M_05_0,Lidar,0:47,2:57,3:03,3:24,3:29,5:54,6:02,6:28,6:37,8:56,9:01,9:22,9:27,11:53,12:00,12:35,12:35,14:51,14:56,15:31,15:35,17:52,18:00,18:28,18:32
AA_E_TT_SN_DY_6M_50CM_01_0,IR,0:46,2:54,3:03,3:16,3:19,5:54,6:09,6:40,6:43,8:53,8:58,9:33,9:38,11:54,12:00,12:32,12:32,14:54,15:02,15:27,15:37,17:53,17:59,18:12,18:17
AA_E_TT_SN_DY_6M_50CM_01_0,RGB,0:46,2:54,3:03,3:16,3:19,5:54,6:09,6:40,6:43,8:53,8:58,9:33,9:38,11:54,12:00,12:32,12:32,14:54,15:02,15:27,15:37,17:53,17:59,18:12,18:17
AA_E_TT_SN_DY_6M_50CM_01_0,Depth,0:46,2:54,3:03,3:16,3:19,5:54,6:09,6:40,6:43,8:53,8:58,9:33,9:38,11:54,12:00,12:32,12:32,14:54,15:02,15:27,15:37,17:53,17:59,18:12,18:17
AA_E_TT_SN_DY_6M_50CM_01_0,Thermal,0:41,2:49,2:58,3:11,3:14,5:49,6:04,6:35,6:38,8:48,8:53,9:28,9:33,11:49,11:55,12:27,12:27,14:49,14:57,15:22,15:32,17:48,17:54,18:07,18:12
AA_E_TT_SN_DY_6M_50CM_01_0,Lidar,0:25,2:33,2:42,2:55,2:58,5:33,5:48,6:19,6:22,8:32,8:37,9:12,9:17,11:33,11:39,12:11,12:11,14:33,14:41,15:06,15:16,17:32,17:38,17:51,17:56
AA_E_TT_SN_DY_6M_50CM_03_3,IR,1:25,3:33,3:43,4:10,4:16,6:32,6:41,7:17,7:19,9:33,9:39,10:12,10:17,12:25,12:30,13:12,13:14,15:26,15:32,16:06,16:06,18:27,18:47,19:04,19:14
AA_E_TT_SN_DY_6M_50CM_03_3,RGB,1:25,3:33,3:43,4:10,4:16,6:32,6:41,7:17,7:19,9:33,9:39,10:12,10:17,12:25,12:30,13:12,13:14,15:26,15:32,16:06,16:06,18:27,18:47,19:04,19:14
AA_E_TT_SN_DY_6M_50CM_03_3,Depth,1:25,3:33,3:43,4:10,4:16,6:32,6:41,7:17,7:19,9:33,9:39,10:12,10:17,12:25,12:30,13:12,13:14,15:26,15:32,16:06,16:06,18:27,18:47,19:04,19:14
AA_E_TT_SN_DY_6M_50CM_03_3,Thermal,1:20,3:28,3:38,4:05,4:11,6:27,6:36,7:12,7:14,9:28,9:34,10:07,10:12,12:20,12:25,13:07,13:09,15:21,15:27,16:01,16:01,18:22,18:42,18:59,19:09
AA_E_TT_SN_DY_6M_50CM_03_3,Lidar,0:58,3:06,3:16,3:43,3:49,6:05,6:14,6:50,6:52,9:06,9:12,9:45,9:50,11:58,12:03,12:45,12:47,14:59,15:05,15:39,15:39,18:00,18:20,18:37,18:47
AA_E_TT_SN_DY_6M_50CM_05_0,IR,0:55,3:05,3:11,3:32,3:37,6:02,6:10,6:36,6:45,9:04,9:09,9:30,9:35,12:01,12:08,12:43,12:43,14:59,15:04,15:39,15:43,18:00,18:08,18:36,18:40
AA_E_TT_SN_DY_6M_50CM_05_0,RGB,0:55,3:05,3:11,3:32,3:37,6:02,6:10,6:36,6:45,9:04,9:09,9:30,9:35,12:01,12:08,12:43,12:43,14:59,15:04,15:39,15:43,18:00,18:08,18:36,18:40
AA_E_TT_SN_DY_6M_50CM_05_0,Depth,0:55,3:05,3:11,3:32,3:37,6:02,6:10,6:36,6:45,9:04,9:09,9:30,9:35,12:01,12:08,12:43,12:43,14:59,15:04,15:39,15:43,18:00,18:08,18:36,18:40
AA_E_TT_SN_DY_6M_50CM_05_0,Thermal,0:53,3:03,3:09,3:30,3:35,6:00,6:08,6:34,6:43,9:02,9:07,9:28,9:33,11:59,12:06,12:41,12:41,14:57,15:02,15:37,15:41,17:58,18:06,18:34,18:38
AA_E_TT_SN_DY_6M_50CM_05_0,Lidar,0:41,2:51,2:57,3:18,3:23,5:48,5:56,6:22,6:31,8:50,8:55,9:16,9:21,11:47,11:54,12:29,12:29,14:45,14:50,15:25,15:29,17:46,17:54,18:22,18:26
AA_E_TT_SN_DY_6M_50CM_07_0,IR,0:51,3:01,3:12,3:40,3:44,5:56,6:00,6:27,6:30,8:53,8:58,9:31,9:36,11:31,11:37,12:05,12:07,14:21,14:26,14:57,15:01,17:22,17:49,18:03,18:06
AA_E_TT_SN_DY_6M_50CM_07_0,RGB,0:51,3:01,3:12,3:40,3:44,5:56,6:00,6:27,6:30,8:53,8:58,9:31,9:36,11:31,11:37,12:05,12:07,14:21,14:26,14:57,15:01,17:22,17:49,18:03,18:06
AA_E_TT_SN_DY_6M_50CM_07_0,Depth,0:51,3:01,3:12,3:40,3:44,5:56,6:00,6:27,6:30,8:53,8:58,9:31,9:36,11:31,11:37,12:05,12:07,14:21,14:26,14:57,15:01,17:22,17:49,18:03,18:06
AA_E_TT_SN_DY_6M_50CM_07_0,Thermal,0:48,2:58,3:09,3:38,3:41,5:58,6:02,6:29,6:32,8:58,9:03,9:38,9:43,11:58,12:07,12:41,12:44,14:58,15:01,15:33,15:37,17:58,18:25,18:39,18:42
AA_E_TT_SN_DY_6M_50CM_07_0,Lidar,0:35,2:45,2:56,3:25,3:28,5:45,5:49,6:16,6:19,8:45,8:50,9:25,9:30,11:45,11:54,12:28,12:31,14:45,14:48,15:20,15:24,17:45,18:12,18:26,18:29
AA_E_TT_SN_DY_8M_1M_01_1,IR,0:56,3:06,3:11,3:29,3:31,6:05,6:16,6:43,6:50,9:07,9:12,9:42,9:47,12:04,12:12,12:40,12:40,15:08,15:18,15:40,15:45,18:03,18:12,18:25,18:29
AA_E_TT_SN_DY_8M_1M_01_1,RGB,0:56,3:06,3:11,3:29,3:31,6:05,6:16,6:43,6:50,9:07,9:12,9:42,9:47,12:04,12:12,12:40,12:40,15:08,15:18,15:40,15:45,18:03,18:12,18:25,18:29
AA_E_TT_SN_DY_8M_1M_01_1,Depth,0:56,3:06,3:11,3:29,3:31,6:05,6:16,6:43,6:50,9:07,9:12,9:42,9:47,12:04,12:12,12:40,12:40,15:08,15:18,15:40,15:45,18:03,18:12,18:25,18:29
AA_E_TT_SN_DY_8M_1M_01_1,Thermal,0:52,3:02,3:07,3:25,3:27,6:01,6:12,6:39,6:46,9:03,9:08,9:38,9:43,12:00,12:08,12:36,12:36,15:04,15:14,15:36,15:41,17:59,18:08,18:21,18:25
AA_E_TT_SN_DY_8M_1M_01_1,Lidar,0:41,2:51,2:56,3:14,3:16,5:50,6:01,6:28,6:35,8:52,8:57,9:27,9:32,11:49,11:57,12:25,12:25,14:53,15:03,15:25,15:30,17:48,17:57,18:10,18:14
AA_E_TT_SN_DY_8M_1M_03_1,IR,1:15,3:20,3:28,3:56,4:00,6:22,6:30,7:04,7:07,9:19,9:24,10:07,10:12,12:16,12:25,12:51,12:57,15:19,15:29,16:00,16:07,18:16,18:41,18:56,19:02
AA_E_TT_SN_DY_8M_1M_03_1,RGB,1:15,3:20,3:28,3:56,4:00,6:22,6:30,7:04,7:07,9:19,9:24,10:07,10:12,12:16,12:25,12:51,12:57,15:19,15:29,16:00,16:07,18:16,18:41,18:56,19:02
AA_E_TT_SN_DY_8M_1M_03_1,Depth,1:15,3:20,3:28,3:56,4:00,6:22,6:30,7:04,7:07,9:19,9:24,10:07,10:12,12:16,12:25,12:51,12:57,15:19,15:29,16:00,16:07,18:16,18:41,18:56,19:02
AA_E_TT_SN_DY_8M_1M_03_1,Thermal,1:15,3:20,3:28,3:56,4:00,6:22,6:30,7:04,7:07,9:19,9:24,10:07,10:12,12:16,12:25,12:51,12:57,15:19,15:29,16:00,16:07,18:16,18:41,18:56,19:02
AA_E_TT_SN_DY_8M_1M_03_1,Lidar,0:57,3:02,3:10,3:38,3:42,6:04,6:12,6:46,6:49,9:01,9:06,9:49,9:54,11:58,12:07,12:33,12:39,15:01,15:11,15:42,15:49,17:58,18:23,18:38,18:44
AA_E_TT_SN_DY_8M_1M_05_0,IR,1:06,3:16,3:28,3:52,3:57,6:20,6:27,7:10,7:10,9:15,9:20,10:04,10:09,12:16,12:28,13:09,13:09,15:15,15:29,16:02,16:07,21:17,21:37,21:59,22:05
AA_E_TT_SN_DY_8M_1M_05_0,RGB,1:06,3:16,3:28,3:52,3:57,6:20,6:27,7:10,7:10,9:15,9:20,10:04,10:09,12:16,12:28,13:09,13:09,15:15,15:29,16:02,16:07,21:17,21:37,21:59,22:05
AA_E_TT_SN_DY_8M_1M_05_0,Depth,1:06,3:16,3:28,3:52,3:57,6:20,6:27,7:10,7:10,9:15,9:20,10:04,10:09,12:16,12:28,13:09,13:09,15:15,15:29,16:02,16:07,21:17,21:37,21:59,22:05
AA_E_TT_SN_DY_8M_1M_05_0,Thermal,1:04,3:14,3:26,3:50,3:55,6:18,6:25,7:08,7:08,9:13,9:18,10:02,10:07,12:14,12:26,13:07,13:07,15:13,15:27,16:00,16:05,21:15,21:35,21:57,22:03
AA_E_TT_SN_DY_8M_1M_05_0,Lidar,0:53,3:03,3:15,3:39,3:44,6:07,6:14,6:57,6:57,9:02,9:07,9:51,9:56,12:03,12:15,12:56,12:56,15:02,15:16,15:49,15:54,21:04,21:24,21:46,21:52
AA_E_TT_SN_DY_8M_50CM_01_0,IR,0:59,3:09,3:14,3:32,3:34,6:08,6:19,6:46,6:53,9:10,9:15,9:45,9:50,12:07,12:15,12:43,12:43,15:11,15:21,15:43,15:48,18:06,18:15,18:28,18:32
AA_E_TT_SN_DY_8M_50CM_01_0,RGB,0:59,3:09,3:14,3:32,3:34,6:08,6:19,6:46,6:53,9:10,9:15,9:45,9:50,12:07,12:15,12:43,12:43,15:11,15:21,15:43,15:48,18:06,18:15,18:28,18:32
AA_E_TT_SN_DY_8M_50CM_01_0,Depth,0:59,3:09,3:14,3:32,3:34,6:08,6:19,6:46,6:53,9:10,9:15,9:45,9:50,12:07,12:15,12:43,12:43,15:11,15:21,15:43,15:48,18:06,18:15,18:28,18:32
AA_E_TT_SN_DY_8M_50CM_01_0,Thermal,0:55,3:05,3:10,3:28,3:30,6:04,6:15,6:42,6:49,9:06,9:11,9:41,9:46,12:03,12:11,12:39,12:39,15:07,15:17,15:39,15:44,18:02,18:11,18:24,18:28
AA_E_TT_SN_DY_8M_50CM_01_0,Lidar,0:43,2:53,2:58,3:16,3:18,5:52,6:03,6:30,6:37,8:54,8:59,9:29,9:34,11:51,11:59,12:27,12:27,14:55,15:05,15:27,15:32,17:50,17:59,18:12,18:16
AA_E_TT_SN_DY_8M_50CM_03_1,IR,1:10,3:15,3:23,3:51,3:55,6:17,6:25,6:59,7:02,9:14,9:19,10:02,10:07,12:11,12:20,12:46,12:52,15:14,15:24,15:55,16:02,18:11,18:36,18:51,18:57
AA_E_TT_SN_DY_8M_50CM_03_1,RGB,1:10,3:15,3:23,3:51,3:55,6:17,6:25,6:59,7:02,9:14,9:19,10:02,10:07,12:11,12:20,12:46,12:52,15:14,15:24,15:55,16:02,18:11,18:36,18:51,18:57
AA_E_TT_SN_DY_8M_50CM_03_1,Depth,1:10,3:15,3:23,3:51,3:55,6:17,6:25,6:59,7:02,9:14,9:19,10:02,10:07,12:11,12:20,12:46,12:52,15:14,15:24,15:55,16:02,18:11,18:36,18:51,18:57
AA_E_TT_SN_DY_8M_50CM_03_1,Thermal,1:03,3:08,3:16,3:44,3:48,6:10,6:18,6:52,6:55,9:07,9:12,9:55,10:00,12:04,12:13,12:39,12:45,15:07,15:17,15:48,15:55,18:04,18:29,18:44,18:50
AA_E_TT_SN_DY_8M_50CM_03_1,Lidar,0:43,2:48,2:56,3:24,3:28,5:50,5:58,6:32,6:35,8:47,8:52,9:35,9:40,11:44,11:53,12:19,12:25,14:47,14:57,15:28,15:35,17:44,18:09,18:24,18:30
AA_E_TT_SN_DY_8M_50CM_05_0,IR,0:57,3:07,3:19,3:43,3:48,6:11,6:18,7:01,7:01,9:06,9:11,9:55,10:00,12:07,12:19,13:00,13:00,15:06,15:20,15:53,15:58,21:08,21:28,21:50,21:56
AA_E_TT_SN_DY_8M_50CM_05_0,RGB,0:57,3:07,3:19,3:43,3:48,6:11,6:18,7:01,7:01,9:06,9:11,9:55,10:00,12:07,12:19,13:00,13:00,15:06,15:20,15:53,15:58,21:08,21:28,21:50,21:56
AA_E_TT_SN_DY_8M_50CM_05_0,Depth,0:57,3:07,3:19,3:43,3:48,6:11,6:18,7:01,7:01,9:06,9:11,9:55,10:00,12:07,12:19,13:00,13:00,15:06,15:20,15:53,15:58,21:08,21:28,21:50,21:56
AA_E_TT_SN_DY_8M_50CM_05_0,Thermal,0:57,3:07,3:19,3:43,3:48,6:11,6:18,7:01,7:01,9:06,9:11,9:55,10:00,12:07,12:19,13:00,13:00,15:06,15:20,15:53,15:58,21:08,21:28,21:50,21:56
AA_E_TT_SN_DY_8M_50CM_05_0,Lidar,0:48,2:58,3:10,3:34,3:39,6:02,6:09,6:52,6:52,8:57,9:02,9:46,9:51,11:58,12:10,12:51,12:51,14:57,15:11,15:44,15:49,20:59,21:19,21:41,21:47
AA_E_TT_SN_DY_8M_50CM_07_0,IR,1:36,3:45,4:01,4:25,4:30,6:45,6:53,7:20,7:24,9:44,9:49,10:23,10:28,12:44,12:53,13:23,13:27,15:45,15:52,16:20,16:28,18:44,19:00,19:23,19:28
AA_E_TT_SN_DY_8M_50CM_07_0,RGB,1:36,3:45,4:01,4:25,4:30,6:45,6:53,7:20,7:24,9:44,9:49,10:23,10:28,12:44,12:53,13:23,13:27,15:45,15:52,16:20,16:28,18:44,19:00,19:23,19:28
AA_E_TT_SN_DY_8M_50CM_07_0,Depth,1:36,3:45,4:01,4:25,4:30,6:45,6:53,7:20,7:24,9:44,9:49,10:23,10:28,12:44,12:53,13:23,13:27,15:45,15:52,16:20,16:28,18:44,19:00,19:23,19:28
AA_E_TT_SN_DY_8M_50CM_07_0,Thermal,1:31,3:40,3:56,4:20,4:25,6:40,6:48,7:15,7:19,9:39,9:44,10:18,10:23,12:39,12:48,13:18,13:22,15:40,15:47,16:15,16:23,18:39,18:55,19:18,19:23
AA_E_TT_SN_DY_8M_50CM_07_0,Lidar,1:11,3:20,3:36,4:00,4:05,6:20,6:28,6:55,6:59,9:19,9:24,9:58,10:03,12:19,12:28,12:58,13:02,15:20,15:27,15:55,16:03,18:19,18:35,18:58,19:03
AA_E_TT_SN_DY_S_1M_01_1,IR,1:07,3:27,3:32,3:47,3:52,6:26,6:39,6:59,7:03,9:26,9:31,10:06,10:11,12:28,12:37,13:02,13:02,15:26,15:31,16:00,16:10,18:26,18:41,18:44,18:49
AA_E_TT_SN_DY_S_1M_01_1,RGB,1:07,3:27,3:32,3:47,3:52,6:26,6:39,6:59,7:03,9:26,9:31,10:06,10:11,12:28,12:37,13:02,13:02,15:26,15:31,16:00,16:10,18:26,18:41,18:44,18:49
AA_E_TT_SN_DY_S_1M_01_1,Depth,1:07,3:27,3:32,3:47,3:52,6:26,6:39,6:59,7:03,9:26,9:31,10:06,10:11,12:28,12:37,13:02,13:02,15:26,15:31,16:00,16:10,18:26,18:41,18:44,18:49
AA_E_TT_SN_DY_S_1M_01_1,Thermal,1:04,3:24,3:29,3:44,3:49,6:23,6:36,6:56,7:00,9:23,9:28,10:03,10:08,12:25,12:34,12:59,12:59,15:23,15:28,15:57,16:07,18:23,18:38,18:41,18:46
AA_E_TT_SN_DY_S_1M_01_1,Lidar,0:40,3:00,3:05,3:20,3:25,5:59,6:12,6:32,6:36,8:59,9:04,9:39,9:44,12:01,12:10,12:35,12:35,14:59,15:04,15:33,15:43,17:59,18:14,18:17,18:22
AA_E_TT_SN_DY_S_1M_03_1,IR,2:13,4:21,4:37,5:00,5:05,7:20,7:32,8:08,8:12,10:22,10:27,11:07,11:12,13:21,13:29,13:51,13:51,16:18,16:31,17:04,17:10,19:21,19:39,19:55,20:01
AA_E_TT_SN_DY_S_1M_03_1,RGB,2:13,4:21,4:37,5:00,5:05,7:20,7:32,8:08,8:12,10:22,10:27,11:07,11:12,13:21,13:29,13:51,13:51,16:18,16:31,17:04,17:10,19:21,19:39,19:55,20:01
AA_E_TT_SN_DY_S_1M_03_1,Depth,2:13,4:21,4:37,5:00,5:05,7:20,7:32,8:08,8:12,10:22,10:27,11:07,11:12,13:21,13:29,13:51,13:51,16:18,16:31,17:04,17:10,19:21,19:39,19:55,20:01
AA_E_TT_SN_DY_S_1M_03_1,Thermal,2:11,4:19,4:35,4:58,5:03,7:18,7:30,8:06,8:10,10:20,10:25,11:05,11:10,13:19,13:27,13:49,13:49,16:16,16:29,17:02,17:08,19:19,19:37,19:53,19:59
AA_E_TT_SN_DY_S_1M_03_1,Lidar,1:55,4:03,4:19,4:42,4:47,7:02,7:14,7:50,7:54,10:04,10:09,10:49,10:54,13:03,13:11,13:33,13:33,16:00,16:13,16:46,16:52,19:03,19:21,19:37,19:43
AA_E_TT_SN_DY_S_1M_05_0,IR,1:27,4:03,4:11,4:49,4:52,7:04,7:14,7:49,7:56,10:03,10:08,10:48,10:53,13:04,13:12,13:50,13:52,16:04,16:14,16:49,16:55,19:03,19:19,19:41,19:47
AA_E_TT_SN_DY_S_1M_05_0,RGB,1:27,4:03,4:11,4:49,4:52,7:04,7:14,7:49,7:56,10:03,10:08,10:48,10:53,13:04,13:12,13:50,13:52,16:04,16:14,16:49,16:55,19:03,19:19,19:41,19:47
AA_E_TT_SN_DY_S_1M_05_0,Depth,1:27,4:03,4:11,4:49,4:52,7:04,7:14,7:49,7:56,10:03,10:08,10:48,10:53,13:04,13:12,13:50,13:52,16:04,16:14,16:49,16:55,19:03,19:19,19:41,19:47
AA_E_TT_SN_DY_S_1M_05_0,Thermal,1:23,3:59,4:07,4:45,4:48,7:00,7:10,7:45,7:52,9:59,10:04,10:44,10:49,13:00,13:08,13:46,13:48,16:00,16:10,16:45,16:51,18:59,19:15,19:37,19:43
AA_E_TT_SN_DY_S_1M_05_0,Lidar,1:14,3:50,3:58,4:36,4:39,6:51,7:01,7:36,7:43,9:50,9:55,10:35,10:40,12:51,12:59,13:37,13:39,15:51,16:01,16:36,16:42,18:50,19:06,19:28,19:34
AA_E_TT_SN_DY_S_50CM_01_0,IR,1:04,3:24,3:29,3:44,3:49,6:23,6:36,6:56,7:00,9:23,9:28,10:03,10:08,12:25,12:34,12:59,12:59,15:23,15:28,15:57,16:07,18:23,18:38,18:41,18:46
AA_E_TT_SN_DY_S_50CM_01_0,RGB,1:04,3:24,3:29,3:44,3:49,6:23,6:36,6:56,7:00,9:23,9:28,10:03,10:08,12:25,12:34,12:59,12:59,15:23,15:28,15:57,16:07,18:23,18:38,18:41,18:46
AA_E_TT_SN_DY_S_50CM_01_0,Depth,1:04,3:24,3:29,3:44,3:49,6:23,6:36,6:56,7:00,9:23,9:28,10:03,10:08,12:25,12:34,12:59,12:59,15:23,15:28,15:57,16:07,18:23,18:38,18:41,18:46
AA_E_TT_SN_DY_S_50CM_01_0,Thermal,1:01,3:21,3:26,3:41,3:46,6:20,6:33,6:53,6:57,9:20,9:25,10:00,10:05,12:22,12:31,12:56,12:56,15:20,15:25,15:54,16:04,18:20,18:35,18:38,18:43
AA_E_TT_SN_DY_S_50CM_01_0,Lidar,0:48,3:08,3:13,3:28,3:33,6:07,6:20,6:40,6:44,9:07,9:12,9:47,9:52,12:09,12:18,12:43,12:43,15:07,15:12,15:41,15:51,18:07,18:22,18:25,18:30
AA_E_TT_SN_DY_S_50CM_03_1,IR,2:08,4:16,4:32,4:55,5:00,7:15,7:27,8:03,8:07,10:17,10:22,11:02,11:07,13:16,13:24,13:46,13:46,16:13,16:26,16:59,17:05,19:16,19:34,19:50,19:56
AA_E_TT_SN_DY_S_50CM_03_1,RGB,2:08,4:16,4:32,4:55,5:00,7:15,7:27,8:03,8:07,10:17,10:22,11:02,11:07,13:16,13:24,13:46,13:46,16:13,16:26,16:59,17:05,19:16,19:34,19:50,19:56
AA_E_TT_SN_DY_S_50CM_03_1,Depth,2:08,4:16,4:32,4:55,5:00,7:15,7:27,8:03,8:07,10:17,10:22,11:02,11:07,13:16,13:24,13:46,13:46,16:13,16:26,16:59,17:05,19:16,19:34,19:50,19:56
AA_E_TT_SN_DY_S_50CM_03_1,Thermal,2:06,4:14,4:30,4:53,4:58,7:13,7:25,8:01,8:05,10:15,10:20,11:00,11:05,13:14,13:22,13:44,13:44,16:11,16:24,16:57,17:03,19:14,19:32,19:48,19:54
AA_E_TT_SN_DY_S_50CM_03_1,Lidar,1:51,3:59,4:15,4:38,4:43,6:58,7:10,7:46,7:50,10:00,10:05,10:45,10:50,12:59,13:07,13:29,13:29,15:56,16:09,16:42,16:48,18:59,19:17,19:33,19:39
AA_E_TT_SN_DY_S_50CM_05_0,IR,1:23,3:59,4:07,4:45,4:48,7:00,7:10,7:45,7:52,9:59,10:04,10:44,10:49,13:00,13:08,13:46,13:48,16:00,16:10,16:45,16:51,18:59,19:15,19:37,19:43
AA_E_TT_SN_DY_S_50CM_05_0,RGB,1:23,3:59,4:07,4:45,4:48,7:00,7:10,7:45,7:52,9:59,10:04,10:44,10:49,13:00,13:08,13:46,13:48,16:00,16:10,16:45,16:51,18:59,19:15,19:37,19:43
AA_E_TT_SN_DY_S_50CM_05_0,Depth,1:23,3:59,4:07,4:45,4:48,7:00,7:10,7:45,7:52,9:59,10:04,10:44,10:49,13:00,13:08,13:46,13:48,16:00,16:10,16:45,16:51,18:59,19:15,19:37,19:43
AA_E_TT_SN_DY_S_50CM_05_0,Thermal,1:23,3:59,4:07,4:45,4:48,7:00,7:10,7:45,7:52,9:59,10:04,10:44,10:49,13:00,13:08,13:46,13:48,16:00,16:10,16:45,16:51,18:59,19:15,19:37,19:43
AA_E_TT_SN_DY_S_50CM_05_0,Lidar,1:12,3:48,3:56,4:34,4:37,6:49,6:59,7:34,7:41,9:48,9:53,10:33,10:38,12:49,12:57,13:35,13:37,15:49,15:59,16:34,16:40,18:48,19:04,19:26,19:32
AA_E_TT_SN_DY_S_50CM_07_0,IR,1:04,3:25,3:38,4:03,4:07,6:24,6:30,6:58,7:06,9:26,9:31,10:09,10:14,12:25,12:31,13:08,13:11,15:24,15:30,16:04,16:09,18:28,18:58,19:07,19:12
AA_E_TT_SN_DY_S_50CM_07_0,RGB,1:04,3:25,3:38,4:03,4:07,6:24,6:30,6:58,7:06,9:26,9:31,10:09,10:14,12:25,12:31,13:08,13:11,15:24,15:30,16:04,16:09,18:28,18:58,19:07,19:12
AA_E_TT_SN_DY_S_50CM_07_0,Depth,1:04,3:25,3:38,4:03,4:07,6:24,6:30,6:58,7:06,9:26,9:31,10:09,10:14,12:25,12:31,13:08,13:11,15:24,15:30,16:04,16:09,18:28,18:58,19:07,19:12
AA_E_TT_SN_DY_S_50CM_07_0,Thermal,0:57,3:18,3:31,3:56,4:00,6:17,6:23,6:51,6:59,9:19,9:24,10:02,10:07,12:18,12:24,13:01,13:04,15:17,15:23,15:57,16:02,18:21,18:51,19:00,19:05
AA_E_TT_SN_DY_S_50CM_07_0,Lidar,0:47,3:08,3:21,3:46,3:50,6:07,6:13,6:41,6:49,9:09,9:14,9:52,9:57,12:08,12:14,12:51,12:54,15:07,15:13,15:47,15:52,18:11,18:41,18:50,18:55
AA_E_TT_SN_NT_6M_1M_01_3,IR,1:17,3:26,3:39,3:54,3:58,6:26,6:32,7:05,7:10,9:25,9:30,10:04,10:09,12:24,12:33,13:00,13:00,15:24,15:33,15:57,16:01,18:25,18:44,18:51,18:54
AA_E_TT_SN_NT_6M_1M_01_3,RGB,1:17,3:26,3:39,3:54,3:58,6:26,6:32,7:05,7:10,9:25,9:30,10:04,10:09,12:24,12:33,13:00,13:00,15:24,15:33,15:57,16:01,18:25,18:44,18:51,18:54
AA_E_TT_SN_NT_6M_1M_01_3,Depth,1:17,3:26,3:39,3:54,3:58,6:26,6:32,7:05,7:10,9:25,9:30,10:04,10:09,12:24,12:33,13:00,13:00,15:24,15:33,15:57,16:01,18:25,18:44,18:51,18:54
AA_E_TT_SN_NT_6M_1M_01_3,Thermal,1:15,3:24,3:37,3:52,3:56,6:24,6:30,7:03,7:08,9:23,9:28,10:02,10:07,12:22,12:31,12:58,12:58,15:22,15:31,15:55,15:59,18:23,18:42,18:49,18:52
AA_E_TT_SN_NT_6M_1M_01_3,Lidar,0:57,3:06,3:19,3:34,3:38,6:06,6:12,6:45,6:50,9:05,9:10,9:44,9:49,12:04,12:13,12:40,12:40,15:04,15:13,15:37,15:41,18:05,18:24,18:31,18:34
AA_E_TT_SN_NT_6M_1M_03_1,IR,1:24,3:31,3:42,4:09,4:13,6:30,6:34,7:19,7:19,9:31,9:36,10:21,10:26,12:29,12:43,13:05,13:05,15:27,15:33,16:08,16:13,18:30,18:55,19:11,19:15
AA_E_TT_SN_NT_6M_1M_03_1,RGB,1:24,3:31,3:42,4:09,4:13,6:30,6:34,7:19,7:19,9:31,9:36,10:21,10:26,12:29,12:43,13:05,13:05,15:27,15:33,16:08,16:13,18:30,18:55,19:11,19:15
AA_E_TT_SN_NT_6M_1M_03_1,Depth,1:24,3:31,3:42,4:09,4:13,6:30,6:34,7:19,7:19,9:31,9:36,10:21,10:26,12:29,12:43,13:05,13:05,15:27,15:33,16:08,16:13,18:30,18:55,19:11,19:15
AA_E_TT_SN_NT_6M_1M_03_1,Thermal,1:24,3:31,3:42,4:09,4:13,6:30,6:34,7:19,7:19,9:31,9:36,10:21,10:26,12:29,12:43,13:05,13:05,15:27,15:33,16:08,16:13,18:30,18:55,19:11,19:15
AA_E_TT_SN_NT_6M_1M_03_1,Lidar,1:14,3:21,3:32,3:59,4:03,6:20,6:24,7:09,7:09,9:21,9:26,10:11,10:16,12:19,12:33,12:55,12:55,15:17,15:23,15:58,16:03,18:20,18:45,19:01,19:05
AA_E_TT_SN_NT_6M_1M_05_0,IR,1:37,3:43,3:52,4:29,4:32,6:45,6:52,7:32,7:37,9:46,9:51,10:30,10:35,12:45,12:54,13:29,13:29,15:46,15:54,16:28,16:33,18:46,19:18,19:25,19:29
AA_E_TT_SN_NT_6M_1M_05_0,RGB,1:37,3:43,3:52,4:29,4:32,6:45,6:52,7:32,7:37,9:46,9:51,10:30,10:35,12:45,12:54,13:29,13:29,15:46,15:54,16:28,16:33,18:46,19:18,19:25,19:29
AA_E_TT_SN_NT_6M_1M_05_0,Depth,1:37,3:43,3:52,4:29,4:32,6:45,6:52,7:32,7:37,9:46,9:51,10:30,10:35,12:45,12:54,13:29,13:29,15:46,15:54,16:28,16:33,18:46,19:18,19:25,19:29
AA_E_TT_SN_NT_6M_1M_05_0,Thermal,1:35,3:41,3:50,4:27,4:30,6:43,6:50,7:30,7:35,9:44,9:49,10:28,10:33,12:43,12:52,13:27,13:27,15:44,15:52,16:26,16:31,18:44,19:16,19:23,19:27
AA_E_TT_SN_NT_6M_1M_05_0,Lidar,1:22,3:28,3:37,4:14,4:17,6:30,6:37,7:17,7:22,9:31,9:36,10:15,10:20,12:30,12:39,13:14,13:14,15:31,15:39,16:13,16:18,18:31,19:03,19:10,19:14
AA_E_TT_SN_NT_6M_1M_07_0,IR,0:17,2:31,2:53,3:11,3:18,5:29,5:36,6:11,6:16,8:30,8:35,9:09,9:14,11:30,11:42,12:23,12:26,14:31,14:37,15:07,15:14,17:34,17:56,18:06,18:11
AA_E_TT_SN_NT_6M_1M_07_0,RGB,0:17,2:31,2:53,3:11,3:18,5:29,5:36,6:11,6:16,8:30,8:35,9:09,9:14,11:30,11:42,12:23,12:26,14:31,14:37,15:07,15:14,17:34,17:56,18:06,18:11
AA_E_TT_SN_NT_6M_1M_07_0,Depth,0:17,2:31,2:53,3:11,3:18,5:29,5:36,6:11,6:16,8:30,8:35,9:09,9:14,11:30,11:42,12:23,12:26,14:31,14:37,15:07,15:14,17:34,17:56,18:06,18:11
AA_E_TT_SN_NT_6M_1M_07_0,Thermal,0:28,2:42,3:04,3:22,3:29,5:40,5:47,6:22,6:27,8:41,8:46,9:20,9:25,11:41,11:53,12:34,12:37,14:42,14:48,15:18,15:25,17:45,18:07,18:17,18:22
AA_E_TT_SN_NT_6M_1M_07_0,Lidar,0:17,2:31,2:53,3:11,3:18,5:29,5:36,6:11,6:16,8:30,8:35,9:09,9:14,11:30,11:42,12:23,12:26,14:31,14:37,15:07,15:14,17:34,17:56,18:06,18:11
AA_E_TT_SN_NT_6M_50CM_01_0,IR,1:13,3:22,3:35,3:50,3:54,6:22,6:28,7:01,7:06,9:21,9:26,10:00,10:05,12:20,12:29,12:56,12:56,15:20,15:29,15:53,15:57,18:21,18:40,18:47,18:50
AA_E_TT_SN_NT_6M_50CM_01_0,RGB,1:13,3:22,3:35,3:50,3:54,6:22,6:28,7:01,7:06,9:21,9:26,10:00,10:05,12:20,12:29,12:56,12:56,15:20,15:29,15:53,15:57,18:21,18:40,18:47,18:50
AA_E_TT_SN_NT_6M_50CM_01_0,Depth,1:13,3:22,3:35,3:50,3:54,6:22,6:28,7:01,7:06,9:21,9:26,10:00,10:05,12:20,12:29,12:56,12:56,15:20,15:29,15:53,15:57,18:21,18:40,18:47,18:50
AA_E_TT_SN_NT_6M_50CM_01_0,Thermal,1:09,3:18,3:31,3:46,3:50,6:18,6:24,6:57,7:02,9:17,9:22,9:56,10:01,12:16,12:25,12:52,12:52,15:16,15:25,15:49,15:53,18:17,18:36,18:43,18:46
AA_E_TT_SN_NT_6M_50CM_01_0,Lidar,0:54,3:03,3:16,3:31,3:35,6:03,6:09,6:42,6:47,9:02,9:07,9:41,9:46,12:01,12:10,12:37,12:37,15:01,15:10,15:34,15:38,18:02,18:21,18:28,18:31
AA_E_TT_SN_NT_6M_50CM_03_3,IR,1:25,3:32,3:43,4:10,4:14,6:31,6:35,7:20,7:20,9:32,9:37,10:22,10:27,12:30,12:44,13:06,13:06,15:28,15:34,16:09,16:14,18:31,18:56,19:12,19:16
AA_E_TT_SN_NT_6M_50CM_03_3,RGB,1:25,3:32,3:43,4:10,4:14,6:31,6:35,7:20,7:20,9:32,9:37,10:22,10:27,12:30,12:44,13:06,13:06,15:28,15:34,16:09,16:14,18:31,18:56,19:12,19:16
AA_E_TT_SN_NT_6M_50CM_03_3,Depth,1:25,3:32,3:43,4:10,4:14,6:31,6:35,7:20,7:20,9:32,9:37,10:22,10:27,12:30,12:44,13:06,13:06,15:28,15:34,16:09,16:14,18:31,18:56,19:12,19:16
AA_E_TT_SN_NT_6M_50CM_03_3,Thermal,1:21,3:28,3:39,4:06,4:10,6:27,6:31,7:16,7:16,9:28,9:33,10:18,10:23,12:26,12:40,13:02,13:02,15:24,15:30,16:05,16:10,18:27,18:52,19:08,19:12
AA_E_TT_SN_NT_6M_50CM_03_3,Lidar,1:09,3:16,3:27,3:54,3:58,6:15,6:19,7:04,7:04,9:16,9:21,10:06,10:11,12:14,12:28,12:50,12:50,15:12,15:18,15:53,15:58,18:15,18:40,18:56,19:00
AA_E_TT_SN_NT_6M_50CM_05_0,IR,1:28,3:34,3:43,4:20,4:23,6:36,6:43,7:23,7:28,9:37,9:42,10:21,10:26,12:36,12:45,13:20,13:20,15:37,15:45,16:19,16:24,18:37,19:09,19:16,19:20
AA_E_TT_SN_NT_6M_50CM_05_0,RGB,1:28,3:34,3:43,4:20,4:23,6:36,6:43,7:23,7:28,9:37,9:42,10:21,10:26,12:36,12:45,13:20,13:20,15:37,15:45,16:19,16:24,18:37,19:09,19:16,19:20
AA_E_TT_SN_NT_6M_50CM_05_0,Depth,1:28,3:34,3:43,4:20,4:23,6:36,6:43,7:23,7:28,9:37,9:42,10:21,10:26,12:36,12:45,13:20,13:20,15:37,15:45,16:19,16:24,18:37,19:09,19:16,19:20
AA_E_TT_SN_NT_6M_50CM_05_0,Thermal,1:27,3:33,3:42,4:19,4:22,6:35,6:42,7:22,7:27,9:36,9:41,10:20,10:25,12:35,12:44,13:19,13:19,15:36,15:44,16:18,16:23,18:36,19:08,19:15,19:19
AA_E_TT_SN_NT_6M_50CM_05_0,Lidar,1:16,3:22,3:31,4:08,4:11,6:24,6:31,7:11,7:16,9:25,9:30,10:09,10:14,12:24,12:33,13:08,13:08,15:25,15:33,16:07,16:12,18:25,18:57,19:04,19:08
AA_E_TT_SN_NT_6M_50CM_07_0,IR,2:06,4:20,4:42,5:00,5:07,7:18,7:25,8:00,8:05,10:19,10:24,10:58,11:03,13:19,13:31,14:12,14:15,16:20,16:26,16:56,17:03,19:23,19:45,19:55,20:00
AA_E_TT_SN_NT_6M_50CM_07_0,RGB,2:06,4:20,4:42,5:00,5:07,7:18,7:25,8:00,8:05,10:19,10:24,10:58,11:03,13:19,13:31,14:12,14:15,16:20,16:26,16:56,17:03,19:23,19:45,19:55,20:00
AA_E_TT_SN_NT_6M_50CM_07_0,Depth,2:06,4:20,4:42,5:00,5:07,7:18,7:25,8:00,8:05,10:19,10:24,10:58,11:03,13:19,13:31,14:12,14:15,16:20,16:26,16:56,17:03,19:23,19:45,19:55,20:00
AA_E_TT_SN_NT_6M_50CM_07_0,Thermal,2:06,4:20,4:42,5:00,5:07,7:18,7:25,8:00,8:05,10:19,10:24,10:58,11:03,13:19,13:31,14:12,14:15,16:20,16:26,16:56,17:03,19:23,19:45,19:55,20:00
AA_E_TT_SN_NT_6M_50CM_07_0,Lidar,1:56,4:10,4:32,4:50,4:57,7:08,7:15,7:50,7:55,10:09,10:14,10:48,10:53,13:09,13:21,14:02,14:05,16:10,16:16,16:46,16:53,19:13,19:35,19:45,19:50
AA_E_TT_SN_NT_8M_1M_01_3,IR,1:08,3:15,3:24,3:52,3:56,6:16,6:20,6:53,6:59,9:16,9:21,9:57,10:02,12:14,12:22,12:47,12:47,15:15,15:21,15:53,15:58,18:15,18:33,18:40,18:45
AA_E_TT_SN_NT_8M_1M_01_3,RGB,1:08,3:15,3:24,3:52,3:56,6:16,6:20,6:53,6:59,9:16,9:21,9:57,10:02,12:14,12:22,12:47,12:47,15:15,15:21,15:53,15:58,18:15,18:33,18:40,18:45
AA_E_TT_SN_NT_8M_1M_01_3,Depth,1:08,3:15,3:24,3:52,3:56,6:16,6:20,6:53,6:59,9:16,9:21,9:57,10:02,12:14,12:22,12:47,12:47,15:15,15:21,15:53,15:58,18:15,18:33,18:40,18:45
AA_E_TT_SN_NT_8M_1M_01_3,Thermal,1:04,3:11,3:20,3:48,3:52,6:12,6:16,6:49,6:55,9:12,9:17,9:53,9:58,12:10,12:18,12:43,12:43,15:11,15:17,15:49,15:54,18:11,18:29,18:36,18:41
AA_E_TT_SN_NT_8M_1M_01_3,Lidar,0:26,2:33,2:42,3:10,3:14,5:34,5:38,6:11,6:17,8:34,8:39,9:15,9:20,11:32,11:40,12:05,12:05,14:33,14:39,15:11,15:16,17:33,17:51,17:58,18:03
AA_E_TT_SN_NT_8M_1M_03_1,IR,1:40,3:46,3:56,4:30,4:33,6:46,6:54,7:34,7:34,9:46,9:51,10:28,10:33,12:44,12:53,13:26,13:26,15:45,15:53,16:34,16:36,18:46,19:11,19:29,19:32
AA_E_TT_SN_NT_8M_1M_03_1,RGB,1:40,3:46,3:56,4:30,4:33,6:46,6:54,7:34,7:34,9:46,9:51,10:28,10:33,12:44,12:53,13:26,13:26,15:45,15:53,16:34,16:36,18:46,19:11,19:29,19:32
AA_E_TT_SN_NT_8M_1M_03_1,Depth,1:40,3:46,3:56,4:30,4:33,6:46,6:54,7:34,7:34,9:46,9:51,10:28,10:33,12:44,12:53,13:26,13:26,15:45,15:53,16:34,16:36,18:46,19:11,19:29,19:32
AA_E_TT_SN_NT_8M_1M_03_1,Thermal,1:38,3:44,3:54,4:28,4:31,6:44,6:52,7:32,7:32,9:44,9:49,10:26,10:31,12:42,12:51,13:24,13:24,15:43,15:51,16:32,16:34,18:44,19:09,19:27,19:30
AA_E_TT_SN_NT_8M_1M_03_1,Lidar,1:23,3:29,3:39,4:13,4:16,6:29,6:37,7:17,7:17,9:29,9:34,10:11,10:16,12:27,12:36,13:09,13:09,15:28,15:36,16:17,16:19,18:29,18:54,19:12,19:15
AA_E_TT_SN_NT_8M_1M_05_0,IR,1:04,3:17,3:26,3:50,3:57,6:13,6:38,7:05,7:13,9:24,9:29,10:02,10:07,12:23,12:32,13:07,13:07,15:25,15:36,15:59,16:07,18:25,18:45,18:59,19:05
AA_E_TT_SN_NT_8M_1M_05_0,RGB,1:04,3:17,3:26,3:50,3:57,6:13,6:38,7:05,7:13,9:24,9:29,10:02,10:07,12:23,12:32,13:07,13:07,15:25,15:36,15:59,16:07,18:25,18:45,18:59,19:05
AA_E_TT_SN_NT_8M_1M_05_0,Depth,1:04,3:17,3:26,3:50,3:57,6:13,6:38,7:05,7:13,9:24,9:29,10:02,10:07,12:23,12:32,13:07,13:07,15:25,15:36,15:59,16:07,18:25,18:45,18:59,19:05
AA_E_TT_SN_NT_8M_1M_05_0,Thermal,1:02,3:15,3:24,3:48,3:55,6:11,6:36,7:03,7:11,9:22,9:27,10:00,10:05,12:21,12:30,13:05,13:05,15:23,15:34,15:57,16:05,18:23,18:43,18:57,19:03
AA_E_TT_SN_NT_8M_1M_05_0,Lidar,0:53,3:06,3:15,3:39,3:46,6:02,6:27,6:54,7:02,9:13,9:18,9:51,9:56,12:12,12:21,12:56,12:56,15:14,15:25,15:48,15:56,18:14,18:34,18:48,18:54
AA_E_TT_SN_NT_8M_1M_07_0,IR,0:35,3:00,3:14,3:39,3:48,5:58,6:06,6:39,6:50,9:00,9:05,9:40,9:45,11:58,12:14,12:39,12:45,15:01,15:07,15:39,15:51,18:00,18:25,18:37,18:42
AA_E_TT_SN_NT_8M_1M_07_0,RGB,0:35,3:00,3:14,3:39,3:48,5:58,6:06,6:39,6:50,9:00,9:05,9:40,9:45,11:58,12:14,12:39,12:45,15:01,15:07,15:39,15:51,18:00,18:25,18:37,18:42
AA_E_TT_SN_NT_8M_1M_07_0,Depth,0:35,3:00,3:14,3:39,3:48,5:58,6:06,6:39,6:50,9:00,9:05,9:40,9:45,11:58,12:14,12:39,12:45,15:01,15:07,15:39,15:51,18:00,18:25,18:37,18:42
AA_E_TT_SN_NT_8M_1M_07_0,Thermal,0:27,2:52,3:06,3:31,3:40,5:50,5:58,6:31,6:42,8:52,8:57,9:32,9:37,11:50,12:06,12:31,12:37,14:53,14:59,15:31,15:43,17:52,18:17,18:29,18:34
AA_E_TT_SN_NT_8M_1M_07_0,Lidar,0:19,2:44,2:58,3:23,3:32,5:42,5:50,6:23,6:34,8:44,8:49,9:24,9:29,11:42,11:58,12:23,12:29,14:45,14:51,15:23,15:35,17:44,18:09,18:21,18:26
AA_E_TT_SN_NT_8M_50CM_01_0,IR,1:04,3:11,3:20,3:48,3:52,6:12,6:16,6:49,6:55,9:12,9:17,9:53,9:58,12:10,12:18,12:43,12:43,15:11,15:17,15:49,15:54,18:11,18:29,18:36,18:41
AA_E_TT_SN_NT_8M_50CM_01_0,RGB,1:04,3:11,3:20,3:48,3:52,6:12,6:16,6:49,6:55,9:12,9:17,9:53,9:58,12:10,12:18,12:43,12:43,15:11,15:17,15:49,15:54,18:11,18:29,18:36,18:41
AA_E_TT_SN_NT_8M_50CM_01_0,Depth,1:04,3:11,3:20,3:48,3:52,6:12,6:16,6:49,6:55,9:12,9:17,9:53,9:58,12:10,12:18,12:43,12:43,15:11,15:17,15:49,15:54,18:11,18:29,18:36,18:41
AA_E_TT_SN_NT_8M_50CM_01_0,Thermal,1:00,3:07,3:16,3:44,3:48,6:08,6:12,6:45,6:51,9:08,9:13,9:49,9:54,12:06,12:14,12:39,12:39,15:07,15:13,15:45,15:50,18:07,18:25,18:32,18:37
AA_E_TT_SN_NT_8M_50CM_01_0,Lidar,0:36,2:43,2:52,3:20,3:24,5:44,5:48,6:21,6:27,8:44,8:49,9:25,9:30,11:42,11:50,12:15,12:15,14:43,14:49,15:21,15:26,17:43,18:01,18:08,18:13
AA_E_TT_SN_NT_8M_50CM_03_3,IR,1:39,3:45,3:55,4:29,4:32,6:45,6:53,7:33,7:33,9:45,9:50,10:27,10:32,12:43,12:52,13:25,13:25,15:44,15:52,16:33,16:35,18:45,19:10,19:28,19:31
AA_E_TT_SN_NT_8M_50CM_03_3,RGB,1:39,3:45,3:55,4:29,4:32,6:45,6:53,7:33,7:33,9:45,9:50,10:27,10:32,12:43,12:52,13:25,13:25,15:44,15:52,16:33,16:35,18:45,19:10,19:28,19:31
AA_E_TT_SN_NT_8M_50CM_03_3,Depth,1:39,3:45,3:55,4:29,4:32,6:45,6:53,7:33,7:33,9:45,9:50,10:27,10:32,12:43,12:52,13:25,13:25,15:44,15:52,16:33,16:35,18:45,19:10,19:28,19:31
AA_E_TT_SN_NT_8M_50CM_03_3,Thermal,1:38,3:44,3:54,4:28,4:31,6:44,6:52,7:32,7:32,9:44,9:49,10:26,10:31,12:42,12:51,13:24,13:24,15:43,15:51,16:32,16:34,18:44,19:09,19:27,19:30
AA_E_TT_SN_NT_8M_50CM_03_3,Lidar,1:24,3:30,3:40,4:14,4:17,6:30,6:38,7:18,7:18,9:30,9:35,10:12,10:17,12:28,12:37,13:10,13:10,15:29,15:37,16:18,16:20,18:30,18:55,19:13,19:16
AA_E_TT_SN_NT_8M_50CM_05_0,IR,0:59,3:12,3:21,3:45,3:52,6:08,6:33,7:00,7:08,9:19,9:24,9:57,10:02,12:18,12:27,13:02,13:02,15:20,15:31,15:54,16:02,18:20,18:40,18:54,19:00
AA_E_TT_SN_NT_8M_50CM_05_0,RGB,0:59,3:12,3:21,3:45,3:52,6:08,6:33,7:00,7:08,9:19,9:24,9:57,10:02,12:18,12:27,13:02,13:02,15:20,15:31,15:54,16:02,18:20,18:40,18:54,19:00
AA_E_TT_SN_NT_8M_50CM_05_0,Depth,0:59,3:12,3:21,3:45,3:52,6:08,6:33,7:00,7:08,9:19,9:24,9:57,10:02,12:18,12:27,13:02,13:02,15:20,15:31,15:54,16:02,18:20,18:40,18:54,19:00
AA_E_TT_SN_NT_8M_50CM_05_0,Thermal,0:59,3:12,3:21,3:45,3:52,6:08,6:33,7:00,7:08,9:19,9:24,9:57,10:02,12:18,12:27,13:02,13:02,15:20,15:31,15:54,16:02,18:20,18:40,18:54,19:00
AA_E_TT_SN_NT_8M_50CM_05_0,Lidar,0:50,3:03,3:12,3:36,3:43,5:59,6:24,6:51,6:59,9:10,9:15,9:48,9:53,12:09,12:18,12:53,12:53,15:11,15:22,15:45,15:53,18:11,18:31,18:45,18:51
AA_E_TT_SN_NT_8M_50CM_07_0,IR,1:51,4:16,4:30,4:55,5:04,7:14,7:22,7:55,8:06,10:16,10:21,10:56,11:01,13:14,13:30,13:55,14:01,16:17,16:23,16:55,17:07,19:16,19:41,19:53,19:58
AA_E_TT_SN_NT_8M_50CM_07_0,RGB,1:51,4:16,4:30,4:55,5:04,7:14,7:22,7:55,8:06,10:16,10:21,10:56,11:01,13:14,13:30,13:55,14:01,16:17,16:23,16:55,17:07,19:16,19:41,19:53,19:58
AA_E_TT_SN_NT_8M_50CM_07_0,Depth,1:51,4:16,4:30,4:55,5:04,7:14,7:22,7:55,8:06,10:16,10:21,10:56,11:01,13:14,13:30,13:55,14:01,16:17,16:23,16:55,17:07,19:16,19:41,19:53,19:58
AA_E_TT_SN_NT_8M_50CM_07_0,Thermal,1:49,4:14,4:28,4:53,5:02,7:12,7:20,7:53,8:04,10:14,10:19,10:54,10:59,13:12,13:28,13:53,13:59,16:15,16:21,16:53,17:05,19:14,19:39,19:51,19:56
AA_E_TT_SN_NT_8M_50CM_07_0,Lidar,1:39,4:04,4:18,4:43,4:52,7:02,7:10,7:43,7:54,10:04,10:09,10:44,10:49,13:02,13:18,13:43,13:49,16:05,16:11,16:43,16:55,19:04,19:29,19:41,19:46
AA_E_TT_SN_NT_S_1M_01_3,IR,0:49,2:56,3:07,3:27,3:29,5:57,6:07,6:35,6:42,8:57,9:02,9:41,9:46,11:56,12:06,12:34,12:34,14:57,15:02,15:40,15:44,17:58,18:13,18:20,18:26
AA_E_TT_SN_NT_S_1M_01_3,RGB,0:49,2:56,3:07,3:27,3:29,5:57,6:07,6:35,6:42,8:57,9:02,9:41,9:46,11:56,12:06,12:34,12:34,14:57,15:02,15:40,15:44,17:58,18:13,18:20,18:26
AA_E_TT_SN_NT_S_1M_01_3,Depth,0:49,2:56,3:07,3:27,3:29,5:57,6:07,6:35,6:42,8:57,9:02,9:41,9:46,11:56,12:06,12:34,12:34,14:57,15:02,15:40,15:44,17:58,18:13,18:20,18:26
AA_E_TT_SN_NT_S_1M_01_3,Thermal,0:44,2:51,3:02,3:22,3:24,5:52,6:02,6:30,6:37,8:52,8:57,9:36,9:41,11:51,12:01,12:29,12:29,14:52,14:57,15:35,15:39,17:53,18:08,18:15,18:21
AA_E_TT_SN_NT_S_1M_01_3,Lidar,0:27,2:34,2:45,3:05,3:07,5:35,5:45,6:13,6:20,8:35,8:40,9:19,9:24,11:34,11:44,12:12,12:12,14:35,14:40,15:18,15:22,17:36,17:51,17:58,18:04
AA_E_TT_SN_NT_S_1M_03_1,IR,1:40,3:47,3:59,4:27,4:33,6:48,6:58,7:29,7:31,9:47,9:52,10:34,10:39,12:47,13:09,13:22,13:22,15:52,16:08,16:38,16:42,18:51,19:14,19:20,19:31
AA_E_TT_SN_NT_S_1M_03_1,RGB,1:40,3:47,3:59,4:27,4:33,6:48,6:58,7:29,7:31,9:47,9:52,10:34,10:39,12:47,13:09,13:22,13:22,15:52,16:08,16:38,16:42,18:51,19:14,19:20,19:31
AA_E_TT_SN_NT_S_1M_03_1,Depth,1:40,3:47,3:59,4:27,4:33,6:48,6:58,7:29,7:31,9:47,9:52,10:34,10:39,12:47,13:09,13:22,13:22,15:52,16:08,16:38,16:42,18:51,19:14,19:20,19:31
AA_E_TT_SN_NT_S_1M_03_1,Thermal,1:40,3:47,3:59,4:27,4:33,6:48,6:58,7:29,7:31,9:47,9:52,10:34,10:39,12:47,13:09,13:22,13:22,15:52,16:08,16:38,16:42,18:51,19:14,19:20,19:31
AA_E_TT_SN_NT_S_1M_03_1,Lidar,1:25,3:32,3:44,4:12,4:18,6:33,6:43,7:14,7:16,9:32,9:37,10:19,10:24,12:32,12:54,13:07,13:07,15:37,15:53,16:23,16:27,18:36,18:59,19:05,19:16
AA_E_TT_SN_NT_S_1M_05_0,IR,1:17,3:28,3:42,4:07,4:14,6:32,6:38,7:12,7:20,9:27,9:32,10:13,10:18,12:22,12:32,13:12,13:17,15:26,15:30,16:10,16:15,18:27,18:48,19:01,19:05
AA_E_TT_SN_NT_S_1M_05_0,RGB,1:17,3:28,3:42,4:07,4:14,6:32,6:38,7:12,7:20,9:27,9:32,10:13,10:18,12:22,12:32,13:12,13:17,15:26,15:30,16:10,16:15,18:27,18:48,19:01,19:05
AA_E_TT_SN_NT_S_1M_05_0,Depth,1:17,3:28,3:42,4:07,4:14,6:32,6:38,7:12,7:20,9:27,9:32,10:13,10:18,12:22,12:32,13:12,13:17,15:26,15:30,16:10,16:15,18:27,18:48,19:01,19:05
AA_E_TT_SN_NT_S_1M_05_0,Thermal,1:14,3:25,3:39,4:04,4:11,6:29,6:35,7:09,7:17,9:24,9:29,10:10,10:15,12:19,12:29,13:09,13:14,15:23,15:27,16:07,16:12,18:24,18:45,18:58,19:02
AA_E_TT_SN_NT_S_1M_05_0,Lidar,1:07,3:18,3:32,3:57,4:04,6:22,6:28,7:02,7:10,9:17,9:22,10:03,10:08,12:12,12:22,13:02,13:07,15:16,15:20,16:00,16:05,18:17,18:38,18:51,18:55
AA_E_TT_SN_NT_S_1M_07_0,IR,2:13,4:28,5:03,5:08,5:12,7:27,7:33,7:59,8:07,10:26,10:31,11:09,11:14,13:26,13:31,13:51,14:01,16:28,16:35,17:08,17:16,19:26,19:55,20:03,20:11
AA_E_TT_SN_NT_S_1M_07_0,RGB,2:13,4:28,5:03,5:08,5:12,7:27,7:33,7:59,8:07,10:26,10:31,11:09,11:14,13:26,13:31,13:51,14:01,16:28,16:35,17:08,17:16,19:26,19:55,20:03,20:11
AA_E_TT_SN_NT_S_1M_07_0,Depth,2:13,4:28,5:03,5:08,5:12,7:27,7:33,7:59,8:07,10:26,10:31,11:09,11:14,13:26,13:31,13:51,14:01,16:28,16:35,17:08,17:16,19:26,19:55,20:03,20:11
AA_E_TT_SN_NT_S_1M_07_0,Thermal,0:29,2:44,3:19,3:24,3:28,5:43,5:49,6:15,6:23,8:42,8:47,9:25,9:30,11:42,11:47,12:07,12:17,14:44,14:51,15:24,15:32,17:42,18:11,18:19,18:27
AA_E_TT_SN_NT_S_1M_07_0,Lidar,0:16,2:31,3:06,3:11,3:15,5:30,5:36,6:02,6:10,8:29,8:34,9:12,9:17,11:29,11:34,11:54,12:04,14:31,14:38,15:11,15:19,17:29,17:58,18:06,18:14
AA_E_TT_SN_NT_S_50CM_01_0,IR,0:54,3:01,3:12,3:32,3:34,6:02,6:12,6:40,6:47,9:02,9:07,9:46,9:51,12:01,12:11,12:39,12:39,15:02,15:07,15:45,15:49,18:03,18:18,18:25,18:31
AA_E_TT_SN_NT_S_50CM_01_0,RGB,0:54,3:01,3:12,3:32,3:34,6:02,6:12,6:40,6:47,9:02,9:07,9:46,9:51,12:01,12:11,12:39,12:39,15:02,15:07,15:45,15:49,18:03,18:18,18:25,18:31
AA_E_TT_SN_NT_S_50CM_01_0,Depth,0:54,3:01,3:12,3:32,3:34,6:02,6:12,6:40,6:47,9:02,9:07,9:46,9:51,12:01,12:11,12:39,12:39,15:02,15:07,15:45,15:49,18:03,18:18,18:25,18:31
AA_E_TT_SN_NT_S_50CM_01_0,Thermal,0:49,2:56,3:07,3:27,3:29,5:57,6:07,6:35,6:42,8:57,9:02,9:41,9:46,11:56,12:06,12:34,12:34,14:57,15:02,15:40,15:44,17:58,18:13,18:20,18:26
AA_E_TT_SN_NT_S_50CM_01_0,Lidar,0:36,2:43,2:54,3:14,3:16,5:44,5:54,6:22,6:29,8:44,8:49,9:28,9:33,11:43,11:53,12:21,12:21,14:44,14:49,15:27,15:31,17:45,18:00,18:07,18:13
AA_E_TT_SN_NT_S_50CM_03_3,IR,1:31,3:38,3:50,4:18,4:24,6:39,6:49,7:20,7:22,9:38,9:43,10:25,10:30,12:38,13:00,13:13,13:13,15:43,15:59,16:29,16:33,18:42,19:05,19:11,19:22
AA_E_TT_SN_NT_S_50CM_03_3,RGB,1:31,3:38,3:50,4:18,4:24,6:39,6:49,7:20,7:22,9:38,9:43,10:25,10:30,12:38,13:00,13:13,13:13,15:43,15:59,16:29,16:33,18:42,19:05,19:11,19:22
AA_E_TT_SN_NT_S_50CM_03_3,Depth,1:31,3:38,3:50,4:18,4:24,6:39,6:49,7:20,7:22,9:38,9:43,10:25,10:30,12:38,13:00,13:13,13:13,15:43,15:59,16:29,16:33,18:42,19:05,19:11,19:22
AA_E_TT_SN_NT_S_50CM_03_3,Thermal,1:30,3:37,3:49,4:17,4:23,6:38,6:48,7:19,7:21,9:37,9:42,10:24,10:29,12:37,12:59,13:12,13:12,15:42,15:58,16:28,16:32,18:41,19:04,19:10,19:21
AA_E_TT_SN_NT_S_50CM_03_3,Lidar,1:15,3:22,3:34,4:02,4:08,6:23,6:33,7:04,7:06,9:22,9:27,10:09,10:14,12:22,12:44,12:57,12:57,15:27,15:43,16:13,16:17,18:26,18:49,18:55,19:06
AA_E_TT_SN_NT_S_50CM_05_0,IR,1:11,3:22,3:36,4:01,4:08,6:26,6:32,7:06,7:14,9:21,9:26,10:07,10:12,12:16,12:26,13:06,13:11,15:20,15:24,16:04,16:09,18:21,18:42,18:55,18:59
AA_E_TT_SN_NT_S_50CM_05_0,RGB,1:11,3:22,3:36,4:01,4:08,6:26,6:32,7:06,7:14,9:21,9:26,10:07,10:12,12:16,12:26,13:06,13:11,15:20,15:24,16:04,16:09,18:21,18:42,18:55,18:59
AA_E_TT_SN_NT_S_50CM_05_0,Depth,1:11,3:22,3:36,4:01,4:08,6:26,6:32,7:06,7:14,9:21,9:26,10:07,10:12,12:16,12:26,13:06,13:11,15:20,15:24,16:04,16:09,18:21,18:42,18:55,18:59
AA_E_TT_SN_NT_S_50CM_05_0,Thermal,1:12,3:23,3:37,4:02,4:09,6:27,6:33,7:07,7:15,9:22,9:27,10:08,10:13,12:17,12:27,13:07,13:12,15:21,15:25,16:05,16:10,18:22,18:43,18:56,19:00
AA_E_TT_SN_NT_S_50CM_05_0,Lidar,0:59,3:10,3:24,3:49,3:56,6:14,6:20,6:54,7:02,9:09,9:14,9:55,10:00,12:04,12:14,12:54,12:59,15:08,15:12,15:52,15:57,18:09,18:30,18:43,18:47
AA_E_TT_SN_NT_S_50CM_07_0,IR,3:44,5:59,6:34,6:39,6:43,8:58,9:04,9:30,9:38,11:57,12:02,12:40,12:45,14:57,15:02,15:22,15:32,17:59,18:06,18:39,18:47,20:57,21:26,21:34,21:42
AA_E_TT_SN_NT_S_50CM_07_0,RGB,3:44,5:59,6:34,6:39,6:43,8:58,9:04,9:30,9:38,11:57,12:02,12:40,12:45,14:57,15:02,15:22,15:32,17:59,18:06,18:39,18:47,20:57,21:26,21:34,21:42
AA_E_TT_SN_NT_S_50CM_07_0,Depth,3:44,5:59,6:34,6:39,6:43,8:58,9:04,9:30,9:38,11:57,12:02,12:40,12:45,14:57,15:02,15:22,15:32,17:59,18:06,18:39,18:47,20:57,21:26,21:34,21:42
AA_E_TT_SN_NT_S_50CM_07_0,Thermal,3:41,5:56,6:31,6:36,6:40,8:55,9:01,9:27,9:35,11:54,11:59,12:37,12:42,14:54,14:59,15:19,15:29,17:56,18:03,18:36,18:44,20:54,21:23,21:31,21:39
AA_E_TT_SN_NT_S_50CM_07_0,Lidar,3:26,5:41,6:16,6:21,6:25,8:40,8:46,9:12,9:20,11:39,11:44,12:22,12:27,14:39,14:44,15:04,15:14,17:41,17:48,18:21,18:29,20:39,21:08,21:16,21:24
AA_E_TT_SN_SR_6M_1M_01_1,IR,1:03,3:15,3:29,3:41,3:46,6:14,6:20,6:46,6:51,9:15,9:20,9:51,9:56,12:12,12:18,12:51,12:56,15:16,15:28,15:47,15:53,18:26,18:41,18:48,18:52
AA_E_TT_SN_SR_6M_1M_01_1,RGB,1:03,3:15,3:29,3:41,3:46,6:14,6:20,6:46,6:51,9:15,9:20,9:51,9:56,12:12,12:18,12:51,12:56,15:16,15:28,15:47,15:53,18:26,18:41,18:48,18:52
AA_E_TT_SN_SR_6M_1M_01_1,Depth,1:03,3:15,3:29,3:41,3:46,6:14,6:20,6:46,6:51,9:15,9:20,9:51,9:56,12:12,12:18,12:51,12:56,15:16,15:28,15:47,15:53,18:26,18:41,18:48,18:52
AA_E_TT_SN_SR_6M_1M_01_1,Thermal,1:02,3:14,3:28,3:40,3:45,6:13,6:19,6:45,6:50,9:14,9:19,9:50,9:55,12:11,12:17,12:50,12:55,15:15,15:27,15:46,15:52,18:25,18:40,18:47,18:51
AA_E_TT_SN_SR_6M_1M_01_1,Lidar,0:50,3:02,3:16,3:28,3:33,6:01,6:07,6:33,6:38,9:02,9:07,9:38,9:43,11:59,12:05,12:38,12:43,15:03,15:15,15:34,15:40,18:13,18:28,18:35,18:39
AA_E_TT_SN_SR_6M_1M_03_1,IR,1:06,3:16,3:25,3:48,3:52,6:17,6:25,6:53,6:57,9:16,9:24,10:00,10:05,12:15,12:24,12:56,12:56,15:17,15:25,15:55,16:01,18:16,18:43,18:57,19:01
AA_E_TT_SN_SR_6M_1M_03_1,RGB,1:06,3:16,3:25,3:48,3:52,6:17,6:25,6:53,6:57,9:16,9:24,10:00,10:05,12:15,12:24,12:56,12:56,15:17,15:25,15:55,16:01,18:16,18:43,18:57,19:01
AA_E_TT_SN_SR_6M_1M_03_1,Depth,1:06,3:16,3:25,3:48,3:52,6:17,6:25,6:53,6:57,9:16,9:24,10:00,10:05,12:15,12:24,12:56,12:56,15:17,15:25,15:55,16:01,18:16,18:43,18:57,19:01
AA_E_TT_SN_SR_6M_1M_03_1,Thermal,1:03,3:13,3:22,3:45,3:49,6:14,6:22,6:50,6:54,9:13,9:21,9:57,10:02,12:12,12:21,12:53,12:53,15:14,15:22,15:52,15:58,18:13,18:40,18:54,18:58
AA_E_TT_SN_SR_6M_1M_03_1,Lidar,0:37,2:47,2:56,3:19,3:23,5:48,5:56,6:24,6:28,8:47,8:55,9:31,9:36,11:46,11:55,12:27,12:27,14:48,14:56,15:26,15:32,17:47,18:14,18:28,18:32
AA_E_TT_SN_SR_6M_1M_05_0,IR,1:04,3:14,3:18,3:39,3:45,6:14,6:18,6:51,6:53,9:14,9:19,9:55,10:00,12:13,12:21,12:52,12:52,15:14,15:16,15:48,15:54,18:14,18:35,18:44,18:49
AA_E_TT_SN_SR_6M_1M_05_0,RGB,1:04,3:14,3:18,3:39,3:45,6:14,6:18,6:51,6:53,9:14,9:19,9:55,10:00,12:13,12:21,12:52,12:52,15:14,15:16,15:48,15:54,18:14,18:35,18:44,18:49
AA_E_TT_SN_SR_6M_1M_05_0,Depth,1:04,3:14,3:18,3:39,3:45,6:14,6:18,6:51,6:53,9:14,9:19,9:55,10:00,12:13,12:21,12:52,12:52,15:14,15:16,15:48,15:54,18:14,18:35,18:44,18:49
AA_E_TT_SN_SR_6M_1M_05_0,Thermal,1:01,3:11,3:15,3:36,3:42,6:11,6:15,6:48,6:50,9:11,9:16,9:52,9:57,12:10,12:18,12:49,12:49,15:11,15:13,15:45,15:51,18:11,18:32,18:41,18:46
AA_E_TT_SN_SR_6M_1M_05_0,Lidar,0:46,2:56,3:00,3:21,3:27,5:56,6:00,6:33,6:35,8:56,9:01,9:37,9:42,11:55,12:03,12:34,12:34,14:56,14:58,15:30,15:36,17:56,18:17,18:26,18:31
AA_E_TT_SN_SR_6M_1M_07_0,IR,0:42,2:50,3:08,3:28,3:33,5:51,5:57,6:25,6:29,8:51,8:56,9:30,9:35,11:51,11:58,12:33,12:33,14:52,14:56,15:25,15:31,17:51,18:13,18:30,18:36
AA_E_TT_SN_SR_6M_1M_07_0,RGB,0:42,2:50,3:08,3:28,3:33,5:51,5:57,6:25,6:29,8:51,8:56,9:30,9:35,11:51,11:58,12:33,12:33,14:52,14:56,15:25,15:31,17:51,18:13,18:30,18:36
AA_E_TT_SN_SR_6M_1M_07_0,Depth,0:42,2:50,3:08,3:28,3:33,5:51,5:57,6:25,6:29,8:51,8:56,9:30,9:35,11:51,11:58,12:33,12:33,14:52,14:56,15:25,15:31,17:51,18:13,18:30,18:36
AA_E_TT_SN_SR_6M_1M_07_0,Thermal,0:44,2:52,3:10,3:30,3:35,5:53,5:59,6:27,6:31,8:53,8:58,9:32,9:37,11:53,12:00,12:35,12:35,14:54,14:58,15:27,15:33,17:53,18:15,18:32,18:38
AA_E_TT_SN_SR_6M_1M_07_0,Lidar,0:30,2:38,2:56,3:16,3:21,5:39,5:45,6:13,6:17,8:39,8:44,9:18,9:23,11:39,11:46,12:21,12:21,14:40,14:44,15:13,15:19,17:39,18:01,18:18,18:24
AA_E_TT_SN_SR_6M_50CM_01_0,IR,0:47,2:59,3:13,3:25,3:30,5:58,6:04,6:30,6:35,8:59,9:04,9:35,9:40,11:56,12:02,12:35,12:40,15:00,15:12,15:31,15:37,18:10,18:25,18:32,18:36
AA_E_TT_SN_SR_6M_50CM_01_0,RGB,0:47,2:59,3:13,3:25,3:30,5:58,6:04,6:30,6:35,8:59,9:04,9:35,9:40,11:56,12:02,12:35,12:40,15:00,15:12,15:31,15:37,18:10,18:25,18:32,18:36
AA_E_TT_SN_SR_6M_50CM_01_0,Depth,0:47,2:59,3:13,3:25,3:30,5:58,6:04,6:30,6:35,8:59,9:04,9:35,9:40,11:56,12:02,12:35,12:40,15:00,15:12,15:31,15:37,18:10,18:25,18:32,18:36
AA_E_TT_SN_SR_6M_50CM_01_0,Thermal,0:35,2:47,3:01,3:13,3:18,5:46,5:52,6:18,6:23,8:47,8:52,9:23,9:28,11:44,11:50,12:23,12:28,14:48,15:00,15:19,15:25,17:58,18:13,18:20,18:24
AA_E_TT_SN_SR_6M_50CM_01_0,Lidar,0:21,2:33,2:47,2:59,3:04,5:32,5:38,6:04,6:09,8:33,8:38,9:09,9:14,11:30,11:36,12:09,12:14,14:34,14:46,15:05,15:11,17:44,17:59,18:06,18:10
AA_E_TT_SN_SR_6M_50CM_03_3,IR,1:00,3:10,3:19,3:42,3:46,6:11,6:19,6:47,6:51,9:10,9:18,9:54,9:59,12:09,12:18,12:50,12:50,15:11,15:19,15:49,15:55,18:10,18:37,18:51,18:55
AA_E_TT_SN_SR_6M_50CM_03_3,RGB,1:00,3:10,3:19,3:42,3:46,6:11,6:19,6:47,6:51,9:10,9:18,9:54,9:59,12:09,12:18,12:50,12:50,15:11,15:19,15:49,15:55,18:10,18:37,18:51,18:55
AA_E_TT_SN_SR_6M_50CM_03_3,Depth,1:00,3:10,3:19,3:42,3:46,6:11,6:19,6:47,6:51,9:10,9:18,9:54,9:59,12:09,12:18,12:50,12:50,15:11,15:19,15:49,15:55,18:10,18:37,18:51,18:55
AA_E_TT_SN_SR_6M_50CM_03_3,Thermal,0:55,3:05,3:14,3:37,3:41,6:06,6:14,6:42,6:46,9:05,9:13,9:49,9:54,12:04,12:13,12:45,12:45,15:06,15:14,15:44,15:50,18:05,18:32,18:46,18:50
AA_E_TT_SN_SR_6M_50CM_03_3,Lidar,0:38,2:48,2:57,3:20,3:24,5:49,5:57,6:25,6:29,8:48,8:56,9:32,9:37,11:47,11:56,12:28,12:28,14:49,14:57,15:27,15:33,17:48,18:15,18:29,18:33
AA_E_TT_SN_SR_6M_50CM_05_0,IR,1:03,3:13,3:17,3:38,3:44,6:13,6:17,6:50,6:52,9:13,9:18,9:54,9:59,12:12,12:20,12:51,12:51,15:13,15:15,15:47,15:53,18:13,18:34,18:43,18:48
AA_E_TT_SN_SR_6M_50CM_05_0,RGB,1:03,3:13,3:17,3:38,3:44,6:13,6:17,6:50,6:52,9:13,9:18,9:54,9:59,12:12,12:20,12:51,12:51,15:13,15:15,15:47,15:53,18:13,18:34,18:43,18:48
AA_E_TT_SN_SR_6M_50CM_05_0,Depth,1:03,3:13,3:17,3:38,3:44,6:13,6:17,6:50,6:52,9:13,9:18,9:54,9:59,12:12,12:20,12:51,12:51,15:13,15:15,15:47,15:53,18:13,18:34,18:43,18:48
AA_E_TT_SN_SR_6M_50CM_05_0,Thermal,1:06,3:16,3:20,3:41,3:47,6:16,6:20,6:53,6:55,9:16,9:21,9:57,10:02,12:15,12:23,12:54,12:54,15:16,15:18,15:50,15:56,18:16,18:37,18:46,18:51
AA_E_TT_SN_SR_6M_50CM_05_0,Lidar,0:49,2:59,3:03,3:24,3:30,5:59,6:03,6:36,6:38,8:59,9:04,9:40,9:45,11:58,12:06,12:37,12:37,14:59,15:01,15:33,15:39,17:59,18:20,18:29,18:34
AA_E_TT_SN_SR_6M_50CM_07_0,IR,0:43,2:51,3:09,3:29,3:34,5:52,5:58,6:26,6:30,8:52,8:57,9:31,9:36,11:52,11:59,12:34,12:34,14:53,14:57,15:26,15:32,17:52,18:14,18:31,18:37
AA_E_TT_SN_SR_6M_50CM_07_0,RGB,0:43,2:51,3:09,3:29,3:34,5:52,5:58,6:26,6:30,8:52,8:57,9:31,9:36,11:52,11:59,12:34,12:34,14:53,14:57,15:26,15:32,17:52,18:14,18:31,18:37
AA_E_TT_SN_SR_6M_50CM_07_0,Depth,0:43,2:51,3:09,3:29,3:34,5:52,5:58,6:26,6:30,8:52,8:57,9:31,9:36,11:52,11:59,12:34,12:34,14:53,14:57,15:26,15:32,17:52,18:14,18:31,18:37
AA_E_TT_SN_SR_6M_50CM_07_0,Thermal,0:38,2:46,3:04,3:24,3:29,5:47,5:53,6:21,6:25,8:47,8:52,9:26,9:31,11:47,11:54,12:29,12:29,14:48,14:52,15:21,15:27,17:47,18:09,18:26,18:32
AA_E_TT_SN_SR_6M_50CM_07_0,Lidar,0:22,2:30,2:48,3:08,3:13,5:31,5:37,6:05,6:09,8:31,8:36,9:10,9:15,11:31,11:38,12:13,12:13,14:32,14:36,15:05,15:11,17:31,17:53,18:10,18:16
AA_E_TT_SN_SR_8M_1M_01_1,IR,1:07,3:20,3:33,3:51,3:58,6:17,6:28,7:02,7:08,9:17,9:22,9:57,10:02,12:18,12:34,12:58,13:03,15:16,15:26,15:47,15:54,18:22,18:39,18:44,18:49
AA_E_TT_SN_SR_8M_1M_01_1,RGB,1:07,3:20,3:33,3:51,3:58,6:17,6:28,7:02,7:08,9:17,9:22,9:57,10:02,12:18,12:34,12:58,13:03,15:16,15:26,15:47,15:54,18:22,18:39,18:44,18:49
AA_E_TT_SN_SR_8M_1M_01_1,Depth,1:07,3:20,3:33,3:51,3:58,6:17,6:28,7:02,7:08,9:17,9:22,9:57,10:02,12:18,12:34,12:58,13:03,15:16,15:26,15:47,15:54,18:22,18:39,18:44,18:49
AA_E_TT_SN_SR_8M_1M_01_1,Thermal,1:02,3:15,3:28,3:46,3:53,6:12,6:23,6:57,7:03,9:12,9:17,9:52,9:57,12:13,12:29,12:53,12:58,15:11,15:21,15:42,15:49,18:17,18:34,18:39,18:44
AA_E_TT_SN_SR_8M_1M_01_1,Lidar,0:31,2:44,2:57,3:15,3:22,5:41,5:52,6:26,6:32,8:41,8:46,9:21,9:26,11:42,11:58,12:22,12:27,14:40,14:50,15:11,15:18,17:46,18:03,18:08,18:13
AA_E_TT_SN_SR_8M_1M_03_3,Lidar,1:03,3:13,3:25,3:51,3:56,6:13,6:22,6:55,6:55,9:13,9:18,9:56,10:01,12:12,12:24,12:55,12:57,15:10,15:25,15:52,16:01,18:11,18:28,18:50,18:57
AA_E_TT_SN_SR_8M_1M_03_3,IR,1:15,3:25,3:37,4:03,4:08,6:25,6:34,7:07,7:07,9:25,9:30,10:08,10:13,12:24,12:36,13:07,13:09,15:22,15:37,16:04,16:13,18:23,18:40,19:02,19:09
AA_E_TT_SN_SR_8M_1M_03_3,RGB,1:15,3:25,3:37,4:03,4:08,6:25,6:34,7:07,7:07,9:25,9:30,10:08,10:13,12:24,12:36,13:07,13:09,15:22,15:37,16:04,16:13,18:23,18:40,19:02,19:09
AA_E_TT_SN_SR_8M_1M_03_3,Depth,1:15,3:25,3:37,4:03,4:08,6:25,6:34,7:07,7:07,9:25,9:30,10:08,10:13,12:24,12:36,13:07,13:09,15:22,15:37,16:04,16:13,18:23,18:40,19:02,19:09
AA_E_TT_SN_SR_8M_1M_03_3,Thermal,1:14,3:24,3:36,4:02,4:07,6:24,6:33,7:06,7:06,9:24,9:29,10:07,10:12,12:23,12:35,13:06,13:08,15:21,15:36,16:03,16:12,18:22,18:39,19:01,19:08
AA_E_TT_SN_SR_8M_1M_05_0,IR,1:09,3:20,3:33,3:55,4:00,6:19,6:26,6:58,7:02,9:19,9:24,9:58,10:03,12:20,12:30,13:00,13:00,15:17,15:24,15:54,15:58,18:25,18:35,18:59,19:03
AA_E_TT_SN_SR_8M_1M_05_0,RGB,1:09,3:20,3:33,3:55,4:00,6:19,6:26,6:58,7:02,9:19,9:24,9:58,10:03,12:20,12:30,13:00,13:00,15:17,15:24,15:54,15:58,18:25,18:35,18:59,19:03
AA_E_TT_SN_SR_8M_1M_05_0,Depth,1:09,3:20,3:33,3:55,4:00,6:19,6:26,6:58,7:02,9:19,9:24,9:58,10:03,12:20,12:30,13:00,13:00,15:17,15:24,15:54,15:58,18:25,18:35,18:59,19:03
AA_E_TT_SN_SR_8M_1M_05_0,Thermal,1:06,3:17,3:30,3:52,3:57,6:16,6:23,6:55,6:59,9:16,9:21,9:55,10:00,12:17,12:27,12:57,12:57,15:14,15:21,15:51,15:55,18:22,18:32,18:56,19:00
AA_E_TT_SN_SR_8M_1M_05_0,Lidar,0:55,3:06,3:19,3:41,3:46,6:05,6:12,6:44,6:48,9:05,9:10,9:44,9:49,12:06,12:16,12:46,12:46,15:03,15:10,15:40,15:44,18:11,18:21,18:45,18:49
AA_E_TT_SN_SR_8M_1M_07_0,IR,0:15,2:26,2:38,3:02,3:08,5:25,5:33,6:11,6:15,8:26,8:31,9:22,9:27,11:25,11:33,12:07,12:11,14:25,14:31,14:58,15:06,17:24,17:46,18:01,18:07
AA_E_TT_SN_SR_8M_1M_07_0,RGB,0:15,2:26,2:38,3:02,3:08,5:25,5:33,6:11,6:15,8:26,8:31,9:22,9:27,11:25,11:33,12:07,12:11,14:25,14:31,14:58,15:06,17:24,17:46,18:01,18:07
AA_E_TT_SN_SR_8M_1M_07_0,Depth,0:15,2:26,2:38,3:02,3:08,5:25,5:33,6:11,6:15,8:26,8:31,9:22,9:27,11:25,11:33,12:07,12:11,14:25,14:31,14:58,15:06,17:24,17:46,18:01,18:07
AA_E_TT_SN_SR_8M_1M_07_0,Thermal,0:12,2:23,2:35,2:59,3:05,5:22,5:30,6:08,6:12,8:23,8:28,9:19,9:24,11:22,11:30,12:04,12:08,14:22,14:28,14:55,15:03,17:21,17:43,17:58,18:04
AA_E_TT_SN_SR_8M_1M_07_0,Lidar,0:06,2:17,2:29,2:53,2:59,5:16,5:24,6:02,6:06,8:17,8:22,9:13,9:18,11:16,11:24,11:58,12:02,14:16,14:22,14:49,14:57,17:15,17:37,17:52,17:58
AA_E_TT_SN_SR_8M_50CM_01_0,IR,1:03,3:16,3:29,3:47,3:54,6:13,6:24,6:58,7:04,9:13,9:18,9:53,9:58,12:14,12:30,12:54,12:59,15:12,15:22,15:43,15:50,18:18,18:35,18:40,18:45
AA_E_TT_SN_SR_8M_50CM_01_0,RGB,1:03,3:16,3:29,3:47,3:54,6:13,6:24,6:58,7:04,9:13,9:18,9:53,9:58,12:14,12:30,12:54,12:59,15:12,15:22,15:43,15:50,18:18,18:35,18:40,18:45
AA_E_TT_SN_SR_8M_50CM_01_0,Depth,1:03,3:16,3:29,3:47,3:54,6:13,6:24,6:58,7:04,9:13,9:18,9:53,9:58,12:14,12:30,12:54,12:59,15:12,15:22,15:43,15:50,18:18,18:35,18:40,18:45
AA_E_TT_SN_SR_8M_50CM_01_0,Thermal,0:55,3:08,3:21,3:39,3:46,6:05,6:16,6:50,6:56,9:05,9:10,9:45,9:50,12:06,12:22,12:46,12:51,15:04,15:14,15:35,15:42,18:10,18:27,18:32,18:37
AA_E_TT_SN_SR_8M_50CM_01_0,Lidar,0:39,2:52,3:05,3:23,3:30,5:49,6:00,6:34,6:40,8:49,8:54,9:29,9:34,11:50,12:06,12:30,12:35,14:48,14:58,15:19,15:26,17:54,18:11,18:16,18:21
AA_E_TT_SN_SR_8M_50CM_03_3,IR,1:05,3:15,3:27,3:53,3:58,6:15,6:24,6:57,6:57,9:15,9:20,9:58,10:03,12:14,12:26,12:57,12:59,15:12,15:27,15:54,16:03,18:13,18:30,18:52,18:59
AA_E_TT_SN_SR_8M_50CM_03_3,RGB,1:05,3:15,3:27,3:53,3:58,6:15,6:24,6:57,6:57,9:15,9:20,9:58,10:03,12:14,12:26,12:57,12:59,15:12,15:27,15:54,16:03,18:13,18:30,18:52,18:59
AA_E_TT_SN_SR_8M_50CM_03_3,Depth,1:05,3:15,3:27,3:53,3:58,6:15,6:24,6:57,6:57,9:15,9:20,9:58,10:03,12:14,12:26,12:57,12:59,15:12,15:27,15:54,16:03,18:13,18:30,18:52,18:59
AA_E_TT_SN_SR_8M_50CM_03_3,Thermal,1:04,3:14,3:26,3:52,3:57,6:14,6:23,6:56,6:56,9:14,9:19,9:57,10:02,12:13,12:25,12:56,12:58,15:11,15:26,15:53,16:02,18:12,18:29,18:51,18:58
AA_E_TT_SN_SR_8M_50CM_03_3,Lidar,0:53,3:03,3:15,3:41,3:46,6:03,6:12,6:45,6:45,9:03,9:08,9:46,9:51,12:02,12:14,12:45,12:47,15:00,15:15,15:42,15:51,18:01,18:18,18:40,18:47
AA_E_TT_SN_SR_8M_50CM_05_2,IR,0:55,3:06,3:19,3:41,3:46,6:05,6:12,6:44,6:48,9:05,9:10,9:44,9:49,12:06,12:16,12:46,12:46,14:55,15:02,15:32,15:36,18:03,18:13,18:38,18:41
AA_E_TT_SN_SR_8M_50CM_05_2,RGB,0:55,3:06,3:19,3:41,3:46,6:05,6:12,6:44,6:48,9:05,9:10,9:44,9:49,12:06,12:16,12:46,12:46,14:55,15:02,15:32,15:36,18:03,18:13,18:38,18:41
AA_E_TT_SN_SR_8M_50CM_05_2,Depth,0:55,3:06,3:19,3:41,3:46,6:05,6:12,6:44,6:48,9:05,9:10,9:44,9:49,12:06,12:16,12:46,12:46,14:55,15:02,15:32,15:36,18:03,18:13,18:38,18:41
AA_E_TT_SN_SR_8M_50CM_05_2,Thermal,0:58,3:09,3:22,3:44,3:49,6:08,6:15,6:47,6:51,9:08,9:13,9:47,9:52,12:09,12:19,12:49,12:49,15:06,15:15,15:45,15:49,18:16,18:26,18:50,18:54
AA_E_TT_SN_SR_8M_50CM_05_2,Lidar,0:44,2:55,3:08,3:30,3:35,5:54,6:01,6:33,6:37,8:54,8:59,9:33,9:38,11:55,12:05,12:35,12:35,14:52,15:01,15:31,15:35,18:02,18:12,18:36,18:40
AA_E_TT_SN_SR_8M_50CM_07_0,IR,1:38,3:49,4:01,4:25,4:31,6:48,6:56,7:34,7:38,9:49,9:54,10:45,10:50,12:48,12:56,13:30,13:34,15:48,15:54,16:21,16:29,18:47,19:09,19:24,19:30
AA_E_TT_SN_SR_8M_50CM_07_0,RGB,1:38,3:49,4:01,4:25,4:31,6:48,6:56,7:34,7:38,9:49,9:54,10:45,10:50,12:48,12:56,13:30,13:34,15:48,15:54,16:21,16:29,18:47,19:09,19:24,19:30
AA_E_TT_SN_SR_8M_50CM_07_0,Depth,1:38,3:49,4:01,4:25,4:31,6:48,6:56,7:34,7:38,9:49,9:54,10:45,10:50,12:48,12:56,13:30,13:34,15:48,15:54,16:21,16:29,18:47,19:09,19:24,19:30
AA_E_TT_SN_SR_8M_50CM_07_0,Thermal,1:28,3:39,3:51,4:15,4:21,6:38,6:46,7:24,7:28,9:39,9:44,10:35,10:40,12:38,12:46,13:20,13:24,15:38,15:44,16:11,16:19,18:37,18:59,19:14,19:20
AA_E_TT_SN_SR_8M_50CM_07_0,Lidar,1:19,3:30,3:42,4:06,4:12,6:29,6:37,7:15,7:19,9:30,9:35,10:26,10:31,12:29,12:37,13:11,13:15,15:29,15:35,16:02,16:10,18:28,18:50,19:05,19:11
AA_E_TT_SN_SR_S_1M_01_1,IR,0:53,3:03,3:13,3:34,3:38,6:09,6:19,6:44,6:46,9:04,9:09,9:44,9:49,12:03,12:24,12:39,12:39,15:06,15:14,15:40,15:46,18:02,18:19,18:27,18:31
AA_E_TT_SN_SR_S_1M_01_1,RGB,0:53,3:03,3:13,3:34,3:38,6:09,6:19,6:44,6:46,9:04,9:09,9:44,9:49,12:03,12:24,12:39,12:39,15:06,15:14,15:40,15:46,18:02,18:19,18:27,18:31
AA_E_TT_SN_SR_S_1M_01_1,Depth,0:53,3:03,3:13,3:34,3:38,6:09,6:19,6:44,6:46,9:04,9:09,9:44,9:49,12:03,12:24,12:39,12:39,15:06,15:14,15:40,15:46,18:02,18:19,18:27,18:31
AA_E_TT_SN_SR_S_1M_01_1,Thermal,0:50,3:00,3:10,3:31,3:35,6:06,6:16,6:41,6:43,9:01,9:06,9:41,9:46,12:00,12:21,12:36,12:36,15:03,15:11,15:37,15:43,17:59,18:16,18:24,18:28
AA_E_TT_SN_SR_S_1M_01_1,Lidar,0:32,2:42,2:52,3:13,3:17,5:48,5:58,6:23,6:25,8:43,8:48,9:23,9:28,11:42,12:03,12:18,12:18,14:45,14:53,15:19,15:25,17:41,17:58,18:06,18:10
AA_E_TT_SN_SR_S_1M_03_1,IR,1:22,3:32,3:51,4:10,4:13,6:33,6:38,7:16,7:19,9:32,9:37,10:14,10:19,12:33,12:45,13:13,13:16,15:30,15:36,16:20,16:25,18:32,18:56,19:13,19:17
AA_E_TT_SN_SR_S_1M_03_1,RGB,1:22,3:32,3:51,4:10,4:13,6:33,6:38,7:16,7:19,9:32,9:37,10:14,10:19,12:33,12:45,13:13,13:16,15:30,15:36,16:20,16:25,18:32,18:56,19:13,19:17
AA_E_TT_SN_SR_S_1M_03_1,Depth,1:22,3:32,3:51,4:10,4:13,6:33,6:38,7:16,7:19,9:32,9:37,10:14,10:19,12:33,12:45,13:13,13:16,15:30,15:36,16:20,16:25,18:32,18:56,19:13,19:17
AA_E_TT_SN_SR_S_1M_03_1,Thermal,1:20,3:30,3:49,4:08,4:11,6:31,6:36,7:14,7:17,9:30,9:35,10:12,10:17,12:31,12:43,13:11,13:14,15:28,15:34,16:18,16:23,18:30,18:54,19:11,19:15
AA_E_TT_SN_SR_S_1M_03_1,Lidar,1:04,3:14,3:33,3:52,3:55,6:15,6:20,6:58,7:01,9:14,9:19,9:56,10:01,12:15,12:27,12:55,12:58,15:12,15:18,16:02,16:07,18:14,18:38,18:55,18:59
AA_E_TT_SN_SR_S_1M_05_0,IR,2:12,4:31,4:40,5:04,5:07,7:28,7:33,8:06,8:13,10:30,10:35,11:10,11:15,13:28,13:37,14:05,14:08,16:32,16:40,17:15,17:21,19:31,19:46,19:56,20:01
AA_E_TT_SN_SR_S_1M_05_0,RGB,2:12,4:31,4:40,5:04,5:07,7:28,7:33,8:06,8:13,10:30,10:35,11:10,11:15,13:28,13:37,14:05,14:08,16:32,16:40,17:15,17:21,19:31,19:46,19:56,20:01
AA_E_TT_SN_SR_S_1M_05_0,Depth,2:12,4:31,4:40,5:04,5:07,7:28,7:33,8:06,8:13,10:30,10:35,11:10,11:15,13:28,13:37,14:05,14:08,16:32,16:40,17:15,17:21,19:31,19:46,19:56,20:01
AA_E_TT_SN_SR_S_1M_05_0,Thermal,2:10,4:29,4:38,5:02,5:05,7:26,7:31,8:04,8:11,10:28,10:33,11:08,11:13,13:26,13:35,14:03,14:06,16:30,16:38,17:13,17:19,19:29,19:44,19:54,19:59
AA_E_TT_SN_SR_S_1M_05_0,Lidar,1:58,4:17,4:26,4:50,4:53,7:14,7:19,7:52,7:59,10:16,10:21,10:56,11:01,13:14,13:23,13:51,13:54,16:18,16:26,17:01,17:07,19:17,19:32,19:42,19:47
AA_E_TT_SN_SR_S_50CM_01_0,IR,0:49,2:59,3:09,3:30,3:34,6:05,6:15,6:40,6:42,9:00,9:05,9:40,9:45,11:59,12:20,12:35,12:35,15:02,15:10,15:36,15:42,17:58,18:15,18:23,18:27
AA_E_TT_SN_SR_S_50CM_01_0,RGB,0:49,2:59,3:09,3:30,3:34,6:05,6:15,6:40,6:42,9:00,9:05,9:40,9:45,11:59,12:20,12:35,12:35,15:02,15:10,15:36,15:42,17:58,18:15,18:23,18:27
AA_E_TT_SN_SR_S_50CM_01_0,Depth,0:49,2:59,3:09,3:30,3:34,6:05,6:15,6:40,6:42,9:00,9:05,9:40,9:45,11:59,12:20,12:35,12:35,15:02,15:10,15:36,15:42,17:58,18:15,18:23,18:27
AA_E_TT_SN_SR_S_50CM_01_0,Thermal,0:40,2:50,3:00,3:21,3:25,5:56,6:06,6:31,6:33,8:51,8:56,9:31,9:36,11:50,12:11,12:26,12:26,14:53,15:01,15:27,15:33,17:49,18:06,18:14,18:18
AA_E_TT_SN_SR_S_50CM_01_0,Lidar,0:27,2:37,2:47,3:08,3:12,5:43,5:53,6:18,6:20,8:38,8:43,9:18,9:23,11:37,11:58,12:13,12:13,14:40,14:48,15:14,15:20,17:36,17:53,18:01,18:05
AA_E_TT_SN_SR_S_50CM_03_3,IR,1:14,3:24,3:43,4:02,4:05,6:25,6:30,7:08,7:11,9:24,9:29,10:06,10:11,12:25,12:37,13:05,13:08,15:22,15:28,16:12,16:17,18:24,18:48,19:05,19:09
AA_E_TT_SN_SR_S_50CM_03_3,RGB,1:14,3:24,3:43,4:02,4:05,6:25,6:30,7:08,7:11,9:24,9:29,10:06,10:11,12:25,12:37,13:05,13:08,15:22,15:28,16:12,16:17,18:24,18:48,19:05,19:09
AA_E_TT_SN_SR_S_50CM_03_3,Depth,1:14,3:24,3:43,4:02,4:05,6:25,6:30,7:08,7:11,9:24,9:29,10:06,10:11,12:25,12:37,13:05,13:08,15:22,15:28,16:12,16:17,18:24,18:48,19:05,19:09
AA_E_TT_SN_SR_S_50CM_03_3,Thermal,1:12,3:22,3:41,4:00,4:03,6:23,6:28,7:06,7:09,9:22,9:27,10:04,10:09,12:23,12:35,13:03,13:06,15:20,15:26,16:10,16:15,18:22,18:46,19:03,19:07
AA_E_TT_SN_SR_S_50CM_03_3,Lidar,1:00,3:10,3:29,3:48,3:51,6:11,6:16,6:54,6:57,9:10,9:15,9:52,9:57,12:11,12:23,12:51,12:54,15:08,15:14,15:58,16:03,18:10,18:34,18:51,18:55
AA_E_TT_SN_SR_S_50CM_05_2,IR,2:08,4:27,4:36,5:00,5:03,7:24,7:29,8:02,8:09,10:26,10:31,11:06,11:11,13:24,13:33,14:01,14:04,16:28,16:36,17:11,17:17,19:27,19:42,19:52,19:57
AA_E_TT_SN_SR_S_50CM_05_2,RGB,2:08,4:27,4:36,5:00,5:03,7:24,7:29,8:02,8:09,10:26,10:31,11:06,11:11,13:24,13:33,14:01,14:04,16:28,16:36,17:11,17:17,19:27,19:42,19:52,19:57
AA_E_TT_SN_SR_S_50CM_05_2,Depth,2:08,4:27,4:36,5:00,5:03,7:24,7:29,8:02,8:09,10:26,10:31,11:06,11:11,13:24,13:33,14:01,14:04,16:28,16:36,17:11,17:17,19:27,19:42,19:52,19:57
AA_E_TT_SN_SR_S_50CM_05_2,Thermal,2:05,4:24,4:33,4:57,5:00,7:21,7:26,7:59,8:06,10:23,10:28,11:03,11:08,13:21,13:30,13:58,14:01,16:25,16:33,17:08,17:14,19:24,19:39,19:49,19:54
AA_E_TT_SN_SR_S_50CM_05_2,Lidar,1:55,4:14,4:23,4:47,4:50,7:11,7:16,7:49,7:56,10:13,10:18,10:53,10:58,13:11,13:20,13:48,13:51,16:15,16:23,16:58,17:04,19:14,19:29,19:39,19:44
AA_E_TT_SN_SS_6M_1M_01_3,IR,1:29,3:38,3:44,4:03,4:06,6:44,6:54,7:20,7:25,9:38,9:43,10:18,10:23,12:38,13:05,13:16,13:16,15:37,15:44,16:07,16:11,18:40,18:46,19:05,19:09
AA_E_TT_SN_SS_6M_1M_01_3,RGB,1:29,3:38,3:44,4:03,4:06,6:44,6:54,7:20,7:25,9:38,9:43,10:18,10:23,12:38,13:05,13:16,13:16,15:37,15:44,16:07,16:11,18:40,18:46,19:05,19:09
AA_E_TT_SN_SS_6M_1M_01_3,Depth,1:29,3:38,3:44,4:03,4:06,6:44,6:54,7:20,7:25,9:38,9:43,10:18,10:23,12:38,13:05,13:16,13:16,15:37,15:44,16:07,16:11,18:40,18:46,19:05,19:09
AA_E_TT_SN_SS_6M_1M_01_3,Thermal,1:27,3:36,3:42,4:01,4:04,6:42,6:52,7:18,7:23,9:36,9:41,10:16,10:21,12:36,13:03,13:14,13:14,15:35,15:42,16:05,16:09,18:38,18:44,19:03,19:07
AA_E_TT_SN_SS_6M_1M_01_3,Lidar,1:12,3:21,3:27,3:46,3:49,6:27,6:37,7:03,7:08,9:21,9:26,10:01,10:06,12:21,12:48,12:59,12:59,15:20,15:27,15:50,15:54,18:23,18:29,18:48,18:52
AA_E_TT_SN_SS_6M_1M_03_3,IR,1:28,3:38,3:51,4:18,4:22,6:35,6:40,7:21,7:21,9:33,9:38,10:17,10:22,12:37,12:41,13:22,13:26,15:34,15:39,16:21,16:23,18:35,18:59,19:16,19:19
AA_E_TT_SN_SS_6M_1M_03_3,RGB,1:28,3:38,3:51,4:18,4:22,6:35,6:40,7:21,7:21,9:33,9:38,10:17,10:22,12:37,12:41,13:22,13:26,15:34,15:39,16:21,16:23,18:35,18:59,19:16,19:19
AA_E_TT_SN_SS_6M_1M_03_3,Depth,1:28,3:38,3:51,4:18,4:22,6:35,6:40,7:21,7:21,9:33,9:38,10:17,10:22,12:37,12:41,13:22,13:26,15:34,15:39,16:21,16:23,18:35,18:59,19:16,19:19
AA_E_TT_SN_SS_6M_1M_03_3,Thermal,1:25,3:35,3:48,4:15,4:19,6:32,6:37,7:18,7:18,9:30,9:35,10:14,10:19,12:34,12:38,13:19,13:23,15:31,15:36,16:18,16:20,18:32,18:56,19:13,19:16
AA_E_TT_SN_SS_6M_1M_03_3,Lidar,1:13,3:23,3:36,4:03,4:07,6:20,6:25,7:06,7:06,9:18,9:23,10:02,10:07,12:22,12:26,13:07,13:11,15:19,15:24,16:06,16:08,18:20,18:44,19:01,19:04
AA_E_TT_SN_SS_6M_1M_05_0,IR,0:59,3:07,3:15,3:47,3:50,6:06,6:16,6:50,6:58,10:08,10:13,10:51,10:56,13:06,13:14,13:51,13:51,16:06,16:11,16:53,16:59,19:06,19:32,19:49,19:52
AA_E_TT_SN_SS_6M_1M_05_0,RGB,0:59,3:07,3:15,3:47,3:50,6:06,6:16,6:50,6:58,10:08,10:13,10:51,10:56,13:06,13:14,13:51,13:51,16:06,16:11,16:53,16:59,19:06,19:32,19:49,19:52
AA_E_TT_SN_SS_6M_1M_05_0,Depth,0:59,3:07,3:15,3:47,3:50,6:06,6:16,6:50,6:58,10:08,10:13,10:51,10:56,13:06,13:14,13:51,13:51,16:06,16:11,16:53,16:59,19:06,19:32,19:49,19:52
AA_E_TT_SN_SS_6M_1M_05_0,Thermal,0:57,3:05,3:13,3:45,3:48,6:04,6:14,6:48,6:56,10:06,10:11,10:49,10:54,13:04,13:12,13:49,13:49,16:04,16:09,16:51,16:57,19:04,19:30,19:47,19:50
AA_E_TT_SN_SS_6M_1M_05_0,Lidar,0:49,2:57,3:05,3:37,3:40,5:56,6:06,6:40,6:48,9:58,10:03,10:41,10:46,12:56,13:04,13:41,13:41,15:56,16:01,16:43,16:49,18:56,19:22,19:39,19:42
AA_E_TT_SN_SS_6M_1M_07_0,IR,1:46,4:05,4:15,4:50,4:53,7:04,7:11,7:40,7:50,10:05,10:10,10:52,10:57,13:04,13:09,13:40,13:45,16:04,16:11,16:47,16:54,19:06,19:24,19:39,19:43
AA_E_TT_SN_SS_6M_1M_07_0,RGB,1:46,4:05,4:15,4:50,4:53,7:04,7:11,7:40,7:50,10:05,10:10,10:52,10:57,13:04,13:09,13:40,13:45,16:04,16:11,16:47,16:54,19:06,19:24,19:39,19:43
AA_E_TT_SN_SS_6M_1M_07_0,Depth,1:46,4:05,4:15,4:50,4:53,7:04,7:11,7:40,7:50,10:05,10:10,10:52,10:57,13:04,13:09,13:40,13:45,16:04,16:11,16:47,16:54,19:06,19:24,19:39,19:43
AA_E_TT_SN_SS_6M_1M_07_0,Thermal,1:41,4:00,4:10,4:45,4:48,6:59,7:06,7:35,7:45,10:00,10:05,10:47,10:52,12:59,13:04,13:35,13:40,15:59,16:06,16:42,16:49,19:01,19:19,19:34,19:38
AA_E_TT_SN_SS_6M_1M_07_0,Lidar,0:09,2:28,2:38,3:13,3:16,5:27,5:34,6:03,6:13,8:28,8:33,9:15,9:20,11:27,11:32,12:03,12:08,14:27,14:34,15:10,15:17,17:29,17:47,18:02,18:06
AA_E_TT_SN_SS_6M_50CM_01_0,IR,1:23,3:32,3:38,3:57,4:00,6:38,6:48,7:14,7:19,9:32,9:37,10:12,10:17,12:32,12:59,13:10,13:10,15:31,15:38,16:01,16:05,18:34,18:40,18:59,19:03
AA_E_TT_SN_SS_6M_50CM_01_0,RGB,1:23,3:32,3:38,3:57,4:00,6:38,6:48,7:14,7:19,9:32,9:37,10:12,10:17,12:32,12:59,13:10,13:10,15:31,15:38,16:01,16:05,18:34,18:40,18:59,19:03
AA_E_TT_SN_SS_6M_50CM_01_0,Depth,1:23,3:32,3:38,3:57,4:00,6:38,6:48,7:14,7:19,9:32,9:37,10:12,10:17,12:32,12:59,13:10,13:10,15:31,15:38,16:01,16:05,18:34,18:40,18:59,19:03
AA_E_TT_SN_SS_6M_50CM_01_0,Thermal,1:19,3:28,3:34,3:53,3:56,6:34,6:44,7:10,7:15,9:28,9:33,10:08,10:13,12:28,12:55,13:06,13:06,15:27,15:34,15:57,16:01,18:30,18:36,18:55,18:59
AA_E_TT_SN_SS_6M_50CM_01_0,Lidar,1:04,3:13,3:19,3:38,3:41,6:19,6:29,6:55,7:00,9:13,9:18,9:53,9:58,12:13,12:40,12:51,12:51,15:12,15:19,15:42,15:46,18:15,18:21,18:40,18:44
AA_E_TT_SN_SS_6M_50CM_03_1,IR,1:21,3:31,3:44,4:11,4:15,6:28,6:33,7:14,7:14,9:26,9:31,10:10,10:15,12:30,12:34,13:15,13:19,15:27,15:32,16:14,16:16,18:28,18:52,19:09,19:12
AA_E_TT_SN_SS_6M_50CM_03_1,RGB,1:21,3:31,3:44,4:11,4:15,6:28,6:33,7:14,7:14,9:26,9:31,10:10,10:15,12:30,12:34,13:15,13:19,15:27,15:32,16:14,16:16,18:28,18:52,19:09,19:12
AA_E_TT_SN_SS_6M_50CM_03_1,Depth,1:21,3:31,3:44,4:11,4:15,6:28,6:33,7:14,7:14,9:26,9:31,10:10,10:15,12:30,12:34,13:15,13:19,15:27,15:32,16:14,16:16,18:28,18:52,19:09,19:12
AA_E_TT_SN_SS_6M_50CM_03_1,Thermal,1:19,3:29,3:42,4:09,4:13,6:26,6:31,7:12,7:12,9:24,9:29,10:08,10:13,12:28,12:32,13:13,13:17,15:25,15:30,16:12,16:14,18:26,18:50,19:07,19:10
AA_E_TT_SN_SS_6M_50CM_03_1,Lidar,1:06,3:16,3:29,3:56,4:00,6:13,6:18,6:59,6:59,9:11,9:16,9:55,10:00,12:15,12:19,13:00,13:04,15:12,15:17,15:59,16:01,18:13,18:37,18:54,18:57
AA_E_TT_SN_SS_6M_50CM_05_0,IR,0:53,3:01,3:09,3:41,3:44,6:00,6:10,6:44,6:52,10:02,10:07,10:45,10:50,13:00,13:08,13:45,13:45,16:00,16:05,16:47,16:53,19:00,19:26,19:43,19:46
AA_E_TT_SN_SS_6M_50CM_05_0,RGB,0:53,3:01,3:09,3:41,3:44,6:00,6:10,6:44,6:52,10:02,10:07,10:45,10:50,13:00,13:08,13:45,13:45,16:00,16:05,16:47,16:53,19:00,19:26,19:43,19:46
AA_E_TT_SN_SS_6M_50CM_05_0,Depth,0:53,3:01,3:09,3:41,3:44,6:00,6:10,6:44,6:52,10:02,10:07,10:45,10:50,13:00,13:08,13:45,13:45,16:00,16:05,16:47,16:53,19:00,19:26,19:43,19:46
AA_E_TT_SN_SS_6M_50CM_05_0,Thermal,0:51,2:59,3:07,3:39,3:42,5:58,6:08,6:42,6:50,10:00,10:05,10:43,10:48,12:58,13:06,13:43,13:43,15:58,16:03,16:45,16:51,18:58,19:24,19:41,19:44
AA_E_TT_SN_SS_6M_50CM_05_0,Lidar,0:41,2:49,2:57,3:29,3:32,5:48,5:58,6:32,6:40,9:50,9:55,10:33,10:38,12:48,12:56,13:33,13:33,15:48,15:53,16:35,16:41,18:48,19:14,19:31,19:34
AA_E_TT_SN_SS_6M_50CM_07_0,IR,1:43,4:02,4:12,4:47,4:50,7:01,7:08,7:37,7:47,10:02,10:07,10:49,10:54,13:01,13:06,13:37,13:42,16:01,16:08,16:44,16:51,19:03,19:21,19:36,19:40
AA_E_TT_SN_SS_6M_50CM_07_0,RGB,1:43,4:02,4:12,4:47,4:50,7:01,7:08,7:37,7:47,10:02,10:07,10:49,10:54,13:01,13:06,13:37,13:42,16:01,16:08,16:44,16:51,19:03,19:21,19:36,19:40
AA_E_TT_SN_SS_6M_50CM_07_0,Depth,1:43,4:02,4:12,4:47,4:50,7:01,7:08,7:37,7:47,10:02,10:07,10:49,10:54,13:01,13:06,13:37,13:42,16:01,16:08,16:44,16:51,19:03,19:21,19:36,19:40
AA_E_TT_SN_SS_6M_50CM_07_0,Thermal,1:35,3:54,4:04,4:39,4:42,6:53,7:00,7:29,7:39,9:54,9:59,10:41,10:46,12:53,12:58,13:29,13:34,15:53,16:00,16:36,16:43,18:55,19:13,19:28,19:32
AA_E_TT_SN_SS_6M_50CM_07_0,Lidar,1:16,3:35,3:45,4:20,4:23,6:34,6:41,7:10,7:20,9:35,9:40,10:22,10:27,12:34,12:39,13:10,13:15,15:34,15:41,16:17,16:24,18:36,18:54,19:09,19:13
AA_E_TT_SN_SS_8M_1M_01_1,IR,1:17,3:25,3:33,3:51,3:58,6:25,6:36,6:57,7:04,9:25,9:30,10:05,10:10,12:24,12:30,12:51,12:51,15:25,15:34,15:59,16:04,18:26,18:41,18:47,18:53
AA_E_TT_SN_SS_8M_1M_01_1,RGB,1:17,3:25,3:33,3:51,3:58,6:25,6:36,6:57,7:04,9:25,9:30,10:05,10:10,12:24,12:30,12:51,12:51,15:25,15:34,15:59,16:04,18:26,18:41,18:47,18:53
AA_E_TT_SN_SS_8M_1M_01_1,Depth,1:17,3:25,3:33,3:51,3:58,6:25,6:36,6:57,7:04,9:25,9:30,10:05,10:10,12:24,12:30,12:51,12:51,15:25,15:34,15:59,16:04,18:26,18:41,18:47,18:53
AA_E_TT_SN_SS_8M_1M_01_1,Thermal,1:13,3:21,3:29,3:47,3:54,6:21,6:32,6:53,7:00,9:21,9:26,10:01,10:06,12:20,12:26,12:47,12:47,15:21,15:30,15:55,16:00,18:22,18:37,18:43,18:49
AA_E_TT_SN_SS_8M_1M_01_1,Lidar,0:50,2:58,3:06,3:24,3:31,5:58,6:09,6:30,6:37,8:58,9:03,9:38,9:43,11:57,12:03,12:24,12:24,14:58,15:07,15:32,15:37,17:59,18:14,18:20,18:26
AA_E_TT_SN_SS_8M_1M_03_1,IR,1:43,3:49,3:58,4:33,4:39,6:48,6:56,7:32,7:35,9:47,9:52,10:33,10:38,12:46,13:00,13:28,13:28,15:48,16:00,16:30,16:37,18:47,19:03,19:17,19:24
AA_E_TT_SN_SS_8M_1M_03_1,RGB,1:43,3:49,3:58,4:33,4:39,6:48,6:56,7:32,7:35,9:47,9:52,10:33,10:38,12:46,13:00,13:28,13:28,15:48,16:00,16:30,16:37,18:47,19:03,19:17,19:24
AA_E_TT_SN_SS_8M_1M_03_1,Depth,1:43,3:49,3:58,4:33,4:39,6:48,6:56,7:32,7:35,9:47,9:52,10:33,10:38,12:46,13:00,13:28,13:28,15:48,16:00,16:30,16:37,18:47,19:03,19:17,19:24
AA_E_TT_SN_SS_8M_1M_03_1,Thermal,1:41,3:47,3:56,4:31,4:37,6:46,6:54,7:30,7:33,9:45,9:50,10:31,10:36,12:44,12:58,13:26,13:26,15:46,15:58,16:28,16:35,18:45,19:01,19:15,19:22
AA_E_TT_SN_SS_8M_1M_03_1,Lidar,1:26,3:32,3:41,4:16,4:22,6:31,6:39,7:15,7:18,9:30,9:35,10:16,10:21,12:29,12:43,13:11,13:11,15:31,15:43,16:13,16:20,18:30,18:46,19:00,19:07
AA_E_TT_SN_SS_8M_1M_05_0,IR,1:14,3:26,3:41,4:09,4:15,6:23,6:28,7:00,7:10,9:28,9:33,10:06,10:11,12:24,12:37,13:15,13:15,15:21,15:26,16:01,16:06,18:23,18:49,19:02,19:08
AA_E_TT_SN_SS_8M_1M_05_0,RGB,1:14,3:26,3:41,4:09,4:15,6:23,6:28,7:00,7:10,9:28,9:33,10:06,10:11,12:24,12:37,13:15,13:15,15:21,15:26,16:01,16:06,18:23,18:49,19:02,19:08
AA_E_TT_SN_SS_8M_1M_05_0,Depth,1:14,3:26,3:41,4:09,4:15,6:23,6:28,7:00,7:10,9:28,9:33,10:06,10:11,12:24,12:37,13:15,13:15,15:21,15:26,16:01,16:06,18:23,18:49,19:02,19:08
AA_E_TT_SN_SS_8M_1M_05_0,Thermal,1:10,3:22,3:37,4:05,4:11,6:19,6:24,6:56,7:06,9:24,9:29,10:02,10:07,12:20,12:33,13:11,13:11,15:17,15:22,15:57,16:02,18:19,18:45,18:58,19:04
AA_E_TT_SN_SS_8M_1M_05_0,Lidar,1:02,3:14,3:29,3:57,4:03,6:11,6:16,6:48,6:58,9:16,9:21,9:54,9:59,12:12,12:25,13:03,13:03,15:09,15:14,15:49,15:54,18:11,18:37,18:50,18:56
AA_E_TT_SN_SS_8M_1M_07_4,IR,0:33,2:48,3:01,3:29,3:35,5:49,5:55,6:24,6:32,8:49,8:54,9:35,9:40,14:37,14:48,15:22,15:22,17:40,17:54,18:25,18:30,20:42,21:03,21:18,21:23
AA_E_TT_SN_SS_8M_1M_07_4,RGB,0:33,2:48,3:01,3:29,3:35,5:49,5:55,6:24,6:32,8:49,8:54,9:35,9:40,14:37,14:48,15:22,15:22,17:40,17:54,18:25,18:30,20:42,21:03,21:18,21:23
AA_E_TT_SN_SS_8M_1M_07_4,Depth,0:33,2:48,3:01,3:29,3:35,5:49,5:55,6:24,6:32,8:49,8:54,9:35,9:40,14:37,14:48,15:22,15:22,17:40,17:54,18:25,18:30,20:42,21:03,21:18,21:23
AA_E_TT_SN_SS_8M_1M_07_4,Thermal,0:30,2:45,2:58,3:26,3:32,5:46,5:52,6:21,6:29,8:46,8:51,9:32,9:37,14:34,14:45,15:19,15:19,17:37,17:51,18:22,18:27,20:39,21:00,21:15,21:20
AA_E_TT_SN_SS_8M_1M_07_4,Lidar,0:17,2:32,2:45,3:13,3:19,5:33,5:39,6:08,6:16,8:33,8:38,9:19,9:24,14:21,14:32,15:06,15:06,17:24,17:38,18:09,18:14,20:26,20:47,21:02,21:07
AA_E_TT_SN_SS_8M_50CM_01_0,IR,1:11,3:19,3:27,3:45,3:52,6:19,6:30,6:51,6:58,9:19,9:24,9:59,10:04,12:18,12:24,12:45,12:45,15:19,15:28,15:53,15:58,18:20,18:35,18:41,18:47
AA_E_TT_SN_SS_8M_50CM_01_0,RGB,1:11,3:19,3:27,3:45,3:52,6:19,6:30,6:51,6:58,9:19,9:24,9:59,10:04,12:18,12:24,12:45,12:45,15:19,15:28,15:53,15:58,18:20,18:35,18:41,18:47
AA_E_TT_SN_SS_8M_50CM_01_0,Depth,1:11,3:19,3:27,3:45,3:52,6:19,6:30,6:51,6:58,9:19,9:24,9:59,10:04,12:18,12:24,12:45,12:45,15:19,15:28,15:53,15:58,18:20,18:35,18:41,18:47
AA_E_TT_SN_SS_8M_50CM_01_0,Thermal,1:16,3:24,3:32,3:50,3:57,6:24,6:35,6:56,7:03,9:24,9:29,10:04,10:09,12:23,12:29,12:50,12:50,15:24,15:33,15:58,16:03,18:25,18:40,18:46,18:52
AA_E_TT_SN_SS_8M_50CM_01_0,Lidar,0:51,2:59,3:07,3:25,3:32,5:59,6:10,6:31,6:38,8:59,9:04,9:39,9:44,11:58,12:04,12:25,12:25,14:59,15:08,15:33,15:38,18:00,18:15,18:21,18:27
AA_E_TT_SN_SS_8M_50CM_03_1,IR,1:33,3:39,3:48,4:23,4:29,6:38,6:46,7:22,7:25,9:37,9:42,10:23,10:28,12:36,12:50,13:18,13:18,15:38,15:50,16:20,16:27,18:37,18:53,19:07,19:14
AA_E_TT_SN_SS_8M_50CM_03_1,RGB,1:33,3:39,3:48,4:23,4:29,6:38,6:46,7:22,7:25,9:37,9:42,10:23,10:28,12:36,12:50,13:18,13:18,15:38,15:50,16:20,16:27,18:37,18:53,19:07,19:14
AA_E_TT_SN_SS_8M_50CM_03_1,Depth,1:33,3:39,3:48,4:23,4:29,6:38,6:46,7:22,7:25,9:37,9:42,10:23,10:28,12:36,12:50,13:18,13:18,15:38,15:50,16:20,16:27,18:37,18:53,19:07,19:14
AA_E_TT_SN_SS_8M_50CM_03_1,Thermal,1:31,3:37,3:46,4:21,4:27,6:36,6:44,7:20,7:23,9:35,9:40,10:21,10:26,12:34,12:48,13:16,13:16,15:36,15:48,16:18,16:25,18:35,18:51,19:05,19:12
AA_E_TT_SN_SS_8M_50CM_03_1,Lidar,1:13,3:19,3:28,4:03,4:09,6:18,6:26,7:02,7:05,9:17,9:22,10:03,10:08,12:16,12:30,12:58,12:58,15:18,15:30,16:00,16:07,18:17,18:33,18:47,18:54
AA_E_TT_SN_SS_8M_50CM_05_0,IR,1:10,3:22,3:37,4:05,4:11,6:19,6:24,6:56,7:06,9:24,9:29,10:02,10:07,12:20,12:33,13:11,13:11,15:17,15:22,15:57,16:02,18:19,18:45,18:58,19:04
AA_E_TT_SN_SS_8M_50CM_05_0,RGB,1:10,3:22,3:37,4:05,4:11,6:19,6:24,6:56,7:06,9:24,9:29,10:02,10:07,12:20,12:33,13:11,13:11,15:17,15:22,15:57,16:02,18:19,18:45,18:58,19:04
AA_E_TT_SN_SS_8M_50CM_05_0,Depth,1:10,3:22,3:37,4:05,4:11,6:19,6:24,6:56,7:06,9:24,9:29,10:02,10:07,12:20,12:33,13:11,13:11,15:17,15:22,15:57,16:02,18:19,18:45,18:58,19:04
AA_E_TT_SN_SS_8M_50CM_05_0,Thermal,1:08,3:20,3:35,4:03,4:09,6:17,6:22,6:54,7:04,9:22,9:27,10:00,10:05,12:18,12:31,13:09,13:09,15:15,15:20,15:55,16:00,18:17,18:43,18:56,19:02
AA_E_TT_SN_SS_8M_50CM_05_0,Lidar,0:58,3:10,3:25,3:53,3:59,6:07,6:12,6:44,6:54,9:12,9:17,9:50,9:55,12:08,12:21,12:59,12:59,15:05,15:10,15:45,15:50,18:07,18:33,18:46,18:52
AA_E_TT_SN_SS_8M_50CM_07_0,IR,0:34,2:49,3:02,3:30,3:36,5:50,5:56,6:25,6:33,8:50,8:55,9:36,9:41,14:38,14:49,15:23,15:23,17:41,17:55,18:26,18:31,20:43,21:04,21:19,21:24
AA_E_TT_SN_SS_8M_50CM_07_0,RGB,0:34,2:49,3:02,3:30,3:36,5:50,5:56,6:25,6:33,8:50,8:55,9:36,9:41,14:38,14:49,15:23,15:23,17:41,17:55,18:26,18:31,20:43,21:04,21:19,21:24
AA_E_TT_SN_SS_8M_50CM_07_0,Depth,0:34,2:49,3:02,3:30,3:36,5:50,5:56,6:25,6:33,8:50,8:55,9:36,9:41,14:38,14:49,15:23,15:23,17:41,17:55,18:26,18:31,20:43,21:04,21:19,21:24
AA_E_TT_SN_SS_8M_50CM_07_0,Thermal,0:31,2:46,2:59,3:27,3:33,5:47,5:53,6:22,6:30,8:47,8:52,9:33,9:38,14:35,14:46,15:20,15:20,17:38,17:52,18:23,18:28,20:40,21:01,21:16,21:21
AA_E_TT_SN_SS_8M_50CM_07_0,Lidar,0:24,2:39,2:52,3:20,3:26,5:40,5:46,6:15,6:23,8:40,8:45,9:26,9:31,14:28,14:39,15:13,15:13,17:31,17:45,18:16,18:21,20:33,20:54,21:09,21:14
AA_E_TT_SN_SS_S_1M_01_1,IR,0:58,3:06,3:17,3:30,3:33,6:06,6:12,6:36,6:42,9:07,9:12,9:57,10:02,12:04,12:08,12:39,12:39,15:06,15:18,15:41,15:47,18:05,18:10,18:26,18:29
AA_E_TT_SN_SS_S_1M_01_1,RGB,0:58,3:06,3:17,3:30,3:33,6:06,6:12,6:36,6:42,9:07,9:12,9:57,10:02,12:04,12:08,12:39,12:39,15:06,15:18,15:41,15:47,18:05,18:10,18:26,18:29
AA_E_TT_SN_SS_S_1M_01_1,Depth,0:58,3:06,3:17,3:30,3:33,6:06,6:12,6:36,6:42,9:07,9:12,9:57,10:02,12:04,12:08,12:39,12:39,15:06,15:18,15:41,15:47,18:05,18:10,18:26,18:29
AA_E_TT_SN_SS_S_1M_01_1,Thermal,0:48,2:56,3:07,3:20,3:23,5:56,6:02,6:26,6:32,8:57,9:02,9:47,9:52,11:54,11:58,12:29,12:29,14:56,15:08,15:31,15:37,17:55,18:00,18:16,18:19
AA_E_TT_SN_SS_S_1M_01_1,Lidar,0:35,2:43,2:54,3:07,3:10,5:43,5:49,6:13,6:19,8:44,8:49,9:34,9:39,11:41,11:45,12:16,12:16,14:43,14:55,15:18,15:24,17:42,17:47,18:03,18:06
AA_E_TT_SN_SS_S_1M_03_1,IR,1:50,4:02,4:07,4:39,4:41,7:01,7:04,7:39,7:42,10:05,10:10,10:42,10:47,13:00,13:07,13:38,13:44,16:02,16:14,16:44,16:49,19:01,19:22,19:28,19:32
AA_E_TT_SN_SS_S_1M_03_1,RGB,1:50,4:02,4:07,4:39,4:41,7:01,7:04,7:39,7:42,10:05,10:10,10:42,10:47,13:00,13:07,13:38,13:44,16:02,16:14,16:44,16:49,19:01,19:22,19:28,19:32
AA_E_TT_SN_SS_S_1M_03_1,Depth,1:50,4:02,4:07,4:39,4:41,7:01,7:04,7:39,7:42,10:05,10:10,10:42,10:47,13:00,13:07,13:38,13:44,16:02,16:14,16:44,16:49,19:01,19:22,19:28,19:32
AA_E_TT_SN_SS_S_1M_03_1,Thermal,1:49,4:01,4:06,4:38,4:40,7:00,7:03,7:38,7:41,10:04,10:09,10:41,10:46,12:59,13:06,13:37,13:43,16:01,16:13,16:43,16:48,19:00,19:21,19:27,19:31
AA_E_TT_SN_SS_S_1M_03_1,Lidar,1:38,3:50,3:55,4:27,4:29,6:49,6:52,7:27,7:30,9:53,9:58,10:30,10:35,12:48,12:55,13:26,13:32,15:50,16:02,16:32,16:37,18:49,19:10,19:16,19:20
AA_E_TT_SN_SS_S_1M_05_0,IR,1:17,4:09,4:17,4:45,4:52,7:17,7:29,7:59,8:05,10:08,10:13,10:54,10:59,13:09,13:15,13:47,13:52,16:09,16:13,16:49,16:55,19:05,19:20,19:47,19:50
AA_E_TT_SN_SS_S_1M_05_0,RGB,1:17,4:09,4:17,4:45,4:52,7:17,7:29,7:59,8:05,10:08,10:13,10:54,10:59,13:09,13:15,13:47,13:52,16:09,16:13,16:49,16:55,19:05,19:20,19:47,19:50
AA_E_TT_SN_SS_S_1M_05_0,Depth,1:17,4:09,4:17,4:45,4:52,7:17,7:29,7:59,8:05,10:08,10:13,10:54,10:59,13:09,13:15,13:47,13:52,16:09,16:13,16:49,16:55,19:05,19:20,19:47,19:50
AA_E_TT_SN_SS_S_1M_05_0,Thermal,1:15,4:07,4:15,4:43,4:50,7:15,7:27,7:57,8:03,10:06,10:11,10:52,10:57,13:07,13:13,13:45,13:50,16:07,16:11,16:47,16:53,19:03,19:18,19:45,19:48
AA_E_TT_SN_SS_S_1M_05_0,Lidar,1:06,3:58,4:06,4:34,4:41,7:06,7:18,7:48,7:54,9:57,10:02,10:43,10:48,12:58,13:04,13:36,13:41,15:58,16:02,16:38,16:44,18:54,19:09,19:36,19:39
AA_E_TT_SN_SS_S_50CM_01_0,IR,0:55,3:03,3:14,3:27,3:30,6:03,6:09,6:33,6:39,9:04,9:09,9:54,9:59,12:01,12:05,12:36,12:36,15:03,15:15,15:38,15:44,18:02,18:07,18:23,18:26
AA_E_TT_SN_SS_S_50CM_01_0,RGB,0:55,3:03,3:14,3:27,3:30,6:03,6:09,6:33,6:39,9:04,9:09,9:54,9:59,12:01,12:05,12:36,12:36,15:03,15:15,15:38,15:44,18:02,18:07,18:23,18:26
AA_E_TT_SN_SS_S_50CM_01_0,Depth,0:55,3:03,3:14,3:27,3:30,6:03,6:09,6:33,6:39,9:04,9:09,9:54,9:59,12:01,12:05,12:36,12:36,15:03,15:15,15:38,15:44,18:02,18:07,18:23,18:26
AA_E_TT_SN_SS_S_50CM_01_0,Thermal,0:53,3:01,3:12,3:25,3:28,6:01,6:07,6:31,6:37,9:02,9:07,9:52,9:57,11:59,12:03,12:34,12:34,15:01,15:13,15:36,15:42,18:00,18:05,18:21,18:24
AA_E_TT_SN_SS_S_50CM_01_0,Lidar,0:42,2:50,3:01,3:14,3:17,5:50,5:56,6:20,6:26,8:51,8:56,9:41,9:46,11:48,11:52,12:23,12:23,14:50,15:02,15:25,15:31,17:49,17:54,18:10,18:13
AA_E_TT_SN_SS_S_50CM_03_1,IR,1:49,4:01,4:06,4:38,4:40,7:00,7:03,7:38,7:41,10:04,10:09,10:41,10:46,12:59,13:06,13:37,13:43,16:01,16:13,16:43,16:48,19:00,19:21,19:27,19:31
AA_E_TT_SN_SS_S_50CM_03_1,RGB,1:49,4:01,4:06,4:38,4:40,7:00,7:03,7:38,7:41,10:04,10:09,10:41,10:46,12:59,13:06,13:37,13:43,16:01,16:13,16:43,16:48,19:00,19:21,19:27,19:31
AA_E_TT_SN_SS_S_50CM_03_1,Depth,1:49,4:01,4:06,4:38,4:40,7:00,7:03,7:38,7:41,10:04,10:09,10:41,10:46,12:59,13:06,13:37,13:43,16:01,16:13,16:43,16:48,19:00,19:21,19:27,19:31
AA_E_TT_SN_SS_S_50CM_03_1,Thermal,1:47,3:59,4:04,4:36,4:38,6:58,7:01,7:36,7:39,10:02,10:07,10:39,10:44,12:57,13:04,13:35,13:41,15:59,16:11,16:41,16:46,18:58,19:19,19:25,19:29
AA_E_TT_SN_SS_S_50CM_03_1,Lidar,1:36,3:48,3:53,4:25,4:27,6:47,6:50,7:25,7:28,9:51,9:56,10:28,10:33,12:46,12:53,13:24,13:30,15:48,16:00,16:30,16:35,18:47,19:08,19:14,19:18
AA_E_TT_SN_SS_S_50CM_05_0,IR,1:18,4:10,4:18,4:46,4:53,7:18,7:30,8:00,8:06,10:09,10:14,10:55,11:00,13:10,13:16,13:48,13:53,16:10,16:14,16:50,16:56,19:06,19:21,19:48,19:51
AA_E_TT_SN_SS_S_50CM_05_0,RGB,1:18,4:10,4:18,4:46,4:53,7:18,7:30,8:00,8:06,10:09,10:14,10:55,11:00,13:10,13:16,13:48,13:53,16:10,16:14,16:50,16:56,19:06,19:21,19:48,19:51
AA_E_TT_SN_SS_S_50CM_05_0,Depth,1:18,4:10,4:18,4:46,4:53,7:18,7:30,8:00,8:06,10:09,10:14,10:55,11:00,13:10,13:16,13:48,13:53,16:10,16:14,16:50,16:56,19:06,19:21,19:48,19:51
AA_E_TT_SN_SS_S_50CM_05_0,Thermal,1:16,4:08,4:16,4:44,4:51,7:16,7:28,7:58,8:04,10:07,10:12,10:53,10:58,13:08,13:14,13:46,13:51,16:08,16:12,16:48,16:54,19:04,19:19,19:46,19:49
AA_E_TT_SN_SS_S_50CM_05_0,Lidar,1:05,3:57,4:05,4:33,4:40,7:05,7:17,7:47,7:53,9:56,10:01,10:42,10:47,12:57,13:03,13:35,13:40,15:57,16:01,16:37,16:43,18:53,19:08,19:35,19:38
AA_E_TT_SN_SS_S_50CM_07_0,IR,0:56,3:07,3:26,3:44,3:48,6:09,6:16,6:45,6:51,9:05,9:10,9:48,9:53,12:44,12:55,13:30,13:33,16:04,16:08,16:43,16:48,19:08,19:25,19:42,19:47
AA_E_TT_SN_SS_S_50CM_07_0,RGB,0:56,3:07,3:26,3:44,3:48,6:09,6:16,6:45,6:51,9:05,9:10,9:48,9:53,12:44,12:55,13:30,13:33,16:04,16:08,16:43,16:48,19:08,19:25,19:42,19:47
AA_E_TT_SN_SS_S_50CM_07_0,Depth,0:56,3:07,3:26,3:44,3:48,6:09,6:16,6:45,6:51,9:05,9:10,9:48,9:53,12:44,12:55,13:30,13:33,16:04,16:08,16:43,16:48,19:08,19:25,19:42,19:47
AA_E_TT_SN_SS_S_50CM_07_0,Thermal,0:52,3:03,3:22,3:40,3:44,6:05,6:12,6:41,6:47,9:01,9:06,9:44,9:49,12:40,12:51,13:26,13:29,16:00,16:04,16:39,16:44,19:04,19:21,19:38,19:43
AA_E_TT_SN_SS_S_50CM_07_0,Lidar,0:38,2:49,3:08,3:26,3:30,5:51,5:58,6:27,6:33,8:47,8:52,9:30,9:35,12:26,12:37,13:12,13:15,15:46,15:50,16:25,16:30,18:50,19:07,19:24,19:29
AA_E_TT_SW_DY_6M_1M_01_1,IR,0:48,2:54,3:02,3:15,3:20,5:50,5:57,6:31,6:37,8:45,8:51,9:37,9:42,11:55,12:01,12:21,12:21,14:51,15:05,15:36,15:45,17:55,18:05,18:15,18:17
AA_E_TT_SW_DY_6M_1M_01_1,RGB,0:48,2:54,3:02,3:15,3:20,5:50,5:57,6:31,6:37,8:45,8:51,9:37,9:42,11:55,12:01,12:21,12:21,14:51,15:05,15:36,15:45,17:55,18:05,18:15,18:17
AA_E_TT_SW_DY_6M_1M_01_1,Depth,0:48,2:54,3:02,3:15,3:20,5:50,5:57,6:31,6:37,8:45,8:51,9:37,9:42,11:55,12:01,12:21,12:21,14:51,15:05,15:36,15:45,17:55,18:05,18:15,18:17
AA_E_TT_SW_DY_6M_1M_01_1,Thermal,0:45,2:51,2:59,3:12,3:17,5:47,5:54,6:28,6:34,8:42,8:48,9:34,9:39,11:52,11:58,12:18,12:18,14:48,15:02,15:33,15:42,17:52,18:02,18:12,18:14
AA_E_TT_SW_DY_6M_1M_01_1,Lidar,0:29,2:35,2:43,2:56,3:01,5:31,5:38,6:12,6:18,8:26,8:32,9:18,9:23,11:36,11:42,12:02,12:02,14:32,14:46,15:17,15:26,17:36,17:46,17:56,17:58
AA_E_TT_SW_DY_6M_1M_03_1,IR,0:45,2:57,3:02,3:16,3:28,5:57,6:00,6:35,6:39,8:54,8:59,9:34,9:39,11:55,12:02,12:31,12:33,14:54,14:59,15:29,15:35,17:56,18:07,18:23,18:26
AA_E_TT_SW_DY_6M_1M_03_1,RGB,0:45,2:57,3:02,3:16,3:28,5:57,6:00,6:35,6:39,8:54,8:59,9:34,9:39,11:55,12:02,12:31,12:33,14:54,14:59,15:29,15:35,17:56,18:07,18:23,18:26
AA_E_TT_SW_DY_6M_1M_03_1,Depth,0:45,2:57,3:02,3:16,3:28,5:57,6:00,6:35,6:39,8:54,8:59,9:34,9:39,11:55,12:02,12:31,12:33,14:54,14:59,15:29,15:35,17:56,18:07,18:23,18:26
AA_E_TT_SW_DY_6M_1M_03_1,Thermal,0:42,2:54,2:59,3:13,3:25,5:54,5:57,6:32,6:36,8:51,8:56,9:31,9:36,11:52,11:59,12:28,12:30,14:51,14:56,15:26,15:32,17:53,18:04,18:20,18:23
AA_E_TT_SW_DY_6M_1M_03_1,Lidar,0:35,2:47,2:52,3:06,3:18,5:47,5:50,6:25,6:29,8:44,8:49,9:24,9:29,11:45,11:52,12:21,12:23,14:44,14:49,15:19,15:25,17:46,17:57,18:13,18:16
AA_E_TT_SW_DY_6M_1M_05_0,IR,0:58,3:15,3:24,3:49,3:53,6:26,6:34,7:06,7:10,9:18,9:23,9:54,9:59,12:15,12:24,13:01,13:01,15:14,15:22,15:58,16:01,18:28,18:42,18:58,19:01
AA_E_TT_SW_DY_6M_1M_05_0,RGB,0:58,3:15,3:24,3:49,3:53,6:26,6:34,7:06,7:10,9:18,9:23,9:54,9:59,12:15,12:24,13:01,13:01,15:14,15:22,15:58,16:01,18:28,18:42,18:58,19:01
AA_E_TT_SW_DY_6M_1M_05_0,Depth,0:58,3:15,3:24,3:49,3:53,6:26,6:34,7:06,7:10,9:18,9:23,9:54,9:59,12:15,12:24,13:01,13:01,15:14,15:22,15:58,16:01,18:28,18:42,18:58,19:01
AA_E_TT_SW_DY_6M_1M_05_0,Thermal,0:56,3:13,3:22,3:47,3:51,6:24,6:32,7:04,7:08,9:16,9:21,9:52,9:57,12:13,12:22,12:59,12:59,15:12,15:20,15:56,15:59,18:26,18:40,18:56,18:59
AA_E_TT_SW_DY_6M_1M_05_0,Lidar,0:40,2:57,3:06,3:31,3:35,6:08,6:16,6:48,6:52,9:00,9:05,9:36,9:41,11:57,12:06,12:43,12:43,14:56,15:04,15:40,15:43,18:10,18:24,18:40,18:43
AA_E_TT_SW_DY_6M_1M_07_0,IR,1:05,3:59,4:10,4:28,4:36,6:59,7:07,7:39,7:47,9:57,10:02,10:39,10:44,12:52,12:57,13:16,13:18,14:43,14:44,14:59,15:02,16:39,16:46,17:04,17:06
AA_E_TT_SW_DY_6M_1M_07_0,RGB,1:05,3:59,4:10,4:28,4:36,6:59,7:07,7:39,7:47,9:57,10:02,10:39,10:44,12:52,12:57,13:16,13:18,14:43,14:44,14:59,15:02,16:39,16:46,17:04,17:06
AA_E_TT_SW_DY_6M_1M_07_0,Depth,1:05,3:59,4:10,4:28,4:36,6:59,7:07,7:39,7:47,9:57,10:02,10:39,10:44,12:52,12:57,13:16,13:18,14:43,14:44,14:59,15:02,16:39,16:46,17:04,17:06
AA_E_TT_SW_DY_6M_1M_07_0,Thermal,1:02,3:57,4:09,4:28,4:35,7:01,7:07,7:38,7:45,9:58,10:03,10:38,10:43,13:01,13:07,13:39,13:42,15:57,15:58,16:20,16:25,18:57,19:04,19:32,19:34
AA_E_TT_SW_DY_6M_1M_07_0,Lidar,0:51,3:46,3:58,4:17,4:24,6:50,6:56,7:27,7:34,9:47,9:52,10:27,10:32,12:50,12:56,13:28,13:31,15:46,15:47,16:09,16:14,18:46,18:53,19:21,19:23
AA_E_TT_SW_DY_6M_50CM_01_0,IR,0:34,2:40,2:48,3:01,3:06,5:36,5:43,6:17,6:23,8:31,8:37,9:23,9:28,11:41,11:47,12:07,12:07,14:37,14:51,15:22,15:31,17:41,17:51,18:01,18:03
AA_E_TT_SW_DY_6M_50CM_01_0,RGB,0:34,2:40,2:48,3:01,3:06,5:36,5:43,6:17,6:23,8:31,8:37,9:23,9:28,11:41,11:47,12:07,12:07,14:37,14:51,15:22,15:31,17:41,17:51,18:01,18:03
AA_E_TT_SW_DY_6M_50CM_01_0,Depth,0:34,2:40,2:48,3:01,3:06,5:36,5:43,6:17,6:23,8:31,8:37,9:23,9:28,11:41,11:47,12:07,12:07,14:37,14:51,15:22,15:31,17:41,17:51,18:01,18:03
AA_E_TT_SW_DY_6M_50CM_01_0,Thermal,0:26,2:32,2:40,2:53,2:58,5:28,5:35,6:09,6:15,8:23,8:29,9:15,9:20,11:33,11:39,11:59,11:59,14:29,14:43,15:14,15:23,17:33,17:43,17:53,17:55
AA_E_TT_SW_DY_6M_50CM_01_0,Lidar,0:06,2:12,2:20,2:33,2:38,5:08,5:15,5:49,5:55,8:03,8:09,8:55,9:00,11:13,11:19,11:39,11:39,14:09,14:23,14:54,15:03,17:13,17:23,17:33,17:35
AA_E_TT_SW_DY_6M_50CM_03_0,IR,0:43,2:55,3:00,3:14,3:26,5:55,5:58,6:33,6:37,8:52,8:57,9:32,9:37,11:53,12:00,12:29,12:31,14:52,14:57,15:27,15:33,17:54,18:05,18:21,18:24
AA_E_TT_SW_DY_6M_50CM_03_0,RGB,0:43,2:55,3:00,3:14,3:26,5:55,5:58,6:33,6:37,8:52,8:57,9:32,9:37,11:53,12:00,12:29,12:31,14:52,14:57,15:27,15:33,17:54,18:05,18:21,18:24
AA_E_TT_SW_DY_6M_50CM_03_0,Depth,0:43,2:55,3:00,3:14,3:26,5:55,5:58,6:33,6:37,8:52,8:57,9:32,9:37,11:53,12:00,12:29,12:31,14:52,14:57,15:27,15:33,17:54,18:05,18:21,18:24
AA_E_TT_SW_DY_6M_50CM_03_0,Thermal,0:37,2:49,2:54,3:08,3:20,5:49,5:52,6:27,6:31,8:46,8:51,9:26,9:31,11:47,11:54,12:23,12:25,14:46,14:51,15:21,15:27,17:48,17:59,18:15,18:18
AA_E_TT_SW_DY_6M_50CM_03_0,Lidar,0:25,2:37,2:42,2:56,3:08,5:37,5:40,6:15,6:19,8:34,8:39,9:14,9:19,11:35,11:42,12:11,12:13,14:34,14:39,15:09,15:15,17:36,17:47,18:03,18:06
AA_E_TT_SW_DY_6M_50CM_05_0,IR,0:48,3:05,3:14,3:39,3:43,6:16,6:24,6:56,7:00,9:08,9:13,9:44,9:49,12:05,12:14,12:51,12:51,15:04,15:12,15:48,15:51,18:18,18:32,18:48,18:51
AA_E_TT_SW_DY_6M_50CM_05_0,RGB,0:48,3:05,3:14,3:39,3:43,6:16,6:24,6:56,7:00,9:08,9:13,9:44,9:49,12:05,12:14,12:51,12:51,15:04,15:12,15:48,15:51,18:18,18:32,18:48,18:51
AA_E_TT_SW_DY_6M_50CM_05_0,Depth,0:48,3:05,3:14,3:39,3:43,6:16,6:24,6:56,7:00,9:08,9:13,9:44,9:49,12:05,12:14,12:51,12:51,15:04,15:12,15:48,15:51,18:18,18:32,18:48,18:51
AA_E_TT_SW_DY_6M_50CM_05_0,Thermal,0:45,3:02,3:11,3:36,3:40,6:13,6:21,6:53,6:57,9:05,9:10,9:41,9:46,12:02,12:11,12:48,12:48,15:01,15:09,15:45,15:48,18:15,18:29,18:45,18:48
AA_E_TT_SW_DY_6M_50CM_05_0,Lidar,0:29,2:46,2:55,3:20,3:24,5:57,6:05,6:37,6:41,8:49,8:54,9:25,9:30,11:46,11:55,12:32,12:32,14:45,14:53,15:29,15:32,17:59,18:13,18:29,18:32
AA_E_TT_SW_DY_6M_50CM_07_0,IR,0:55,3:50,4:02,4:21,4:28,6:54,7:00,7:31,7:38,9:51,9:56,10:31,10:36,12:54,13:00,13:32,13:35,15:50,15:51,16:13,16:18,18:50,18:57,19:25,19:27
AA_E_TT_SW_DY_6M_50CM_07_0,RGB,0:55,3:50,4:02,4:21,4:28,6:54,7:00,7:31,7:38,9:51,9:56,10:31,10:36,12:54,13:00,13:32,13:35,15:50,15:51,16:13,16:18,18:50,18:57,19:25,19:27
AA_E_TT_SW_DY_6M_50CM_07_0,Depth,0:55,3:50,4:02,4:21,4:28,6:54,7:00,7:31,7:38,9:51,9:56,10:31,10:36,12:54,13:00,13:32,13:35,15:50,15:51,16:13,16:18,18:50,18:57,19:25,19:27
AA_E_TT_SW_DY_6M_50CM_07_0,Thermal,0:52,3:47,3:59,4:18,4:25,6:51,6:57,7:28,7:35,9:48,9:53,10:28,10:33,12:51,12:57,13:29,13:32,15:47,15:48,16:10,16:15,18:47,18:54,19:22,19:24
AA_E_TT_SW_DY_6M_50CM_07_0,Lidar,0:40,3:35,3:47,4:06,4:13,6:39,6:45,7:16,7:23,9:36,9:41,10:16,10:21,12:39,12:45,13:17,13:20,15:35,15:36,15:58,16:03,18:35,18:42,19:10,19:12
AA_E_TT_SW_DY_8M_1M_01_1,IR,1:02,3:13,3:26,3:32,3:35,6:12,6:28,6:51,7:00,9:15,9:20,9:46,9:51,12:10,12:17,12:24,12:24,15:14,15:24,15:45,15:50,18:13,18:23,18:28,18:30
AA_E_TT_SW_DY_8M_1M_01_1,RGB,1:02,3:13,3:26,3:32,3:35,6:12,6:28,6:51,7:00,9:15,9:20,9:46,9:51,12:10,12:17,12:24,12:24,15:14,15:24,15:45,15:50,18:13,18:23,18:28,18:30
AA_E_TT_SW_DY_8M_1M_01_1,Depth,1:02,3:13,3:26,3:32,3:35,6:12,6:28,6:51,7:00,9:15,9:20,9:46,9:51,12:10,12:17,12:24,12:24,15:14,15:24,15:45,15:50,18:13,18:23,18:28,18:30
AA_E_TT_SW_DY_8M_1M_01_1,Thermal,1:02,3:13,3:26,3:32,3:35,6:12,6:28,6:51,7:00,9:15,9:20,9:46,9:51,12:10,12:17,12:24,12:24,15:14,15:24,15:45,15:50,18:13,18:23,18:28,18:30
AA_E_TT_SW_DY_8M_1M_01_1,Lidar,0:51,3:02,3:15,3:21,3:24,6:01,6:17,6:40,6:49,9:04,9:09,9:35,9:40,11:59,12:06,12:13,12:13,15:03,15:13,15:34,15:39,18:02,18:12,18:17,18:19
AA_E_TT_SW_DY_8M_1M_03_1,IR,0:59,3:09,3:17,3:32,3:36,6:09,6:17,6:48,6:53,9:07,9:12,9:46,9:51,12:08,12:21,12:42,12:42,15:08,15:18,15:40,15:47,18:06,18:23,18:39,18:46
AA_E_TT_SW_DY_8M_1M_03_1,RGB,0:59,3:09,3:17,3:32,3:36,6:09,6:17,6:48,6:53,9:07,9:12,9:46,9:51,12:08,12:21,12:42,12:42,15:08,15:18,15:40,15:47,18:06,18:23,18:39,18:46
AA_E_TT_SW_DY_8M_1M_03_1,Depth,0:59,3:09,3:17,3:32,3:36,6:09,6:17,6:48,6:53,9:07,9:12,9:46,9:51,12:08,12:21,12:42,12:42,15:08,15:18,15:40,15:47,18:06,18:23,18:39,18:46
AA_E_TT_SW_DY_8M_1M_03_1,Thermal,0:52,3:02,3:10,3:25,3:29,6:02,6:10,6:41,6:46,9:00,9:05,9:39,9:44,12:01,12:14,12:35,12:35,15:01,15:11,15:33,15:40,17:59,18:16,18:32,18:39
AA_E_TT_SW_DY_8M_1M_03_1,Lidar,0:38,2:48,2:56,3:11,3:15,5:48,5:56,6:27,6:32,8:46,8:51,9:25,9:30,11:47,12:00,12:21,12:21,14:47,14:57,15:19,15:26,17:45,18:02,18:18,18:25
AA_E_TT_SW_DY_8M_1M_05_0,IR,0:44,3:05,3:16,3:39,3:46,6:04,6:11,6:43,6:51,9:19,9:24,10:05,10:10,17:53,18:01,18:40,18:43,21:39,21:45,22:25,22:32,25:30:00,25:45:00,25:56:00,26:03:00
AA_E_TT_SW_DY_8M_1M_05_0,RGB,0:44,3:05,3:16,3:39,3:46,6:04,6:11,6:43,6:51,9:19,9:24,10:05,10:10,17:53,18:01,18:40,18:43,21:39,21:45,22:25,22:32,25:30:00,25:45:00,25:56:00,26:03:00
AA_E_TT_SW_DY_8M_1M_05_0,Depth,0:44,3:05,3:16,3:39,3:46,6:04,6:11,6:43,6:51,9:19,9:24,10:05,10:10,17:53,18:01,18:40,18:43,21:39,21:45,22:25,22:32,25:30:00,25:45:00,25:56:00,26:03:00
AA_E_TT_SW_DY_8M_1M_05_0,Thermal,0:41,3:02,3:13,3:36,3:43,6:01,6:08,6:40,6:48,9:16,9:21,10:02,10:07,17:50,17:58,18:37,18:40,21:36,21:42,22:22,22:29,25:27:00,25:42:00,25:53:00,26:00:00
AA_E_TT_SW_DY_8M_1M_05_0,Lidar,0:30,2:51,3:02,3:25,3:32,5:50,5:57,6:29,6:37,9:05,9:10,9:51,9:56,17:39,17:47,18:26,18:29,21:25,21:31,22:11,22:18,25:16:00,25:31:00,25:42:00,25:49:00
AA_E_TT_SW_DY_8M_1M_07_0,IR,0:38,3:01,3:10,3:35,3:43,6:03,6:10,6:41,6:44,9:02,9:07,9:42,9:47,12:01,12:14,12:33,12:37,15:02,15:08,15:34,15:39,18:00,18:20,18:32,18:42
AA_E_TT_SW_DY_8M_1M_07_0,RGB,0:38,3:01,3:10,3:35,3:43,6:03,6:10,6:41,6:44,9:02,9:07,9:42,9:47,12:01,12:14,12:33,12:37,15:02,15:08,15:34,15:39,18:00,18:20,18:32,18:42
AA_E_TT_SW_DY_8M_1M_07_0,Depth,0:38,3:01,3:10,3:35,3:43,6:03,6:10,6:41,6:44,9:02,9:07,9:42,9:47,12:01,12:14,12:33,12:37,15:02,15:08,15:34,15:39,18:00,18:20,18:32,18:42
AA_E_TT_SW_DY_8M_1M_07_0,Thermal,0:33,2:56,3:05,3:30,3:38,5:58,6:05,6:36,6:39,8:57,9:02,9:37,9:42,11:56,12:09,12:28,12:32,14:57,15:03,15:29,15:34,17:55,18:15,18:27,18:37
AA_E_TT_SW_DY_8M_1M_07_0,Lidar,0:18,2:41,2:50,3:15,3:23,5:43,5:50,6:21,6:24,8:42,8:47,9:22,9:27,11:41,11:54,12:13,12:17,14:42,14:48,15:14,15:19,17:40,18:00,18:12,18:22
AA_E_TT_SW_DY_8M_1M_09_1,IR,1:50,4:02,4:14,4:28,4:36,7:01,7:10,7:36,7:42,10:01,10:06,10:42,10:47,13:00,13:14,13:32,13:39,16:02,16:14,16:34,16:39,19:03,19:13,19:35,19:41
AA_E_TT_SW_DY_8M_1M_09_1,RGB,1:50,4:02,4:14,4:28,4:36,7:01,7:10,7:36,7:42,10:01,10:06,10:42,10:47,13:00,13:14,13:32,13:39,16:02,16:14,16:34,16:39,19:03,19:13,19:35,19:41
AA_E_TT_SW_DY_8M_1M_09_1,Depth,1:50,4:02,4:14,4:28,4:36,7:01,7:10,7:36,7:42,10:01,10:06,10:42,10:47,13:00,13:14,13:32,13:39,16:02,16:14,16:34,16:39,19:03,19:13,19:35,19:41
AA_E_TT_SW_DY_8M_1M_09_1,Thermal,1:49,4:01,4:13,4:27,4:35,7:00,7:09,7:35,7:41,10:00,10:05,10:41,10:46,12:59,13:13,13:31,13:38,16:01,16:13,16:33,16:38,19:02,19:12,19:34,19:40
AA_E_TT_SW_DY_8M_1M_09_1,Lidar,1:34,3:46,3:58,4:12,4:20,6:45,6:54,7:20,7:26,9:45,9:50,10:26,10:31,12:44,12:58,13:16,13:23,15:46,15:58,16:18,16:23,18:47,18:57,19:19,19:25
AA_E_TT_SW_DY_8M_50CM_01_0,IR,0:38,2:49,3:02,3:08,3:11,5:48,6:04,6:27,6:36,8:51,8:56,9:22,9:27,11:46,11:53,12:00,12:00,14:50,15:00,15:21,15:26,17:49,17:59,18:04,18:06
AA_E_TT_SW_DY_8M_50CM_01_0,RGB,0:38,2:49,3:02,3:08,3:11,5:48,6:04,6:27,6:36,8:51,8:56,9:22,9:27,11:46,11:53,12:00,12:00,14:50,15:00,15:21,15:26,17:49,17:59,18:04,18:06
AA_E_TT_SW_DY_8M_50CM_01_0,Depth,0:28,2:39,2:52,2:58,3:01,5:38,5:54,6:17,6:26,8:41,8:46,9:12,9:17,11:36,11:43,11:50,11:50,14:40,14:50,15:11,15:16,17:39,17:49,17:54,17:56
AA_E_TT_SW_DY_8M_50CM_01_0,Thermal,0:13,2:24,2:37,2:43,2:46,5:23,5:39,6:02,6:11,8:26,8:31,8:57,9:02,11:21,11:28,11:35,11:35,14:25,14:35,14:56,15:01,17:24,17:34,17:39,17:41
AA_E_TT_SW_DY_8M_50CM_01_0,Lidar,0:12,2:23,2:36,2:42,2:45,5:22,5:38,6:01,6:10,8:25,8:30,8:56,9:01,11:20,11:27,11:34,11:34,14:24,14:34,14:55,15:00,17:23,17:33,17:38,17:40
AA_E_TT_SW_DY_8M_50CM_03_0,IR,0:55,3:05,3:13,3:28,3:32,6:05,6:13,6:44,6:49,9:03,9:08,9:42,9:47,12:04,12:17,12:38,12:38,15:04,15:14,15:36,15:43,18:02,18:19,18:35,18:42
AA_E_TT_SW_DY_8M_50CM_03_0,RGB,0:55,3:05,3:13,3:28,3:32,6:05,6:13,6:44,6:49,9:03,9:08,9:42,9:47,12:04,12:17,12:38,12:38,15:04,15:14,15:36,15:43,18:02,18:19,18:35,18:42
AA_E_TT_SW_DY_8M_50CM_03_0,Depth,0:55,3:05,3:13,3:28,3:32,6:05,6:13,6:44,6:49,9:03,9:08,9:42,9:47,12:04,12:17,12:38,12:38,15:04,15:14,15:36,15:43,18:02,18:19,18:35,18:42
AA_E_TT_SW_DY_8M_50CM_03_0,Thermal,0:46,2:56,3:04,3:19,3:23,5:56,6:04,6:35,6:40,8:54,8:59,9:33,9:38,11:55,12:08,12:29,12:29,14:55,15:05,15:27,15:34,17:53,18:10,18:26,18:33
AA_E_TT_SW_DY_8M_50CM_03_0,Lidar,0:25,2:35,2:43,2:58,3:02,5:35,5:43,6:14,6:19,8:33,8:38,9:12,9:17,11:34,11:47,12:08,12:08,14:34,14:44,15:06,15:13,17:32,17:49,18:05,18:12
AA_E_TT_SW_DY_8M_50CM_05_0,IR,0:45,3:06,3:17,3:40,3:47,6:05,6:12,6:44,6:52,9:20,9:25,10:06,10:11,17:54,18:02,18:41,18:44,21:40,21:46,22:26,22:33,25:31:00,25:46:00,25:57:00,26:04:00
AA_E_TT_SW_DY_8M_50CM_05_0,RGB,0:45,3:06,3:17,3:40,3:47,6:05,6:12,6:44,6:52,9:20,9:25,10:06,10:11,17:54,18:02,18:41,18:44,21:40,21:46,22:26,22:33,25:31:00,25:46:00,25:57:00,26:04:00
AA_E_TT_SW_DY_8M_50CM_05_0,Depth,0:45,3:06,3:17,3:40,3:47,6:05,6:12,6:44,6:52,9:20,9:25,10:06,10:11,17:54,18:02,18:41,18:44,21:40,21:46,22:26,22:33,25:31:00,25:46:00,25:57:00,26:04:00
AA_E_TT_SW_DY_8M_50CM_05_0,Thermal,0:43,3:04,3:15,3:38,3:45,6:03,6:10,6:42,6:50,9:18,9:23,10:04,10:09,17:52,18:00,18:39,18:42,21:38,21:44,22:24,22:31,25:29:00,25:44:00,25:55:00,26:02:00
AA_E_TT_SW_DY_8M_50CM_05_0,Lidar,0:34,2:55,3:06,3:29,3:36,5:54,6:01,6:33,6:41,9:09,9:14,9:55,10:00,17:43,17:51,18:30,18:33,21:29,21:35,22:15,22:22,25:20:00,25:35:00,25:46:00,25:53:00
AA_E_TT_SW_DY_8M_50CM_07_0,IR,0:49,3:12,3:21,3:46,3:54,6:14,6:21,6:52,6:55,9:13,9:18,9:53,9:58,12:12,12:25,12:44,12:48,15:13,15:19,15:45,15:50,18:11,18:31,18:43,18:53
AA_E_TT_SW_DY_8M_50CM_07_0,RGB,0:49,3:12,3:21,3:46,3:54,6:14,6:21,6:52,6:55,9:13,9:18,9:53,9:58,12:12,12:25,12:44,12:48,15:13,15:19,15:45,15:50,18:11,18:31,18:43,18:53
AA_E_TT_SW_DY_8M_50CM_07_0,Depth,0:49,3:12,3:21,3:46,3:54,6:14,6:21,6:52,6:55,9:13,9:18,9:53,9:58,12:12,12:25,12:44,12:48,15:13,15:19,15:45,15:50,18:11,18:31,18:43,18:53
AA_E_TT_SW_DY_8M_50CM_07_0,Thermal,0:39,3:02,3:11,3:36,3:44,6:04,6:11,6:42,6:45,9:03,9:08,9:43,9:48,12:02,12:15,12:34,12:38,15:03,15:09,15:35,15:40,18:01,18:21,18:33,18:43
AA_E_TT_SW_DY_8M_50CM_07_0,Lidar,0:20,2:43,2:52,3:17,3:25,5:45,5:52,6:23,6:26,8:44,8:49,9:24,9:29,11:43,11:56,12:15,12:19,14:44,14:50,15:16,15:21,17:42,18:02,18:14,18:24
AA_E_TT_SW_DY_8M_50CM_09_0,IR,1:56,4:08,4:20,4:34,4:42,7:07,7:16,7:42,7:48,10:07,10:12,10:48,10:53,13:06,13:20,13:38,13:45,16:08,16:20,16:40,16:45,19:09,19:19,19:41,19:47
AA_E_TT_SW_DY_8M_50CM_09_0,RGB,1:56,4:08,4:20,4:34,4:42,7:07,7:16,7:42,7:48,10:07,10:12,10:48,10:53,13:06,13:20,13:38,13:45,16:08,16:20,16:40,16:45,19:09,19:19,19:41,19:47
AA_E_TT_SW_DY_8M_50CM_09_0,Depth,1:56,4:08,4:20,4:34,4:42,7:07,7:16,7:42,7:48,10:07,10:12,10:48,10:53,13:06,13:20,13:38,13:45,16:08,16:20,16:40,16:45,19:09,19:19,19:41,19:47
AA_E_TT_SW_DY_8M_50CM_09_0,Thermal,1:43,3:55,4:07,4:21,4:29,6:54,7:03,7:29,7:35,9:54,9:59,10:35,10:40,12:53,13:07,13:25,13:32,15:55,16:07,16:27,16:32,18:56,19:06,19:28,19:34
AA_E_TT_SW_DY_8M_50CM_09_0,Lidar,1:16,3:28,3:40,3:54,4:02,6:27,6:36,7:02,7:08,9:27,9:32,10:08,10:13,12:26,12:40,12:58,13:05,15:28,15:40,16:00,16:05,18:29,18:39,19:01,19:07
AA_E_TT_SW_DY_S_1M_01_1,IR,0:41,2:52,2:55,3:09,3:14,5:52,6:04,6:26,6:29,8:51,8:56,9:25,9:30,11:49,11:57,12:12,12:12,14:46,14:58,15:23,15:28,17:49,18:11,18:13,18:15
AA_E_TT_SW_DY_S_1M_01_1,RGB,0:41,2:52,2:55,3:09,3:14,5:52,6:04,6:26,6:29,8:51,8:56,9:25,9:30,11:49,11:57,12:12,12:12,14:46,14:58,15:23,15:28,17:49,18:11,18:13,18:15
AA_E_TT_SW_DY_S_1M_01_1,Depth,0:41,2:52,2:55,3:09,3:14,5:52,6:04,6:26,6:29,8:51,8:56,9:25,9:30,11:49,11:57,12:12,12:12,14:46,14:58,15:23,15:28,17:49,18:11,18:13,18:15
AA_E_TT_SW_DY_S_1M_01_1,Thermal,0:33,2:44,2:47,3:01,3:06,5:44,5:56,6:18,6:21,8:43,8:48,9:17,9:22,11:41,11:49,12:04,12:04,14:38,14:50,15:15,15:20,17:41,18:03,18:05,18:07
AA_E_TT_SW_DY_S_1M_01_1,Lidar,0:19,2:30,2:33,2:47,2:52,5:30,5:42,6:04,6:07,8:29,8:34,9:03,9:08,11:27,11:35,11:50,11:50,14:24,14:36,15:01,15:06,17:27,17:49,17:51,17:53
AA_E_TT_SW_DY_S_1M_03_1,IR,1:36,3:42,3:49,4:10,4:14,6:46,6:53,7:18,7:22,9:42,9:47,10:19,10:24,12:40,12:50,13:14,13:14,15:43,15:49,16:13,16:19,18:41,18:52,19:05,19:16
AA_E_TT_SW_DY_S_1M_03_1,RGB,1:36,3:42,3:49,4:10,4:14,6:46,6:53,7:18,7:22,9:42,9:47,10:19,10:24,12:40,12:50,13:14,13:14,15:43,15:49,16:13,16:19,18:41,18:52,19:05,19:16
AA_E_TT_SW_DY_S_1M_03_1,Depth,1:36,3:42,3:49,4:10,4:14,6:46,6:53,7:18,7:22,9:42,9:47,10:19,10:24,12:40,12:50,13:14,13:14,15:43,15:49,16:13,16:19,18:41,18:52,19:05,19:16
AA_E_TT_SW_DY_S_1M_03_1,Thermal,1:40,3:46,3:53,4:14,4:18,6:50,6:57,7:22,7:26,9:46,9:51,10:23,10:28,12:44,12:54,13:18,13:18,15:47,15:53,16:17,16:23,18:45,19:00,19:09,19:20
AA_E_TT_SW_DY_S_1M_03_1,Lidar,1:25,3:31,3:38,3:59,4:03,6:35,6:42,7:07,7:11,9:31,9:36,10:08,10:13,12:29,12:39,13:03,13:03,15:32,15:38,16:02,16:08,18:30,18:45,18:54,19:05
AA_E_TT_SW_DY_S_1M_05_0,IR,0:45,3:17,3:28,3:54,3:59,6:16,6:20,6:52,6:58,9:16,9:21,10:01,10:06,18:27,18:34,19:06,19:11,21:26,21:29,22:05,22:10,24:28:00,24:34:00,24:59:00,25:05:00
AA_E_TT_SW_DY_S_1M_05_0,RGB,0:45,3:17,3:28,3:54,3:59,6:16,6:20,6:52,6:58,9:16,9:21,10:01,10:06,18:27,18:34,19:06,19:11,21:26,21:29,22:05,22:10,24:28:00,24:34:00,24:59:00,25:05:00
AA_E_TT_SW_DY_S_1M_05_0,Depth,0:45,3:17,3:28,3:54,3:59,6:16,6:20,6:52,6:58,9:16,9:21,10:01,10:06,18:27,18:34,19:06,19:11,21:26,21:29,22:05,22:10,24:28:00,24:34:00,24:59:00,25:05:00
AA_E_TT_SW_DY_S_1M_05_0,Thermal,0:43,3:15,3:26,3:52,3:57,6:14,6:18,6:50,6:56,9:14,9:19,9:59,10:04,18:25,18:32,19:04,19:09,21:24,21:27,22:03,22:08,24:26:00,24:32:00,24:57:00,25:03:00
AA_E_TT_SW_DY_S_1M_05_0,Lidar,0:34,3:06,3:17,3:43,3:48,6:05,6:09,6:41,6:47,9:05,9:10,9:50,9:55,18:16,18:23,18:55,19:00,21:15,21:18,21:54,21:59,24:17:00,24:23:00,24:48:00,24:54:00
AA_E_TT_SW_DY_S_1M_07_0,IR,1:12,3:54,4:06,4:30,4:35,6:56,7:03,7:25,7:32,9:49,9:54,10:32,10:37,12:50,12:59,13:12,13:12,15:51,15:57,16:24,16:30,18:50,19:11,19:19,19:27
AA_E_TT_SW_DY_S_1M_07_0,RGB,1:12,3:54,4:06,4:30,4:35,6:56,7:03,7:25,7:32,9:49,9:54,10:32,10:37,12:50,12:59,13:12,13:12,15:51,15:57,16:24,16:30,18:50,19:11,19:19,19:27
AA_E_TT_SW_DY_S_1M_07_0,Depth,1:12,3:54,4:06,4:30,4:35,6:56,7:03,7:25,7:32,9:49,9:54,10:32,10:37,12:50,12:59,13:12,13:12,15:51,15:57,16:24,16:30,18:50,19:11,19:19,19:27
AA_E_TT_SW_DY_S_1M_07_0,Thermal,1:07,3:49,4:01,4:25,4:30,6:51,6:58,7:20,7:27,9:44,9:49,10:27,10:32,12:45,12:54,13:07,13:07,15:46,15:52,16:19,16:25,18:45,19:06,19:14,19:22
AA_E_TT_SW_DY_S_1M_07_0,Lidar,0:57,3:39,3:51,4:15,4:20,6:41,6:48,7:10,7:17,9:34,9:39,10:17,10:22,12:35,12:44,12:57,12:57,15:36,15:42,16:09,16:15,18:35,18:56,19:04,19:12
AA_E_TT_SW_DY_S_50CM_01_0,IR,0:52,2:57,3:08,3:23,3:28,5:56,6:11,6:27,6:32,8:53,8:58,9:24,9:29,11:55,12:04,12:20,12:20,14:51,15:01,15:31,15:40,17:53,18:03,18:26,18:29
AA_E_TT_SW_DY_S_50CM_01_0,RGB,0:52,2:57,3:08,3:23,3:28,5:56,6:11,6:27,6:32,8:53,8:58,9:24,9:29,11:55,12:04,12:20,12:20,14:51,15:01,15:31,15:40,17:53,18:03,18:26,18:29
AA_E_TT_SW_DY_S_50CM_01_0,Depth,0:52,2:57,3:08,3:23,3:28,5:56,6:11,6:27,6:32,8:53,8:58,9:24,9:29,11:55,12:04,12:20,12:20,14:51,15:01,15:31,15:40,17:53,18:03,18:26,18:29
AA_E_TT_SW_DY_S_50CM_01_0,Thermal,0:50,2:55,3:06,3:21,3:26,5:54,6:09,6:25,6:30,8:51,8:56,9:22,9:27,11:53,12:02,12:18,12:18,14:49,14:59,15:29,15:38,17:51,18:01,18:24,18:27
AA_E_TT_SW_DY_S_50CM_01_0,Lidar,0:41,2:46,2:57,3:12,3:17,5:45,6:00,6:16,6:21,8:42,8:47,9:13,9:18,11:44,11:53,12:09,12:09,14:40,14:50,15:20,15:29,17:42,17:52,18:15,18:18
AA_E_TT_SW_DY_S_50CM_03_0,IR,1:26,3:32,3:39,4:00,4:04,6:36,6:43,7:08,7:12,9:32,9:37,10:09,10:14,12:30,12:40,13:04,13:04,15:33,15:39,16:03,16:09,18:31,18:46,18:55,19:06
AA_E_TT_SW_DY_S_50CM_03_0,RGB,1:26,3:32,3:39,4:00,4:04,6:36,6:43,7:08,7:12,9:32,9:37,10:09,10:14,12:30,12:40,13:04,13:04,15:33,15:39,16:03,16:09,18:31,18:46,18:55,19:06
AA_E_TT_SW_DY_S_50CM_03_0,Depth,1:26,3:32,3:39,4:00,4:04,6:36,6:43,7:08,7:12,9:32,9:37,10:09,10:14,12:30,12:40,13:04,13:04,15:33,15:39,16:03,16:09,18:31,18:46,18:55,19:06
AA_E_TT_SW_DY_S_50CM_03_0,Thermal,1:31,3:37,3:44,4:05,4:09,6:41,6:48,7:13,7:17,9:37,9:42,10:14,10:19,12:35,12:45,13:09,13:09,15:38,15:44,16:08,16:14,18:36,18:51,19:00,19:11
AA_E_TT_SW_DY_S_50CM_03_0,Lidar,1:20,3:26,3:33,3:54,3:58,6:30,6:37,7:02,7:06,9:26,9:31,10:03,10:08,12:24,12:34,12:58,12:58,15:27,15:33,15:57,16:03,18:25,18:40,18:49,19:00
AA_E_TT_SW_DY_S_50CM_05_0,IR,0:41,3:13,3:24,3:50,3:55,6:12,6:16,6:48,6:54,9:12,9:17,9:57,10:02,18:23,18:30,19:02,19:07,21:22,21:25,22:01,22:06,24:24:00,24:30:00,24:55:00,25:01:00
AA_E_TT_SW_DY_S_50CM_05_0,RGB,0:41,3:13,3:24,3:50,3:55,6:12,6:16,6:48,6:54,9:12,9:17,9:57,10:02,18:23,18:30,19:02,19:07,21:22,21:25,22:01,22:06,24:24:00,24:30:00,24:55:00,25:01:00
AA_E_TT_SW_DY_S_50CM_05_0,Depth,0:41,3:13,3:24,3:50,3:55,6:12,6:16,6:48,6:54,9:12,9:17,9:57,10:02,18:23,18:30,19:02,19:07,21:22,21:25,22:01,22:06,24:24:00,24:30:00,24:55:00,25:01:00
AA_E_TT_SW_DY_S_50CM_05_0,Thermal,0:38,3:10,3:21,3:47,3:52,6:09,6:13,6:45,6:51,9:09,9:14,9:54,9:59,18:20,18:27,18:59,19:04,21:19,21:22,21:58,22:03,24:21:00,24:27:00,24:52:00,24:58:00
AA_E_TT_SW_DY_S_50CM_05_0,Lidar,0:28,3:00,3:11,3:37,3:42,5:59,6:03,6:35,6:41,8:59,9:04,9:44,9:49,18:10,18:17,18:49,18:54,21:09,21:12,21:48,21:53,24:11:00,24:17:00,24:42:00,24:48:00
AA_E_TT_SW_DY_S_50CM_07_0,IR,1:09,3:51,4:03,4:27,4:32,6:53,7:00,7:22,7:29,9:46,9:51,10:29,10:34,12:47,12:56,13:09,13:09,15:48,15:54,16:21,16:27,18:47,19:08,19:16,19:24
AA_E_TT_SW_DY_S_50CM_07_0,RGB,1:09,3:51,4:03,4:27,4:32,6:53,7:00,7:22,7:29,9:46,9:51,10:29,10:34,12:47,12:56,13:09,13:09,15:48,15:54,16:21,16:27,18:47,19:08,19:16,19:24
AA_E_TT_SW_DY_S_50CM_07_0,Depth,1:09,3:51,4:03,4:27,4:32,6:53,7:00,7:22,7:29,9:46,9:51,10:29,10:34,12:47,12:56,13:09,13:09,15:48,15:54,16:21,16:27,18:47,19:08,19:16,19:24
AA_E_TT_SW_DY_S_50CM_07_0,Thermal,0:59,3:41,3:53,4:17,4:22,6:43,6:50,7:12,7:19,9:36,9:41,10:19,10:24,12:37,12:46,12:59,12:59,15:38,15:44,16:11,16:17,18:37,18:58,19:06,19:14
AA_E_TT_SW_DY_S_50CM_07_0,Lidar,0:43,3:25,3:37,4:01,4:06,6:27,6:34,6:56,7:03,9:20,9:25,10:03,10:08,12:21,12:30,12:43,12:43,15:22,15:28,15:55,16:01,18:21,18:42,18:50,18:58
AA_E_TT_SW_NT_6M_1M_01_1,IR,1:51,4:03,4:16,4:34,4:38,6:58,7:11,7:34,7:38,10:12,10:17,10:37,10:42,13:23,13:33,14:00,14:00,16:04,16:14,16:30,16:34,19:00,19:11,19:22,19:23
AA_E_TT_SW_NT_6M_1M_01_1,RGB,1:51,4:03,4:16,4:34,4:38,6:58,7:11,7:34,7:38,10:12,10:17,10:37,10:42,13:23,13:33,14:00,14:00,16:04,16:14,16:30,16:34,19:00,19:11,19:22,19:23
AA_E_TT_SW_NT_6M_1M_01_1,Depth,1:51,4:03,4:16,4:34,4:38,6:58,7:11,7:34,7:38,10:12,10:17,10:37,10:42,13:23,13:33,14:00,14:00,16:04,16:14,16:30,16:34,19:00,19:11,19:22,19:23
AA_E_TT_SW_NT_6M_1M_01_1,Thermal,1:50,4:02,4:15,4:33,4:37,6:57,7:10,7:33,7:37,10:11,10:16,10:36,10:41,13:22,13:32,13:59,13:59,16:03,16:13,16:29,16:33,18:59,19:10,19:21,19:22
AA_E_TT_SW_NT_6M_1M_01_1,Lidar,1:33,3:45,3:58,4:16,4:20,6:40,6:53,7:16,7:20,9:54,9:59,10:19,10:24,13:05,13:15,13:42,13:42,15:46,15:56,16:12,16:16,18:42,18:53,19:04,19:05
AA_E_TT_SW_NT_6M_1M_03_1,IR,0:54,3:03,3:14,3:36,3:38,6:03,6:10,6:41,6:45,9:04,9:09,9:41,9:46,12:01,12:09,12:38,12:38,15:02,15:11,15:38,15:43,18:02,18:15,18:32,18:37
AA_E_TT_SW_NT_6M_1M_03_1,RGB,0:54,3:03,3:14,3:36,3:38,6:03,6:10,6:41,6:45,9:04,9:09,9:41,9:46,12:01,12:09,12:38,12:38,15:02,15:11,15:38,15:43,18:02,18:15,18:32,18:37
AA_E_TT_SW_NT_6M_1M_03_1,Depth,0:54,3:03,3:14,3:36,3:38,6:03,6:10,6:41,6:45,9:04,9:09,9:41,9:46,12:01,12:09,12:38,12:38,15:02,15:11,15:38,15:43,18:02,18:15,18:32,18:37
AA_E_TT_SW_NT_6M_1M_03_1,Thermal,0:55,3:04,3:15,3:37,3:39,6:04,6:11,6:42,6:46,9:05,9:10,9:42,9:47,12:02,12:10,12:39,12:39,15:03,15:12,15:39,15:44,18:03,18:16,18:33,18:38
AA_E_TT_SW_NT_6M_1M_03_1,Lidar,0:41,2:50,3:01,3:23,3:25,5:50,5:57,6:28,6:32,8:51,8:56,9:28,9:33,11:48,11:56,12:25,12:25,14:49,14:58,15:25,15:30,17:49,18:02,18:19,18:24
AA_E_TT_SW_NT_6M_1M_05_0,IR,1:18,3:38,3:43,4:10,4:16,6:37,6:47,7:25,7:25,9:36,9:41,10:12,10:17,12:34,12:41,13:16,13:16,15:36,15:43,16:11,16:15,18:34,18:53,19:04,19:11
AA_E_TT_SW_NT_6M_1M_05_0,RGB,1:18,3:38,3:43,4:10,4:16,6:37,6:47,7:25,7:25,9:36,9:41,10:12,10:17,12:34,12:41,13:16,13:16,15:36,15:43,16:11,16:15,18:34,18:53,19:04,19:11
AA_E_TT_SW_NT_6M_1M_05_0,Depth,1:18,3:38,3:43,4:10,4:16,6:37,6:47,7:25,7:25,9:36,9:41,10:12,10:17,12:34,12:41,13:16,13:16,15:36,15:43,16:11,16:15,18:34,18:53,19:04,19:11
AA_E_TT_SW_NT_6M_1M_05_0,Thermal,1:15,3:35,3:40,4:07,4:13,6:34,6:44,7:22,7:22,9:33,9:38,10:09,10:14,12:31,12:38,13:13,13:13,15:33,15:40,16:08,16:12,18:31,18:50,19:01,19:08
AA_E_TT_SW_NT_6M_1M_05_0,Lidar,0:59,3:19,3:24,3:51,3:57,6:18,6:28,7:06,7:06,9:17,9:22,9:53,9:58,12:15,12:22,12:57,12:57,15:17,15:24,15:52,15:56,18:15,18:34,18:45,18:52
AA_E_TT_SW_NT_6M_1M_07_0,IR,0:53,3:16,3:28,3:45,3:49,6:15,6:19,6:42,6:52,9:16,9:21,9:52,9:57,14:56,15:06,15:29,15:33,17:55,18:00,18:26,18:31,20:53,21:10,21:22,21:25
AA_E_TT_SW_NT_6M_1M_07_0,RGB,0:53,3:16,3:28,3:45,3:49,6:15,6:19,6:42,6:52,9:16,9:21,9:52,9:57,14:56,15:06,15:29,15:33,17:55,18:00,18:26,18:31,20:53,21:10,21:22,21:25
AA_E_TT_SW_NT_6M_1M_07_0,Depth,0:53,3:16,3:28,3:45,3:49,6:15,6:19,6:42,6:52,9:16,9:21,9:52,9:57,14:56,15:06,15:29,15:33,17:55,18:00,18:26,18:31,20:53,21:10,21:22,21:25
AA_E_TT_SW_NT_6M_1M_07_0,Thermal,0:43,3:06,3:18,3:35,3:39,6:05,6:09,6:32,6:42,9:06,9:11,9:42,9:47,14:46,14:56,15:19,15:23,17:45,17:50,18:16,18:21,20:43,21:00,21:12,21:15
AA_E_TT_SW_NT_6M_1M_07_0,Lidar,0:19,2:42,2:54,3:11,3:15,5:41,5:45,6:08,6:18,8:42,8:47,9:18,9:23,14:22,14:32,14:55,14:59,17:21,17:26,17:52,17:57,20:19,20:36,20:48,20:51
AA_E_TT_SW_NT_6M_50CM_01_0,IR,0:34,2:46,2:59,3:17,3:21,5:41,5:54,6:17,6:21,8:55,9:00,9:20,9:25,12:06,12:16,12:43,12:43,14:47,14:57,15:13,15:17,17:43,17:54,18:05,18:06
AA_E_TT_SW_NT_6M_50CM_01_0,RGB,0:34,2:46,2:59,3:17,3:21,5:41,5:54,6:17,6:21,8:55,9:00,9:20,9:25,12:06,12:16,12:43,12:43,14:47,14:57,15:13,15:17,17:43,17:54,18:05,18:06
AA_E_TT_SW_NT_6M_50CM_01_0,Depth,0:34,2:46,2:59,3:17,3:21,5:41,5:54,6:17,6:21,8:55,9:00,9:20,9:25,12:06,12:16,12:43,12:43,14:47,14:57,15:13,15:17,17:43,17:54,18:05,18:06
AA_E_TT_SW_NT_6M_50CM_01_0,Thermal,0:28,2:40,2:53,3:11,3:15,5:35,5:48,6:11,6:15,8:49,8:54,9:14,9:19,12:00,12:10,12:37,12:37,14:41,14:51,15:07,15:11,17:37,17:48,17:59,18:00
AA_E_TT_SW_NT_6M_50CM_01_0,Lidar,0:09,2:21,2:34,2:52,2:56,5:16,5:29,5:52,5:56,8:30,8:35,8:55,9:00,11:41,11:51,12:18,12:18,14:22,14:32,14:48,14:52,17:18,17:29,17:40,17:41
AA_E_TT_SW_NT_6M_50CM_03_3,IR,0:45,2:54,3:05,3:27,3:29,5:54,6:01,6:32,6:36,8:55,9:00,9:32,9:37,11:52,12:00,12:29,12:29,14:53,15:02,15:29,15:34,17:53,18:06,18:23,18:28
AA_E_TT_SW_NT_6M_50CM_03_3,RGB,0:45,2:54,3:05,3:27,3:29,5:54,6:01,6:32,6:36,8:55,9:00,9:32,9:37,11:52,12:00,12:29,12:29,14:53,15:02,15:29,15:34,17:53,18:06,18:23,18:28
AA_E_TT_SW_NT_6M_50CM_03_3,Depth,0:45,2:54,3:05,3:27,3:29,5:54,6:01,6:32,6:36,8:55,9:00,9:32,9:37,11:52,12:00,12:29,12:29,14:53,15:02,15:29,15:34,17:53,18:06,18:23,18:28
AA_E_TT_SW_NT_6M_50CM_03_3,Thermal,0:43,2:52,3:03,3:25,3:27,5:52,5:59,6:30,6:34,8:53,8:58,9:30,9:35,11:50,11:58,12:27,12:27,14:51,15:00,15:27,15:32,17:51,18:04,18:21,18:26
AA_E_TT_SW_NT_6M_50CM_03_3,Lidar,0:30,2:39,2:50,3:12,3:14,5:39,5:46,6:17,6:21,8:40,8:45,9:17,9:22,11:37,11:45,12:14,12:14,14:38,14:47,15:14,15:19,17:38,17:51,18:08,18:13
AA_E_TT_SW_NT_6M_50CM_05_0,IR,1:08,3:28,3:33,4:00,4:06,6:27,6:37,7:15,7:15,9:26,9:31,10:02,10:07,12:24,12:31,13:06,13:06,15:26,15:33,16:01,16:05,18:24,18:43,18:54,19:01
AA_E_TT_SW_NT_6M_50CM_05_0,RGB,1:08,3:28,3:33,4:00,4:06,6:27,6:37,7:15,7:15,9:26,9:31,10:02,10:07,12:24,12:31,13:06,13:06,15:26,15:33,16:01,16:05,18:24,18:43,18:54,19:01
AA_E_TT_SW_NT_6M_50CM_05_0,Depth,1:08,3:28,3:33,4:00,4:06,6:27,6:37,7:15,7:15,9:26,9:31,10:02,10:07,12:24,12:31,13:06,13:06,15:26,15:33,16:01,16:05,18:24,18:43,18:54,19:01
AA_E_TT_SW_NT_6M_50CM_05_0,Thermal,1:07,3:27,3:32,3:59,4:05,6:26,6:36,7:14,7:14,9:25,9:30,10:01,10:06,12:23,12:30,13:05,13:05,15:25,15:32,16:00,16:04,18:23,18:42,18:53,19:00
AA_E_TT_SW_NT_6M_50CM_05_0,Lidar,0:52,3:12,3:17,3:44,3:50,6:11,6:21,6:59,6:59,9:10,9:15,9:46,9:51,12:08,12:15,12:50,12:50,15:10,15:17,15:45,15:49,18:08,18:27,18:38,18:45
AA_E_TT_SW_NT_6M_50CM_07_0,IR,0:48,3:11,3:23,3:40,3:44,6:10,6:14,6:37,6:47,9:11,9:16,9:47,9:52,14:51,15:01,15:24,15:28,17:50,17:55,18:21,18:26,20:48,21:05,21:17,21:20
AA_E_TT_SW_NT_6M_50CM_07_0,RGB,0:48,3:11,3:23,3:40,3:44,6:10,6:14,6:37,6:47,9:11,9:16,9:47,9:52,14:51,15:01,15:24,15:28,17:50,17:55,18:21,18:26,20:48,21:05,21:17,21:20
AA_E_TT_SW_NT_6M_50CM_07_0,Depth,0:48,3:11,3:23,3:40,3:44,6:10,6:14,6:37,6:47,9:11,9:16,9:47,9:52,14:51,15:01,15:24,15:28,17:50,17:55,18:21,18:26,20:48,21:05,21:17,21:20
AA_E_TT_SW_NT_6M_50CM_07_0,Thermal,0:44,3:07,3:19,3:36,3:40,6:06,6:10,6:33,6:43,9:07,9:12,9:43,9:48,14:47,14:57,15:20,15:24,17:46,17:51,18:17,18:22,20:44,21:01,21:13,21:16
AA_E_TT_SW_NT_6M_50CM_07_0,Lidar,0:38,3:01,3:13,3:30,3:34,6:00,6:04,6:27,6:37,9:01,9:06,9:37,9:42,14:41,14:51,15:14,15:18,17:40,17:45,18:11,18:16,20:38,20:55,21:07,21:10
AA_E_TT_SW_NT_8M_1M_01_1,IR,1:19,3:31,3:48,4:02,4:06,6:25,6:40,7:04,7:09,9:29,9:34,10:01,10:06,12:28,12:39,13:04,13:04,15:42,15:48,16:11,16:18,18:28,18:43,18:58,19:01
AA_E_TT_SW_NT_8M_1M_01_1,RGB,1:19,3:31,3:48,4:02,4:06,6:25,6:40,7:04,7:09,9:29,9:34,10:01,10:06,12:28,12:39,13:04,13:04,15:42,15:48,16:11,16:18,18:28,18:43,18:58,19:01
AA_E_TT_SW_NT_8M_1M_01_1,Depth,1:19,3:31,3:48,4:02,4:06,6:25,6:40,7:04,7:09,9:29,9:34,10:01,10:06,12:28,12:39,13:04,13:04,15:42,15:48,16:11,16:18,18:28,18:43,18:58,19:01
AA_E_TT_SW_NT_8M_1M_01_1,Thermal,1:16,3:28,3:45,3:59,4:03,6:22,6:37,7:01,7:06,9:26,9:31,9:58,10:03,12:25,12:36,13:01,13:01,15:39,15:45,16:08,16:15,18:25,18:40,18:55,18:58
AA_E_TT_SW_NT_8M_1M_01_1,Lidar,1:01,3:13,3:30,3:44,3:48,6:07,6:22,6:46,6:51,9:11,9:16,9:43,9:48,12:10,12:21,12:46,12:46,15:24,15:30,15:53,16:00,18:10,18:25,18:40,18:43
AA_E_TT_SW_NT_8M_1M_03_1,IR,0:42,2:53,3:04,3:25,3:28,5:53,5:57,6:21,6:25,8:55,9:00,9:31,9:36,11:53,12:00,12:31,12:31,14:52,14:58,15:27,15:32,17:51,18:11,18:23,18:26
AA_E_TT_SW_NT_8M_1M_03_1,RGB,0:42,2:53,3:04,3:25,3:28,5:53,5:57,6:21,6:25,8:55,9:00,9:31,9:36,11:53,12:00,12:31,12:31,14:52,14:58,15:27,15:32,17:51,18:11,18:23,18:26
AA_E_TT_SW_NT_8M_1M_03_1,Depth,0:42,2:53,3:04,3:25,3:28,5:53,5:57,6:21,6:25,8:55,9:00,9:31,9:36,11:53,12:00,12:31,12:31,14:52,14:58,15:27,15:32,17:51,18:11,18:23,18:26
AA_E_TT_SW_NT_8M_1M_03_1,Thermal,0:37,2:48,2:59,3:20,3:23,5:48,5:52,6:16,6:20,8:50,8:55,9:26,9:31,11:48,11:55,12:26,12:26,14:47,14:53,15:22,15:27,17:46,18:06,18:18,18:21
AA_E_TT_SW_NT_8M_1M_03_1,Lidar,0:28,2:39,2:50,3:11,3:14,5:39,5:43,6:07,6:11,8:41,8:46,9:17,9:22,11:39,11:46,12:17,12:17,14:38,14:44,15:13,15:18,17:37,17:57,18:09,18:12
AA_E_TT_SW_NT_8M_1M_05_0,IR,0:50,4:06,4:15,4:42,4:46,7:07,7:15,7:51,7:51,10:06,10:11,10:43,10:48,13:06,13:18,13:49,13:54,16:06,16:14,16:41,16:49,19:10,19:29,19:45,19:50
AA_E_TT_SW_NT_8M_1M_05_0,RGB,0:50,4:06,4:15,4:42,4:46,7:07,7:15,7:51,7:51,10:06,10:11,10:43,10:48,13:06,13:18,13:49,13:54,16:06,16:14,16:41,16:49,19:10,19:29,19:45,19:50
AA_E_TT_SW_NT_8M_1M_05_0,Depth,0:50,4:06,4:15,4:42,4:46,7:07,7:15,7:51,7:51,10:06,10:11,10:43,10:48,13:06,13:18,13:49,13:54,16:06,16:14,16:41,16:49,19:10,19:29,19:45,19:50
AA_E_TT_SW_NT_8M_1M_05_0,Thermal,0:49,4:05,4:14,4:41,4:45,7:06,7:14,7:50,7:50,10:05,10:10,10:42,10:47,13:05,13:17,13:48,13:53,16:05,16:13,16:40,16:48,19:09,19:28,19:44,19:49
AA_E_TT_SW_NT_8M_1M_05_0,Lidar,0:38,3:54,4:03,4:30,4:34,6:55,7:03,7:39,7:39,9:54,9:59,10:31,10:36,12:54,13:06,13:37,13:42,15:54,16:02,16:29,16:37,18:58,19:17,19:33,19:38
AA_E_TT_SW_NT_8M_1M_07_0_배회까지만,IR,0:40,3:14,3:30,3:53,3:57,5:51,5:57,6:16,6:25,8:42,8:47,9:16,9:21,0:00,0:00,0:00,0:00,0:00,0:00,0:00,0:00,0:00,0:00,0:00,0:00
AA_E_TT_SW_NT_8M_1M_07_0_배회까지만,RGB,0:40,3:14,3:30,3:53,3:57,5:51,5:57,6:16,6:25,8:42,8:47,9:16,9:21,0:00,0:00,0:00,0:00,0:00,0:00,0:00,0:00,0:00,0:00,0:00,0:00
AA_E_TT_SW_NT_8M_1M_07_0_배회까지만,Depth,0:40,3:14,3:30,3:53,3:57,5:51,5:57,6:16,6:25,8:42,8:47,9:16,9:21,0:00,0:00,0:00,0:00,0:00,0:00,0:00,0:00,0:00,0:00,0:00,0:00
AA_E_TT_SW_NT_8M_1M_07_0_배회까지만,Thermal,0:38,3:13,3:28,3:53,3:56,6:14,6:20,6:42,6:54,9:15,9:20,9:54,9:59,0:00,0:00,0:00,0:00,0:00,0:00,0:00,0:00,0:00,0:00,0:00,0:00
AA_E_TT_SW_NT_8M_1M_07_0_배회까지만,Lidar,0:22,2:57,3:12,3:37,3:40,5:58,6:04,6:26,6:38,8:59,9:04,9:38,9:43,0:00,0:00,0:00,0:00,0:00,0:00,0:00,0:00,0:00,0:00,0:00,0:00
AA_E_TT_SW_NT_8M_50CM_01_0,IR,0:57,3:09,3:26,3:40,3:44,6:03,6:18,6:42,6:47,9:07,9:12,9:39,9:44,12:06,12:17,12:42,12:42,15:20,15:26,15:49,15:56,18:06,18:21,18:36,18:39
AA_E_TT_SW_NT_8M_50CM_01_0,RGB,0:57,3:09,3:26,3:40,3:44,6:03,6:18,6:42,6:47,9:07,9:12,9:39,9:44,12:06,12:17,12:42,12:42,15:20,15:26,15:49,15:56,18:06,18:21,18:36,18:39
AA_E_TT_SW_NT_8M_50CM_01_0,Depth,0:57,3:09,3:26,3:40,3:44,6:03,6:18,6:42,6:47,9:07,9:12,9:39,9:44,12:06,12:17,12:42,12:42,15:20,15:26,15:49,15:56,18:06,18:21,18:36,18:39
AA_E_TT_SW_NT_8M_50CM_01_0,Thermal,0:50,3:02,3:19,3:33,3:37,5:56,6:11,6:35,6:40,9:00,9:05,9:32,9:37,11:59,12:10,12:35,12:35,15:13,15:19,15:42,15:49,17:59,18:14,18:29,18:32
AA_E_TT_SW_NT_8M_50CM_01_0,Lidar,0:21,2:33,2:50,3:04,3:08,5:27,5:42,06::05,6:11,8:31,8:36,9:03,9:08,11:30,11:41,12:06,12:06,14:44,14:50,15:13,15:20,17:30,17:45,18:00,18:03
AA_E_TT_SW_NT_8M_50CM_03_3,IR,0:40,2:51,3:02,3:23,3:26,5:51,5:55,6:19,6:23,8:53,8:58,9:29,9:34,11:51,11:58,12:29,12:29,14:50,14:56,15:25,15:30,17:49,18:09,18:21,18:24
AA_E_TT_SW_NT_8M_50CM_03_3,RGB,0:40,2:51,3:02,3:23,3:26,5:51,5:55,6:19,6:23,8:53,8:58,9:29,9:34,11:51,11:58,12:29,12:29,14:50,14:56,15:25,15:30,17:49,18:09,18:21,18:24
AA_E_TT_SW_NT_8M_50CM_03_3,Depth,0:40,2:51,3:02,3:23,3:26,5:51,5:55,6:19,6:23,8:53,8:58,9:29,9:34,11:51,11:58,12:29,12:29,14:50,14:56,15:25,15:30,17:49,18:09,18:21,18:24
AA_E_TT_SW_NT_8M_50CM_03_3,Thermal,0:39,2:50,3:01,3:22,3:25,5:50,5:54,6:18,6:22,8:52,8:57,9:28,9:33,11:50,11:57,12:28,12:28,14:49,14:55,15:24,15:29,17:48,18:08,18:20,18:23
AA_E_TT_SW_NT_8M_50CM_03_3,Lidar,0:26,2:37,2:48,3:09,3:12,5:37,5:41,6:05,6:09,8:39,8:44,9:15,9:20,11:37,11:44,12:15,12:15,14:36,14:42,15:11,15:16,17:35,17:55,18:07,18:10
AA_E_TT_SW_NT_8M_50CM_05_0,IR,0:46,4:02,4:11,4:38,4:42,7:03,7:11,7:47,7:47,10:02,10:07,10:39,10:44,13:02,13:14,13:45,13:50,16:02,16:10,16:37,16:45,19:06,19:25,19:41,19:46
AA_E_TT_SW_NT_8M_50CM_05_0,RGB,0:46,4:02,4:11,4:38,4:42,7:03,7:11,7:47,7:47,10:02,10:07,10:39,10:44,13:02,13:14,13:45,13:50,16:02,16:10,16:37,16:45,19:06,19:25,19:41,19:46
AA_E_TT_SW_NT_8M_50CM_05_0,Depth,0:46,4:02,4:11,4:38,4:42,7:03,7:11,7:47,7:47,10:02,10:07,10:39,10:44,13:02,13:14,13:45,13:50,16:02,16:10,16:37,16:45,19:06,19:25,19:41,19:46
AA_E_TT_SW_NT_8M_50CM_05_0,Thermal,0:46,4:02,4:11,4:38,4:42,7:03,7:11,7:47,7:47,10:02,10:07,10:39,10:44,13:02,13:14,13:45,13:50,16:02,16:10,16:37,16:45,19:06,19:25,19:41,19:46
AA_E_TT_SW_NT_8M_50CM_05_0,Lidar,0:37,3:53,4:02,4:29,4:33,6:54,7:02,7:38,7:38,9:53,9:58,10:30,10:35,12:53,13:05,13:36,13:41,15:53,16:01,16:28,16:36,18:57,19:16,19:32,19:37
AA_E_TT_SW_NT_8M_50CM_07_0_배회까지만,IR,0:36,3:11,3:26,3:51,3:54,6:12,6:18,6:40,6:52,9:13,9:18,9:52,9:57,0:00,0:00,0:00,0:00,0:00,0:00,0:00,0:00,0:00,0:00,0:00,0:00
AA_E_TT_SW_NT_8M_50CM_07_0_배회까지만,RGB,0:36,3:11,3:26,3:51,3:54,6:12,6:18,6:40,6:52,9:13,9:18,9:52,9:57,0:00,0:00,0:00,0:00,0:00,0:00,0:00,0:00,0:00,0:00,0:00,0:00
AA_E_TT_SW_NT_8M_50CM_07_0_배회까지만,Depth,0:36,3:11,3:26,3:51,3:54,6:12,6:18,6:40,6:52,9:13,9:18,9:52,9:57,0:00,0:00,0:00,0:00,0:00,0:00,0:00,0:00,0:00,0:00,0:00,0:00
AA_E_TT_SW_NT_8M_50CM_07_0_배회까지만,Thermal,0:33,3:08,3:23,3:48,3:51,6:09,6:15,6:37,6:49,9:10,9:15,9:49,9:54,0:00,0:00,0:00,0:00,0:00,0:00,0:00,0:00,0:00,0:00,0:00,0:00
AA_E_TT_SW_NT_8M_50CM_07_0_배회까지만,Lidar,0:25,3:00,3:15,3:40,3:43,6:01,6:07,6:29,6:41,9:02,9:07,9:41,9:46,0:00,0:00,0:00,0:00,0:00,0:00,0:00,0:00,0:00,0:00,0:00,0:00
AA_E_TT_SW_NT_S_1M_01_1,IR,1:32,3:32,3:47,4:02,4:05,6:40,6:51,7:26,7:31,9:39,9:44,10:27,10:32,12:36,12:50,13:03,13:03,15:40,15:58,16:19,16:28,18:40,18:53,19:02,19:05
AA_E_TT_SW_NT_S_1M_01_1,RGB,1:32,3:32,3:47,4:02,4:05,6:40,6:51,7:26,7:31,9:39,9:44,10:27,10:32,12:36,12:50,13:03,13:03,15:40,15:58,16:19,16:28,18:40,18:53,19:02,19:05
AA_E_TT_SW_NT_S_1M_01_1,Depth,1:32,3:32,3:47,4:02,4:05,6:40,6:51,7:26,7:31,9:39,9:44,10:27,10:32,12:36,12:50,13:03,13:03,15:40,15:58,16:19,16:28,18:40,18:53,19:02,19:05
AA_E_TT_SW_NT_S_1M_01_1,Thermal,1:29,3:29,3:44,3:59,4:02,6:37,6:48,7:23,7:28,9:36,9:41,10:24,10:29,12:33,12:47,13:00,13:00,15:37,15:55,16:16,16:25,18:37,18:50,18:59,19:02
AA_E_TT_SW_NT_S_1M_01_1,Lidar,1:15,3:15,3:30,3:45,3:48,6:23,6:34,7:09,7:14,9:22,9:27,10:10,10:15,12:19,12:33,12:46,12:46,15:23,15:41,16:02,16:11,18:23,18:36,18:45,18:48
AA_E_TT_SW_NT_S_1M_03_1,IR,0:50,3:19,3:31,3:49,3:53,6:19,6:21,6:57,6:59,9:20,9:25,9:57,10:02,12:17,12:24,12:49,12:49,15:23,15:29,15:55,15:58,18:16,18:41,18:48,18:52
AA_E_TT_SW_NT_S_1M_03_1,RGB,0:50,3:19,3:31,3:49,3:53,6:19,6:21,6:57,6:59,9:20,9:25,9:57,10:02,12:17,12:24,12:49,12:49,15:23,15:29,15:55,15:58,18:16,18:41,18:48,18:52
AA_E_TT_SW_NT_S_1M_03_1,Depth,0:50,3:19,3:31,3:49,3:53,6:19,6:21,6:57,6:59,9:20,9:25,9:57,10:02,12:17,12:24,12:49,12:49,15:23,15:29,15:55,15:58,18:16,18:41,18:48,18:52
AA_E_TT_SW_NT_S_1M_03_1,Thermal,0:48,3:17,3:29,3:47,3:51,6:17,6:19,6:55,6:57,9:18,9:23,9:55,10:00,12:15,12:22,12:47,12:47,15:21,15:27,15:53,15:56,18:14,18:39,18:46,18:50
AA_E_TT_SW_NT_S_1M_03_1,Lidar,0:35,3:04,3:16,3:34,3:38,6:04,6:06,6:42,6:44,9:05,9:10,9:42,9:47,12:02,12:09,12:34,12:34,15:08,15:14,15:40,15:43,18:01,18:26,18:33,18:37
AA_E_TT_SW_NT_S_1M_05_0,IR,1:09,3:46,3:56,4:17,4:24,6:46,6:52,7:23,7:35,9:45,9:50,10:25,10:30,12:44,12:52,13:24,13:27,15:43,15:47,16:20,16:25,18:44,19:04,19:13,19:19
AA_E_TT_SW_NT_S_1M_05_0,RGB,1:09,3:46,3:56,4:17,4:24,6:46,6:52,7:23,7:35,9:45,9:50,10:25,10:30,12:44,12:52,13:24,13:27,15:43,15:47,16:20,16:25,18:44,19:04,19:13,19:19
AA_E_TT_SW_NT_S_1M_05_0,Depth,1:09,3:46,3:56,4:17,4:24,6:46,6:52,7:23,7:35,9:45,9:50,10:25,10:30,12:44,12:52,13:24,13:27,15:43,15:47,16:20,16:25,18:44,19:04,19:13,19:19
AA_E_TT_SW_NT_S_1M_05_0,Thermal,1:09,3:46,3:56,4:17,4:24,6:46,6:52,7:23,7:35,9:45,9:50,10:25,10:30,12:44,12:52,13:24,13:27,15:43,15:47,16:20,16:25,18:44,19:04,19:13,19:19
AA_E_TT_SW_NT_S_1M_05_0,Lidar,0:59,3:36,3:46,4:07,4:14,6:36,6:42,7:13,7:25,9:35,9:40,10:15,10:20,12:34,12:42,13:14,13:17,15:33,15:37,16:10,16:15,18:34,18:54,19:03,19:09
AA_E_TT_SW_NT_S_1M_07_0,IR,1:00,3:30,3:39,4:00,4:04,6:31,6:39,6:59,7:04,9:33,9:38,10:04,10:09,12:29,12:38,12:53,12:53,15:29,15:35,16:04,16:09,18:31,18:48,18:55,19:03
AA_E_TT_SW_NT_S_1M_07_0,RGB,1:00,3:30,3:39,4:00,4:04,6:31,6:39,6:59,7:04,9:33,9:38,10:04,10:09,12:29,12:38,12:53,12:53,15:29,15:35,16:04,16:09,18:31,18:48,18:55,19:03
AA_E_TT_SW_NT_S_1M_07_0,Depth,1:00,3:30,3:39,4:00,4:04,6:31,6:39,6:59,7:04,9:33,9:38,10:04,10:09,12:29,12:38,12:53,12:53,15:29,15:35,16:04,16:09,18:31,18:48,18:55,19:03
AA_E_TT_SW_NT_S_1M_07_0,Thermal,0:58,3:28,3:37,3:58,4:02,6:29,6:37,6:57,7:02,9:31,9:36,10:02,10:07,12:27,12:36,12:51,12:51,15:27,15:33,16:02,16:07,18:29,18:46,18:53,19:01
AA_E_TT_SW_NT_S_1M_07_0,Lidar,0:46,3:16,3:25,3:46,3:50,6:17,6:25,6:45,6:50,9:19,9:24,9:50,9:55,12:15,12:24,12:39,12:39,15:15,15:21,15:50,15:55,18:17,18:34,18:41,18:49
AA_E_TT_SW_NT_S_50CM_01_0,IR,0:47,2:47,3:02,3:17,3:20,5:55,6:06,6:41,6:46,8:54,8:59,9:42,9:47,11:51,12:05,12:18,12:18,14:55,15:13,15:34,15:43,17:55,18:08,18:17,18:20
AA_E_TT_SW_NT_S_50CM_01_0,RGB,0:47,2:47,3:02,3:17,3:20,5:55,6:06,6:41,6:46,8:54,8:59,9:42,9:47,11:51,12:05,12:18,12:18,14:55,15:13,15:34,15:43,17:55,18:08,18:17,18:20
AA_E_TT_SW_NT_S_50CM_01_0,Depth,0:47,2:47,3:02,3:17,3:20,5:55,6:06,6:41,6:46,8:54,8:59,9:42,9:47,11:51,12:05,12:18,12:18,14:55,15:13,15:34,15:43,17:55,18:08,18:17,18:20
AA_E_TT_SW_NT_S_50CM_01_0,Thermal,0:44,2:44,2:59,3:14,3:17,5:52,6:03,6:38,6:43,8:51,8:56,9:39,9:44,11:48,12:02,12:15,12:15,14:52,15:10,15:31,15:40,17:52,18:05,18:14,18:17
AA_E_TT_SW_NT_S_50CM_01_0,Lidar,0:34,2:34,2:49,3:04,3:07,5:42,5:53,6:28,6:33,8:41,8:46,9:29,9:34,11:38,11:52,12:05,12:05,14:42,15:00,15:21,15:30,17:42,17:55,18:04,18:07
AA_E_TT_SW_NT_S_50CM_03_3,IR,0:49,3:18,3:30,3:48,3:52,6:18,6:20,6:56,6:58,9:19,9:24,9:56,10:01,12:16,12:23,12:48,12:48,15:22,15:28,15:54,15:57,18:15,18:40,18:47,18:51
AA_E_TT_SW_NT_S_50CM_03_3,RGB,0:49,3:18,3:30,3:48,3:52,6:18,6:20,6:56,6:58,9:19,9:24,9:56,10:01,12:16,12:23,12:48,12:48,15:22,15:28,15:54,15:57,18:15,18:40,18:47,18:51
AA_E_TT_SW_NT_S_50CM_03_3,Depth,0:49,3:18,3:30,3:48,3:52,6:18,6:20,6:56,6:58,9:19,9:24,9:56,10:01,12:16,12:23,12:48,12:48,15:22,15:28,15:54,15:57,18:15,18:40,18:47,18:51
AA_E_TT_SW_NT_S_50CM_03_3,Thermal,0:41,3:10,3:22,3:40,3:44,6:10,6:12,6:48,6:50,9:11,9:16,9:48,9:53,12:08,12:15,12:40,12:40,15:14,15:20,15:46,15:49,18:07,18:32,18:39,18:43
AA_E_TT_SW_NT_S_50CM_03_3,Lidar,0:29,2:58,3:10,3:28,3:32,5:58,6:00,6:36,6:38,8:59,9:04,9:36,9:41,11:56,12:03,12:28,12:28,15:02,15:08,15:34,15:37,17:55,18:20,18:27,18:31
AA_E_TT_SW_NT_S_50CM_05_0,IR,1:06,3:43,3:53,4:14,4:21,6:43,6:49,7:20,7:32,9:42,9:47,10:22,10:27,12:41,12:49,13:21,13:24,15:40,15:44,16:17,16:22,18:41,19:01,19:10,19:16
AA_E_TT_SW_NT_S_50CM_05_0,RGB,1:06,3:43,3:53,4:14,4:21,6:43,6:49,7:20,7:32,9:42,9:47,10:22,10:27,12:41,12:49,13:21,13:24,15:40,15:44,16:17,16:22,18:41,19:01,19:10,19:16
AA_E_TT_SW_NT_S_50CM_05_0,Depth,1:06,3:43,3:53,4:14,4:21,6:43,6:49,7:20,7:32,9:42,9:47,10:22,10:27,12:41,12:49,13:21,13:24,15:40,15:44,16:17,16:22,18:41,19:01,19:10,19:16
AA_E_TT_SW_NT_S_50CM_05_0,Thermal,1:03,3:40,3:50,4:11,4:18,6:40,6:46,7:17,7:29,9:39,9:44,10:19,10:24,12:38,12:46,13:18,13:21,15:37,15:41,16:14,16:19,18:38,18:58,19:07,19:13
AA_E_TT_SW_NT_S_50CM_05_0,Lidar,0:55,3:32,3:42,4:03,4:10,6:32,6:38,7:09,7:21,9:31,9:36,10:11,10:16,12:30,12:38,13:10,13:13,15:29,15:33,16:06,16:11,18:30,18:50,18:59,19:05
AA_E_TT_SW_NT_S_50CM_07_0,IR,0:55,3:25,3:34,3:55,3:59,6:26,6:34,6:54,6:59,9:28,9:33,9:59,10:04,12:24,12:33,12:48,12:48,15:24,15:30,15:59,16:04,18:26,18:43,18:50,18:58
AA_E_TT_SW_NT_S_50CM_07_0,RGB,0:55,3:25,3:34,3:55,3:59,6:26,6:34,6:54,6:59,9:28,9:33,9:59,10:04,12:24,12:33,12:48,12:48,15:24,15:30,15:59,16:04,18:26,18:43,18:50,18:58
AA_E_TT_SW_NT_S_50CM_07_0,Depth,0:55,3:25,3:34,3:55,3:59,6:26,6:34,6:54,6:59,9:28,9:33,9:59,10:04,12:24,12:33,12:48,12:48,15:24,15:30,15:59,16:04,18:26,18:43,18:50,18:58
AA_E_TT_SW_NT_S_50CM_07_0,Thermal,0:52,3:22,3:31,3:52,3:56,6:23,6:31,6:51,6:56,9:25,9:30,9:56,10:01,12:21,12:30,12:45,12:45,15:21,15:27,15:56,16:01,18:23,18:40,18:47,18:55
AA_E_TT_SW_NT_S_50CM_07_0,Lidar,0:39,3:09,3:18,3:39,3:43,6:10,6:18,6:38,6:43,9:12,9:17,9:43,9:48,12:08,12:17,12:32,12:32,15:08,15:14,15:43,15:48,18:10,18:27,18:34,18:42
AA_E_TT_SW_SR_6M_1M_01_1,IR,1:08,3:12,3:23,3:35,3:38,6:12,6:18,6:57,7:04,9:23,9:28,10:03,10:08,12:04,12:15,13:00,13:05,15:05,15:13,16:01,16:07,17:57,18:32,18:43,18:45
AA_E_TT_SW_SR_6M_1M_01_1,RGB,1:08,3:12,3:23,3:35,3:38,6:12,6:18,6:57,7:04,9:23,9:28,10:03,10:08,12:04,12:15,13:00,13:05,15:05,15:13,16:01,16:07,17:57,18:32,18:43,18:45
AA_E_TT_SW_SR_6M_1M_01_1,Depth,1:08,3:12,3:23,3:35,3:38,6:12,6:18,6:57,7:04,9:23,9:28,10:03,10:08,12:04,12:15,13:00,13:05,15:05,15:13,16:01,16:07,17:57,18:32,18:43,18:45
AA_E_TT_SW_SR_6M_1M_01_1,Thermal,1:04,3:08,3:19,3:31,3:34,6:08,6:14,6:53,7:00,9:19,9:24,9:59,10:04,12:00,12:11,12:56,13:01,15:01,15:09,15:57,16:03,17:53,18:28,18:39,18:41
AA_E_TT_SW_SR_6M_1M_01_1,Lidar,0:49,2:53,3:04,3:16,3:19,5:53,5:59,6:38,6:45,9:04,9:09,9:44,9:49,11:45,11:56,12:41,12:46,14:46,14:54,15:42,15:48,17:38,18:13,18:24,18:26
AA_E_TT_SW_SR_6M_1M_03_1,IR,0:50,3:39,3:50,4:03,4:06,6:59,7:04,7:31,7:35,9:44,9:49,10:24,10:29,12:47,12:55,13:28,13:28,17:37,17:44,18:10,18:17,20:38,20:48,20:59,21:04
AA_E_TT_SW_SR_6M_1M_03_1,RGB,0:50,3:39,3:50,4:03,4:06,6:59,7:04,7:31,7:35,9:44,9:49,10:24,10:29,12:47,12:55,13:28,13:28,17:37,17:44,18:10,18:17,20:38,20:48,20:59,21:04
AA_E_TT_SW_SR_6M_1M_03_1,Depth,0:50,3:39,3:50,4:03,4:06,6:59,7:04,7:31,7:35,9:44,9:49,10:24,10:29,12:47,12:55,13:28,13:28,17:37,17:44,18:10,18:17,20:38,20:48,20:59,21:04
AA_E_TT_SW_SR_6M_1M_03_1,Thermal,0:47,3:36,3:47,4:00,4:03,6:56,7:01,7:28,7:32,9:41,9:46,10:21,10:26,12:44,12:52,13:25,13:25,17:34,17:41,18:07,18:14,20:35,20:45,20:56,21:01
AA_E_TT_SW_SR_6M_1M_03_1,Lidar,0:28,3:17,3:28,3:41,3:44,6:37,6:42,7:09,7:13,9:22,9:27,10:02,10:07,12:25,12:33,13:06,13:06,17:15,17:22,17:48,17:55,20:16,20:26,20:37,20:42
AA_E_TT_SW_SR_6M_1M_05_0,IR,2:24,4:47,4:54,5:18,5:25,7:46,7:54,8:25,8:34,10:44,10:49,11:28,11:33,13:45,13:57,14:28,14:28,16:48,16:54,17:23,17:28,19:43,20:03,20:25,20:28
AA_E_TT_SW_SR_6M_1M_05_0,RGB,2:24,4:47,4:54,5:18,5:25,7:46,7:54,8:25,8:34,10:44,10:49,11:28,11:33,13:45,13:57,14:28,14:28,16:48,16:54,17:23,17:28,19:43,20:03,20:25,20:28
AA_E_TT_SW_SR_6M_1M_05_0,Depth,2:24,4:47,4:54,5:18,5:25,7:46,7:54,8:25,8:34,10:44,10:49,11:28,11:33,13:45,13:57,14:28,14:28,16:48,16:54,17:23,17:28,19:43,20:03,20:25,20:28
AA_E_TT_SW_SR_6M_1M_05_0,Thermal,2:20,4:43,4:50,5:14,5:21,7:42,7:50,8:21,8:30,10:40,10:45,11:24,11:29,13:41,13:53,14:24,14:24,16:44,16:50,17:19,17:24,19:39,19:59,20:21,20:24
AA_E_TT_SW_SR_6M_1M_05_0,Lidar,2:05,4:28,4:35,4:59,5:06,7:27,7:35,8:06,8:15,10:25,10:30,11:09,11:14,13:26,13:38,14:09,14:09,16:29,16:35,17:04,17:09,19:24,19:44,20:06,20:09
AA_E_TT_SW_SR_6M_1M_07_0,IR,1:05,3:32,3:42,4:06,4:11,6:31,6:38,7:05,7:10,9:31,9:36,10:11,10:16,12:31,12:40,13:15,13:15,15:31,15:35,16:06,16:09,18:28,18:54,19:10,19:13
AA_E_TT_SW_SR_6M_1M_07_0,RGB,1:05,3:32,3:42,4:06,4:11,6:31,6:38,7:05,7:10,9:31,9:36,10:11,10:16,12:31,12:40,13:15,13:15,15:31,15:35,16:06,16:09,18:28,18:54,19:10,19:13
AA_E_TT_SW_SR_6M_1M_07_0,Depth,1:05,3:32,3:42,4:06,4:11,6:31,6:38,7:05,7:10,9:31,9:36,10:11,10:16,12:31,12:40,13:15,13:15,15:31,15:35,16:06,16:09,18:28,18:54,19:10,19:13
AA_E_TT_SW_SR_6M_1M_07_0,Thermal,1:03,3:30,3:40,4:04,4:09,6:29,6:36,7:03,7:08,9:29,9:34,10:09,10:14,12:29,12:38,13:13,13:13,15:29,15:33,16:04,16:07,18:26,18:52,19:08,19:11
AA_E_TT_SW_SR_6M_1M_07_0,Lidar,0:50,3:17,3:27,3:51,3:56,6:16,6:23,6:50,6:55,9:16,9:21,9:56,10:01,12:16,12:25,13:00,13:00,15:16,15:20,15:51,15:54,18:13,18:39,18:55,18:58
AA_E_TT_SW_SR_6M_50CM_01_0,IR,0:49,2:53,3:04,3:16,3:19,5:53,5:59,6:38,6:45,9:04,9:09,9:44,9:49,11:45,11:56,12:41,12:46,14:46,14:54,15:42,15:48,17:38,18:13,18:24,18:26
AA_E_TT_SW_SR_6M_50CM_01_0,RGB,0:49,2:53,3:04,3:16,3:19,5:53,5:59,6:38,6:45,9:04,9:09,9:44,9:49,11:45,11:56,12:41,12:46,14:46,14:54,15:42,15:48,17:38,18:13,18:24,18:26
AA_E_TT_SW_SR_6M_50CM_01_0,Depth,0:49,2:53,3:04,3:16,3:19,5:53,5:59,6:38,6:45,9:04,9:09,9:44,9:49,11:45,11:56,12:41,12:46,14:46,14:54,15:42,15:48,17:38,18:13,18:24,18:26
AA_E_TT_SW_SR_6M_50CM_01_0,Thermal,0:41,2:45,2:56,3:08,3:11,5:45,5:51,6:30,6:37,8:56,9:01,9:36,9:41,11:37,11:48,12:33,12:38,14:38,14:46,15:34,15:40,17:30,18:05,18:16,18:18
AA_E_TT_SW_SR_6M_50CM_01_0,Lidar,0:12,2:16,2:27,2:39,2:42,5:16,5:22,6:01,6:08,8:27,8:32,9:07,9:12,11:08,11:19,12:04,12:09,14:09,14:17,15:05,15:11,17:01,17:36,17:47,17:49
AA_E_TT_SW_SR_6M_50CM_03_0,IR,0:53,3:42,3:53,4:06,4:09,7:02,7:07,7:34,7:38,9:47,9:52,10:27,10:32,12:50,12:58,13:31,13:31,17:40,17:47,18:13,18:20,20:41,20:51,21:02,21:07
AA_E_TT_SW_SR_6M_50CM_03_0,RGB,0:53,3:42,3:53,4:06,4:09,7:02,7:07,7:34,7:38,9:47,9:52,10:27,10:32,12:50,12:58,13:31,13:31,17:40,17:47,18:13,18:20,20:41,20:51,21:02,21:07
AA_E_TT_SW_SR_6M_50CM_03_0,Depth,0:53,3:42,3:53,4:06,4:09,7:02,7:07,7:34,7:38,9:47,9:52,10:27,10:32,12:50,12:58,13:31,13:31,17:40,17:47,18:13,18:20,20:41,20:51,21:02,21:07
AA_E_TT_SW_SR_6M_50CM_03_0,Thermal,0:49,3:38,3:49,4:02,4:05,6:58,7:03,7:30,7:34,9:43,9:48,10:23,10:28,12:46,12:54,13:27,13:27,17:36,17:43,18:09,18:16,20:37,20:47,20:58,21:03
AA_E_TT_SW_SR_6M_50CM_03_0,Lidar,0:32,3:21,3:32,3:45,3:48,6:41,6:46,7:13,7:17,9:26,9:31,10:06,10:11,12:29,12:37,13:10,13:10,17:19,17:26,17:52,17:59,20:20,20:30,20:41,20:46
AA_E_TT_SW_SR_6M_50CM_05_0,IR,2:21,4:44,4:51,5:15,5:22,7:43,7:51,8:22,8:31,10:41,10:46,11:25,11:30,13:42,13:54,14:25,14:25,16:45,16:51,17:20,17:25,19:40,20:00,20:22,20:25
AA_E_TT_SW_SR_6M_50CM_05_0,RGB,2:21,4:44,4:51,5:15,5:22,7:43,7:51,8:22,8:31,10:41,10:46,11:25,11:30,13:42,13:54,14:25,14:25,16:45,16:51,17:20,17:25,19:40,20:00,20:22,20:25
AA_E_TT_SW_SR_6M_50CM_05_0,Depth,2:21,4:44,4:51,5:15,5:22,7:43,7:51,8:22,8:31,10:41,10:46,11:25,11:30,13:42,13:54,14:25,14:25,16:45,16:51,17:20,17:25,19:40,20:00,20:22,20:25
AA_E_TT_SW_SR_6M_50CM_05_0,Thermal,2:14,4:37,4:44,5:08,5:15,7:36,7:44,8:15,8:24,10:34,10:39,11:18,11:23,13:35,13:47,14:18,14:18,16:38,16:44,17:13,17:18,19:33,19:53,20:15,20:18
AA_E_TT_SW_SR_6M_50CM_05_0,Lidar,1:50,4:13,4:20,4:44,4:51,7:12,7:20,7:51,8:00,10:10,10:15,10:54,10:59,13:11,13:23,13:54,13:54,16:14,16:20,16:49,16:54,19:09,19:29,19:51,19:54
AA_E_TT_SW_SR_6M_50CM_07_0,IR,1:00,3:27,3:37,4:01,4:06,6:26,6:33,7:00,7:05,9:26,9:31,10:06,10:11,12:26,12:35,13:10,13:10,15:26,15:30,16:01,16:04,18:23,18:49,19:05,19:08
AA_E_TT_SW_SR_6M_50CM_07_0,RGB,1:00,3:27,3:37,4:01,4:06,6:26,6:33,7:00,7:05,9:26,9:31,10:06,10:11,12:26,12:35,13:10,13:10,15:26,15:30,16:01,16:04,18:23,18:49,19:05,19:08
AA_E_TT_SW_SR_6M_50CM_07_0,Depth,1:00,3:27,3:37,4:01,4:06,6:26,6:33,7:00,7:05,9:26,9:31,10:06,10:11,12:26,12:35,13:10,13:10,15:26,15:30,16:01,16:04,18:23,18:49,19:05,19:08
AA_E_TT_SW_SR_6M_50CM_07_0,Thermal,0:56,3:23,3:33,3:57,4:02,6:22,6:29,6:56,7:01,9:22,9:27,10:02,10:07,12:22,12:31,13:06,13:06,15:22,15:26,15:57,16:00,18:19,18:45,19:01,19:04
AA_E_TT_SW_SR_6M_50CM_07_0,Lidar,0:42,3:09,3:19,3:43,3:48,6:08,6:15,6:42,6:47,9:08,9:13,9:48,9:53,12:08,12:17,12:52,12:52,15:08,15:12,15:43,15:46,18:05,18:31,18:47,18:50
AA_E_TT_SW_SR_8M_1M_01_1,IR,0:49,2:51,3:07,3:23,3:29,5:57,6:03,6:33,6:39,8:51,8:56,9:37,9:42,11:50,11:59,12:35,12:39,14:51,14:57,15:17,15:22,17:52,18:03,18:15,18:18
AA_E_TT_SW_SR_8M_1M_01_1,RGB,0:49,2:51,3:07,3:23,3:29,5:57,6:03,6:33,6:39,8:51,8:56,9:37,9:42,11:50,11:59,12:35,12:39,14:51,14:57,15:17,15:22,17:52,18:03,18:15,18:18
AA_E_TT_SW_SR_8M_1M_01_1,Depth,0:49,2:51,3:07,3:23,3:29,5:57,6:03,6:33,6:39,8:51,8:56,9:37,9:42,11:50,11:59,12:35,12:39,14:51,14:57,15:17,15:22,17:52,18:03,18:15,18:18
AA_E_TT_SW_SR_8M_1M_01_1,Thermal,0:49,2:51,3:07,3:23,3:29,5:57,6:03,6:33,6:39,8:51,8:56,9:37,9:42,11:50,11:59,12:35,12:39,14:51,14:57,15:17,15:22,17:52,18:03,18:15,18:18
AA_E_TT_SW_SR_8M_1M_01_1,Lidar,0:40,2:42,2:58,3:14,3:20,5:48,5:54,6:24,6:30,8:42,8:47,9:28,9:33,11:41,11:50,12:26,12:30,14:42,14:48,15:08,15:13,17:43,17:54,18:06,18:09
AA_E_TT_SW_SR_8M_1M_03_1,IR,0:37,2:44,2:57,3:09,3:17,5:43,5:53,6:22,6:27,8:43,8:48,9:18,9:23,11:45,11:53,12:20,12:24,14:43,14:53,15:22,15:26,17:44,17:56,18:21,18:24
AA_E_TT_SW_SR_8M_1M_03_1,RGB,0:37,2:44,2:57,3:09,3:17,5:43,5:53,6:22,6:27,8:43,8:48,9:18,9:23,11:45,11:53,12:20,12:24,14:43,14:53,15:22,15:26,17:44,17:56,18:21,18:24
AA_E_TT_SW_SR_8M_1M_03_1,Depth,0:37,2:44,2:57,3:09,3:17,5:43,5:53,6:22,6:27,8:43,8:48,9:18,9:23,11:45,11:53,12:20,12:24,14:43,14:53,15:22,15:26,17:44,17:56,18:21,18:24
AA_E_TT_SW_SR_8M_1M_03_1,Thermal,0:34,2:41,2:54,3:06,3:14,5:40,5:50,6:19,6:24,8:40,8:45,9:15,9:20,11:42,11:50,12:17,12:21,14:40,14:50,15:19,15:23,17:41,17:53,18:18,18:21
AA_E_TT_SW_SR_8M_1M_03_1,Lidar,0:22,2:29,2:42,2:54,3:02,5:28,5:38,6:07,6:12,8:28,8:33,9:03,9:08,11:30,11:38,12:05,12:09,14:28,14:38,15:07,15:11,17:29,17:41,18:06,18:09
AA_E_TT_SW_SR_8M_1M_05_0,IR,1:00,3:14,3:24,3:49,3:55,6:14,6:22,6:53,7:02,9:14,9:19,9:58,10:03,12:16,12:26,13:02,13:02,15:12,15:20,15:50,15:58,18:13,18:29,18:48,18:54
AA_E_TT_SW_SR_8M_1M_05_0,RGB,1:00,3:14,3:24,3:49,3:55,6:14,6:22,6:53,7:02,9:14,9:19,9:58,10:03,12:16,12:26,13:02,13:02,15:12,15:20,15:50,15:58,18:13,18:29,18:48,18:54
AA_E_TT_SW_SR_8M_1M_05_0,Depth,1:00,3:14,3:24,3:49,3:55,6:14,6:22,6:53,7:02,9:14,9:19,9:58,10:03,12:16,12:26,13:02,13:02,15:12,15:20,15:50,15:58,18:13,18:29,18:48,18:54
AA_E_TT_SW_SR_8M_1M_05_0,Thermal,0:58,3:12,3:22,3:47,3:53,6:12,6:20,6:51,7:00,9:12,9:17,9:56,10:01,12:14,12:24,13:00,13:00,15:10,15:18,15:48,15:56,18:11,18:27,18:46,18:52
AA_E_TT_SW_SR_8M_1M_05_0,Lidar,0:42,2:56,3:06,3:31,3:37,5:56,6:04,6:35,6:44,8:56,9:01,9:40,9:45,11:58,12:08,12:44,12:44,14:54,15:02,15:32,15:40,17:55,18:11,18:30,18:36
AA_E_TT_SW_SR_8M_1M_07_0,IR,3:45,6:17,6:29,6:50,6:53,8:29,8:35,8:51,8:56,10:51,10:56,11:17,11:22,13:22,13:32,14:08,14:08,16:22,16:30,17:08,17:13,19:21,19:44,20:00,20:05
AA_E_TT_SW_SR_8M_1M_07_0,RGB,3:45,6:17,6:29,6:50,6:53,8:29,8:35,8:51,8:56,10:51,10:56,11:17,11:22,13:22,13:32,14:08,14:08,16:22,16:30,17:08,17:13,19:21,19:44,20:00,20:05
AA_E_TT_SW_SR_8M_1M_07_0,Depth,3:45,6:17,6:29,6:50,6:53,8:29,8:35,8:51,8:56,10:51,10:56,11:17,11:22,13:22,13:32,14:08,14:08,16:22,16:30,17:08,17:13,19:21,19:44,20:00,20:05
AA_E_TT_SW_SR_8M_1M_07_0,Thermal,3:45,6:17,6:29,6:56,6:59,9:19,9:31,9:58,10:08,12:59,13:04,13:37,13:42,15:59,16:09,16:45,16:45,18:59,19:08,19:45,19:51,21:59,22:21,22:37,22:42
AA_E_TT_SW_SR_8M_1M_07_0,Lidar,3:27,5:59,6:11,6:38,6:41,9:01,9:13,9:40,9:50,12:41,12:46,13:19,13:24,15:41,15:51,16:27,16:27,18:41,18:50,19:27,19:33,21:41,22:03,22:19,22:24
AA_E_TT_SW_SR_8M_1M_09_0,IR,3:10,7:13,7:32,7:53,7:59,10:14,10:23,10:58,11:05,13:14,13:19,13:56,14:01,16:12,16:20,16:56,17:00,19:15,19:27,19:47,19:55,22:14,22:36,22:46,22:54
AA_E_TT_SW_SR_8M_1M_09_0,RGB,3:10,7:13,7:32,7:53,7:59,10:14,10:23,10:58,11:05,13:14,13:19,13:56,14:01,16:12,16:20,16:56,17:00,19:15,19:27,19:47,19:55,22:14,22:36,22:46,22:54
AA_E_TT_SW_SR_8M_1M_09_0,Depth,3:10,7:13,7:32,7:53,7:59,10:14,10:23,10:58,11:05,13:14,13:19,13:56,14:01,16:12,16:20,16:56,17:00,19:15,19:27,19:47,19:55,22:14,22:36,22:46,22:54
AA_E_TT_SW_SR_8M_1M_09_0,Thermal,3:08,7:11,7:30,7:51,7:57,10:12,10:21,10:56,11:03,13:12,13:17,13:54,13:59,16:10,16:18,16:54,16:58,19:13,19:25,19:45,19:53,22:12,22:34,22:44,22:52
AA_E_TT_SW_SR_8M_1M_09_0,Lidar,2:54,6:57,7:16,7:37,7:43,9:58,10:07,10:42,10:49,12:58,13:03,13:40,13:45,15:56,16:04,16:40,16:44,18:59,19:11,19:31,19:39,21:58,22:20,22:30,22:38
AA_E_TT_SW_SR_8M_50CM_01_2,IR,0:45,2:47,3:03,3:19,3:25,5:53,5:59,6:29,6:35,8:47,8:52,9:33,9:38,11:46,11:55,12:31,12:35,14:47,14:53,15:13,15:18,17:48,17:59,18:11,18:14
AA_E_TT_SW_SR_8M_50CM_01_2,RGB,0:45,2:47,3:03,3:19,3:25,5:53,5:59,6:29,6:35,8:47,8:52,9:33,9:38,11:46,11:55,12:31,12:35,14:47,14:53,15:13,15:18,17:48,17:59,18:11,18:14
AA_E_TT_SW_SR_8M_50CM_01_2,Depth,0:45,2:47,3:03,3:19,3:25,5:53,5:59,6:29,6:35,8:47,8:52,9:33,9:38,11:46,11:55,12:31,12:35,14:47,14:53,15:13,15:18,17:48,17:59,18:11,18:14
AA_E_TT_SW_SR_8M_50CM_01_2,Thermal,0:39,2:41,2:57,3:13,3:19,5:47,5:53,6:23,6:29,8:41,8:46,9:27,9:32,11:40,11:49,12:25,12:29,14:41,14:47,15:07,15:12,17:42,17:53,18:05,18:08
AA_E_TT_SW_SR_8M_50CM_01_2,Lidar,0:21,2:23,2:39,2:55,3:01,5:29,5:35,6:05,6:11,8:23,8:28,9:09,9:14,11:22,11:31,12:07,12:11,14:23,14:29,14:49,14:54,17:24,17:35,17:47,17:50
AA_E_TT_SW_SR_8M_50CM_03_0,IR,1:02,3:09,3:22,3:34,3:42,6:08,6:18,6:47,6:52,9:08,9:13,9:43,9:48,12:10,12:18,12:45,12:49,15:08,15:18,15:47,15:51,18:09,18:21,18:46,18:49
AA_E_TT_SW_SR_8M_50CM_03_0,RGB,1:02,3:09,3:22,3:34,3:42,6:08,6:18,6:47,6:52,9:08,9:13,9:43,9:48,12:10,12:18,12:45,12:49,15:08,15:18,15:47,15:51,18:09,18:21,18:46,18:49
AA_E_TT_SW_SR_8M_50CM_03_0,Depth,1:02,3:09,3:22,3:34,3:42,6:08,6:18,6:47,6:52,9:08,9:13,9:43,9:48,12:10,12:18,12:45,12:49,15:08,15:18,15:47,15:51,18:09,18:21,18:46,18:49
AA_E_TT_SW_SR_8M_50CM_03_0,Thermal,0:59,3:06,3:19,3:31,3:39,6:05,6:15,6:44,6:49,9:05,9:10,9:40,9:45,12:07,12:15,12:42,12:46,15:05,15:15,15:44,15:48,18:06,18:18,18:43,18:46
AA_E_TT_SW_SR_8M_50CM_03_0,Lidar,0:42,2:49,3:02,3:14,3:22,5:48,5:58,6:27,6:32,8:48,8:53,9:23,9:28,11:50,11:58,12:25,12:29,14:48,14:58,15:27,15:31,17:49,18:01,18:26,18:29
AA_E_TT_SW_SR_8M_50CM_05_0,IR,0:53,3:07,3:17,3:42,3:48,6:07,6:15,6:46,6:55,9:07,9:12,9:51,9:56,12:09,12:19,12:55,12:55,15:05,15:13,15:43,15:51,18:06,18:22,18:41,18:47
AA_E_TT_SW_SR_8M_50CM_05_0,RGB,0:53,3:07,3:17,3:42,3:48,6:07,6:15,6:46,6:55,9:07,9:12,9:51,9:56,12:09,12:19,12:55,12:55,15:05,15:13,15:43,15:51,18:06,18:22,18:41,18:47
AA_E_TT_SW_SR_8M_50CM_05_0,Depth,0:53,3:07,3:17,3:42,3:48,6:07,6:15,6:46,6:55,9:07,9:12,9:51,9:56,12:09,12:19,12:55,12:55,15:05,15:13,15:43,15:51,18:06,18:22,18:41,18:47
AA_E_TT_SW_SR_8M_50CM_05_0,Thermal,0:53,3:07,3:17,3:42,3:48,6:07,6:15,6:46,6:55,9:07,9:12,9:51,9:56,12:09,12:19,12:55,12:55,15:05,15:13,15:43,15:51,18:06,18:22,18:41,18:47
AA_E_TT_SW_SR_8M_50CM_05_0,Lidar,0:40,2:54,3:04,3:29,3:35,5:54,6:02,6:33,6:42,8:54,8:59,9:38,9:43,11:56,12:06,12:42,12:42,14:52,15:00,15:30,15:38,17:53,18:09,18:28,18:34
AA_E_TT_SW_SR_8M_50CM_07_0,IR,3:43,6:15,6:27,6:54,6:57,9:17,9:29,9:56,10:06,12:57,13:02,13:35,13:40,15:57,16:07,16:43,16:43,18:57,19:06,19:43,19:49,21:57,22:19,22:35,22:40
AA_E_TT_SW_SR_8M_50CM_07_0,RGB,3:43,6:15,6:27,6:54,6:57,9:17,9:29,9:56,10:06,12:57,13:02,13:35,13:40,15:57,16:07,16:43,16:43,18:57,19:06,19:43,19:49,21:57,22:19,22:35,22:40
AA_E_TT_SW_SR_8M_50CM_07_0,Depth,3:43,6:15,6:27,6:54,6:57,9:17,9:29,9:56,10:06,12:57,13:02,13:35,13:40,15:57,16:07,16:43,16:43,18:57,19:06,19:43,19:49,21:57,22:19,22:35,22:40
AA_E_TT_SW_SR_8M_50CM_07_0,Thermal,3:39,6:11,6:23,6:50,6:53,9:13,9:25,9:52,10:02,12:53,12:58,13:31,13:36,15:53,16:03,16:39,16:39,18:53,19:02,19:39,19:45,21:53,22:15,22:31,22:36
AA_E_TT_SW_SR_8M_50CM_07_0,Lidar,3:22,5:54,6:06,6:33,6:36,8:56,9:08,9:35,9:45,12:36,12:41,13:14,13:19,15:36,15:46,16:22,16:22,18:36,18:45,19:22,19:28,21:36,21:58,22:14,22:19
AA_E_TT_SW_SR_8M_50CM_09_0,IR,3:06,7:09,7:28,7:49,7:55,10:10,10:19,10:54,11:01,13:10,13:15,13:52,13:57,16:08,16:16,16:52,16:56,19:11,19:23,19:43,19:51,22:10,22:32,22:42,22:50
AA_E_TT_SW_SR_8M_50CM_09_0,RGB,3:06,7:09,7:28,7:49,7:55,10:10,10:19,10:54,11:01,13:10,13:15,13:52,13:57,16:08,16:16,16:52,16:56,19:11,19:23,19:43,19:51,22:10,22:32,22:42,22:50
AA_E_TT_SW_SR_8M_50CM_09_0,Depth,3:06,7:09,7:28,7:49,7:55,10:10,10:19,10:54,11:01,13:10,13:15,13:52,13:57,16:08,16:16,16:52,16:56,19:11,19:23,19:43,19:51,22:10,22:32,22:42,22:50
AA_E_TT_SW_SR_8M_50CM_09_0,Thermal,3:08,7:11,7:30,7:51,7:57,10:12,10:21,10:56,11:03,13:12,13:17,13:54,13:59,16:10,16:18,16:54,16:58,19:13,19:25,19:45,19:53,22:12,22:34,22:44,22:52
AA_E_TT_SW_SR_8M_50CM_09_0,Lidar,2:55,6:58,7:17,7:38,7:44,9:59,10:08,10:43,10:50,12:59,13:04,13:41,13:46,15:57,16:05,16:41,16:45,19:00,19:12,19:32,19:40,21:59,22:21,22:31,22:39
AA_E_TT_SW_SR_S_1M_01_1,IR,1:29,3:28,3:38,4:01,4:05,6:31,6:38,7:22,7:26,9:48,9:53,10:44,10:49,13:18,13:30,13:52,13:52,14:50,15:00,15:40,15:36,17:36,17:59,18:08,18:11
AA_E_TT_SW_SR_S_1M_01_1,RGB,1:29,3:28,3:38,4:01,4:05,6:31,6:38,7:22,7:26,9:48,9:53,10:44,10:49,13:18,13:30,13:52,13:52,14:50,15:00,15:40,15:36,17:36,17:59,18:08,18:11
AA_E_TT_SW_SR_S_1M_01_1,Depth,1:29,3:28,3:38,4:01,4:05,6:31,6:38,7:22,7:26,9:48,9:53,10:44,10:49,13:18,13:30,13:52,13:52,14:50,15:00,15:40,15:36,17:36,17:59,18:08,18:11
AA_E_TT_SW_SR_S_1M_01_1,Thermal,1:26,3:25,3:35,3:58,4:02,6:28,6:35,7:19,7:23,9:45,9:50,10:41,10:46,13:15,13:27,13:49,13:49,14:47,14:57,15:37,15:33,17:33,17:56,18:05,18:08
AA_E_TT_SW_SR_S_1M_01_1,Lidar,1:04,3:03,3:13,3:36,3:40,6:06,6:13,6:57,7:01,9:23,9:28,10:19,10:24,12:53,13:05,13:27,13:27,14:25,14:35,15:15,15:11,17:11,17:34,17:43,17:46
AA_E_TT_SW_SR_S_1M_03_1,IR,1:14,3:33,3:40,3:59,4:02,6:34,6:41,7:08,7:12,9:34,9:39,10:06,10:11,12:33,12:45,13:10,13:15,15:33,15:39,16:03,16:09,18:33,18:51,19:00,19:04
AA_E_TT_SW_SR_S_1M_03_1,RGB,1:14,3:33,3:40,3:59,4:02,6:34,6:41,7:08,7:12,9:34,9:39,10:06,10:11,12:33,12:45,13:10,13:15,15:33,15:39,16:03,16:09,18:33,18:51,19:00,19:04
AA_E_TT_SW_SR_S_1M_03_1,Depth,1:14,3:33,3:40,3:59,4:02,6:34,6:41,7:08,7:12,9:34,9:39,10:06,10:11,12:33,12:45,13:10,13:15,15:33,15:39,16:03,16:09,18:33,18:51,19:00,19:04
AA_E_TT_SW_SR_S_1M_03_1,Thermal,1:12,3:31,3:38,3:57,4:00,6:32,6:39,7:06,7:10,9:32,9:37,10:04,10:09,12:31,12:43,13:08,13:13,15:31,15:37,16:01,16:07,18:31,18:49,18:58,19:02
AA_E_TT_SW_SR_S_1M_03_1,Lidar,1:01,3:20,3:27,3:46,3:49,6:21,6:28,6:55,6:59,9:21,9:26,9:53,9:58,12:20,12:32,12:57,13:02,15:20,15:26,15:50,15:56,18:20,18:38,18:47,18:51
AA_E_TT_SW_SR_S_1M_05_0,IR,4:12,7:20,7:31,7:54,8:01,10:20,10:30,10:58,11:07,13:20,13:25,14:02,14:07,16:28,16:30,17:06,17:10,19:20,19:25,19:52,19:57,22:23,22:32,22:58,23:03
AA_E_TT_SW_SR_S_1M_05_0,RGB,4:12,7:20,7:31,7:54,8:01,10:20,10:30,10:58,11:07,13:20,13:25,14:02,14:07,16:28,16:30,17:06,17:10,19:20,19:25,19:52,19:57,22:23,22:32,22:58,23:03
AA_E_TT_SW_SR_S_1M_05_0,Depth,4:12,7:20,7:31,7:54,8:01,10:20,10:30,10:58,11:07,13:20,13:25,14:02,14:07,16:28,16:30,17:06,17:10,19:20,19:25,19:52,19:57,22:23,22:32,22:58,23:03
AA_E_TT_SW_SR_S_1M_05_0,Thermal,4:10,7:18,7:29,7:52,7:59,10:18,10:28,10:56,11:05,13:18,13:23,14:00,14:05,16:26,16:28,17:04,17:08,19:18,19:23,19:50,19:55,22:21,22:30,22:56,23:01
AA_E_TT_SW_SR_S_1M_05_0,Lidar,3:56,7:04,7:15,7:38,7:45,10:04,10:14,10:42,10:51,13:04,13:09,13:46,13:51,16:12,16:14,16:50,16:54,19:04,19:09,19:36,19:41,22:07,22:16,22:42,22:47
AA_E_TT_SW_SR_S_1M_07_0,IR,0:55,3:19,3:33,4:00,4:04,6:25,6:29,6:52,6:58,9:19,9:24,10:04,10:09,12:17,12:25,13:00,13:04,15:17,15:27,16:03,16:08,18:25,18:41,19:02,19:06
AA_E_TT_SW_SR_S_1M_07_0,RGB,0:55,3:19,3:33,4:00,4:04,6:25,6:29,6:52,6:58,9:19,9:24,10:04,10:09,12:17,12:25,13:00,13:04,15:17,15:27,16:03,16:08,18:25,18:41,19:02,19:06
AA_E_TT_SW_SR_S_1M_07_0,Depth,0:55,3:19,3:33,4:00,4:04,6:25,6:29,6:52,6:58,9:19,9:24,10:04,10:09,12:17,12:25,13:00,13:04,15:17,15:27,16:03,16:08,18:25,18:41,19:02,19:06
AA_E_TT_SW_SR_S_1M_07_0,Thermal,0:52,3:16,3:30,3:57,4:01,6:22,6:26,6:49,6:55,9:16,9:21,10:01,10:06,12:14,12:22,12:57,13:01,15:14,15:24,16:00,16:05,18:22,18:38,18:59,19:03
AA_E_TT_SW_SR_S_1M_07_0,Lidar,0:23,2:47,3:01,3:28,3:32,5:53,5:57,6:20,6:26,8:47,8:52,9:32,9:37,11:45,11:53,12:28,12:32,14:45,14:55,15:31,15:36,17:53,18:09,18:30,18:34
AA_E_TT_SW_SR_S_50CM_01_0,IR,0:56,2:56,3:14,3:23,3:30,6:01,6:09,6:46,6:51,9:02,9:07,9:43,9:48,11:56,12:05,12:22,12:27,15:01,15:13,15:36,15:43,18:01,18:16,18:22,18:24
AA_E_TT_SW_SR_S_50CM_01_0,RGB,0:56,2:56,3:14,3:23,3:30,6:01,6:09,6:46,6:51,9:02,9:07,9:43,9:48,11:56,12:05,12:22,12:27,15:01,15:13,15:36,15:43,18:01,18:16,18:22,18:24
AA_E_TT_SW_SR_S_50CM_01_0,Depth,0:56,2:56,3:14,3:23,3:30,6:01,6:09,6:46,6:51,9:02,9:07,9:43,9:48,11:56,12:05,12:22,12:27,15:01,15:13,15:36,15:43,18:01,18:16,18:22,18:24
AA_E_TT_SW_SR_S_50CM_01_0,Thermal,0:53,2:53,3:11,3:20,3:27,5:58,6:06,6:43,6:48,8:59,9:04,9:40,9:45,11:53,12:02,12:19,12:24,14:58,15:10,15:33,15:40,17:58,18:13,18:19,18:21
AA_E_TT_SW_SR_S_50CM_01_0,Lidar,0:32,2:32,2:50,2:59,3:06,5:37,5:45,6:22,6:27,8:38,8:43,9:19,9:24,11:32,11:41,11:58,12:03,14:37,14:49,15:12,15:19,17:37,17:52,17:58,18:00
AA_E_TT_SW_SR_S_50CM_03_0,IR,1:11,3:30,3:37,3:56,3:59,6:31,6:38,7:05,7:09,9:31,9:36,10:03,10:08,12:30,12:42,13:07,13:12,15:30,15:36,16:00,16:06,18:30,18:48,18:57,19:01
AA_E_TT_SW_SR_S_50CM_03_0,RGB,1:11,3:30,3:37,3:56,3:59,6:31,6:38,7:05,7:09,9:31,9:36,10:03,10:08,12:30,12:42,13:07,13:12,15:30,15:36,16:00,16:06,18:30,18:48,18:57,19:01
AA_E_TT_SW_SR_S_50CM_03_0,Depth,1:11,3:30,3:37,3:56,3:59,6:31,6:38,7:05,7:09,9:31,9:36,10:03,10:08,12:30,12:42,13:07,13:12,15:30,15:36,16:00,16:06,18:30,18:48,18:57,19:01
AA_E_TT_SW_SR_S_50CM_03_0,Thermal,1:07,3:26,3:33,3:52,3:55,6:27,6:34,7:01,7:05,9:27,9:32,9:59,10:04,12:26,12:38,13:03,13:08,15:26,15:32,15:56,16:02,18:26,18:44,18:53,18:57
AA_E_TT_SW_SR_S_50CM_03_0,Lidar,0:50,3:09,3:16,3:35,3:38,6:10,6:17,6:44,6:48,9:10,9:15,9:42,9:47,12:09,12:21,12:46,12:51,15:09,15:15,15:39,15:45,18:09,18:27,18:36,18:40
AA_E_TT_SW_SR_S_50CM_05_0,IR,4:06,7:14,7:25,7:48,7:55,10:14,10:24,10:52,11:01,13:14,13:19,13:56,14:01,16:22,16:24,17:00,17:04,19:14,19:19,19:46,19:51,22:17,22:26,22:52,22:57
AA_E_TT_SW_SR_S_50CM_05_0,RGB,4:06,7:14,7:25,7:48,7:55,10:14,10:24,10:52,11:01,13:14,13:19,13:56,14:01,16:22,16:24,17:00,17:04,19:14,19:19,19:46,19:51,22:17,22:26,22:52,22:57
AA_E_TT_SW_SR_S_50CM_05_0,Depth,4:06,7:14,7:25,7:48,7:55,10:14,10:24,10:52,11:01,13:14,13:19,13:56,14:01,16:22,16:24,17:00,17:04,19:14,19:19,19:46,19:51,22:17,22:26,22:52,22:57
AA_E_TT_SW_SR_S_50CM_05_0,Thermal,4:03,7:11,7:22,7:45,7:52,10:11,10:21,10:49,10:58,13:11,13:16,13:53,13:58,16:19,16:21,16:57,17:01,19:11,19:16,19:43,19:48,22:14,22:23,22:49,22:54
AA_E_TT_SW_SR_S_50CM_05_0,Lidar,3:51,6:59,7:10,7:33,7:40,9:59,10:09,10:37,10:46,12:59,13:04,13:41,13:46,16:07,16:09,16:45,16:49,18:59,19:04,19:31,19:36,22:02,22:11,22:37,22:42
AA_E_TT_SW_SR_S_50CM_07_0,IR,1:16,3:40,3:54,4:21,4:25,6:46,6:50,7:13,7:19,9:40,9:45,10:25,10:30,12:38,12:46,13:21,13:25,15:38,15:48,16:24,16:29,18:46,19:02,19:23,19:27
AA_E_TT_SW_SR_S_50CM_07_0,RGB,1:16,3:40,3:54,4:21,4:25,6:46,6:50,7:13,7:19,9:40,9:45,10:25,10:30,12:38,12:46,13:21,13:25,15:38,15:48,16:24,16:29,18:46,19:02,19:23,19:27
AA_E_TT_SW_SR_S_50CM_07_0,Depth,1:16,3:40,3:54,4:21,4:25,6:46,6:50,7:13,7:19,9:40,9:45,10:25,10:30,12:38,12:46,13:21,13:25,15:38,15:48,16:24,16:29,18:46,19:02,19:23,19:27
AA_E_TT_SW_SR_S_50CM_07_0,Thermal,1:00,3:24,3:38,4:05,4:09,6:30,6:34,6:57,7:03,9:24,9:29,10:09,10:14,12:22,12:30,13:05,13:09,15:22,15:32,16:08,16:13,18:30,18:46,19:07,19:11
AA_E_TT_SW_SR_S_50CM_07_0,Lidar,0:47,3:11,3:25,3:52,3:56,6:17,6:21,6:44,6:50,9:11,9:16,9:56,10:01,12:09,12:17,12:52,12:56,15:09,15:19,15:55,16:00,18:17,18:33,18:54,18:58
AA_E_TT_SW_SS_6M_1M_01_1,IR,1:06,3:12,3:21,3:34,3:37,6:14,6:24,6:49,6:52,9:13,9:18,9:51,9:56,12:11,12:20,12:46,12:46,15:14,15:37,15:51,15:57,18:11,18:28,18:43,18:47
AA_E_TT_SW_SS_6M_1M_01_1,RGB,1:05,3:12,3:21,3:34,3:37,6:14,6:24,6:49,6:52,9:13,9:18,9:51,9:56,12:11,12:20,12:46,12:46,15:14,15:37,15:51,15:57,18:11,18:28,18:43,18:47
AA_E_TT_SW_SS_6M_1M_01_1,Depth,1:06,3:12,3:21,3:34,3:37,6:14,6:24,6:49,6:52,9:13,9:18,9:51,9:56,12:11,12:20,12:46,12:46,15:14,15:37,15:51,15:57,18:11,18:28,18:43,18:47
AA_E_TT_SW_SS_6M_1M_01_1,Thermal,1:06,3:12,3:21,3:34,3:37,6:14,6:24,6:49,6:52,9:13,9:18,9:51,9:56,12:11,12:20,12:46,12:46,15:14,15:37,15:51,15:57,18:11,18:28,18:43,18:47
AA_E_TT_SW_SS_6M_1M_01_1,Lidar,0:55,3:01,3:10,3:23,3:26,6:03,6:13,6:38,6:41,9:02,9:07,9:40,9:45,12:00,12:09,12:35,12:35,15:03,15:26,15:40,15:46,18:00,18:17,18:32,18:36
AA_E_TT_SW_SS_6M_1M_03_1,IR,0:41,2:52,2:59,3:21,3:26,5:52,6:01,6:33,6:37,8:52,8:57,9:32,9:37,11:47,12:00,12:29,12:32,14:49,14:54,15:27,15:32,17:52,18:09,18:18,18:22
AA_E_TT_SW_SS_6M_1M_03_1,RGB,0:41,2:52,2:59,3:21,3:26,5:52,6:01,6:33,6:37,8:52,8:57,9:32,9:37,11:47,12:00,12:29,12:32,14:49,14:54,15:27,15:32,17:52,18:09,18:18,18:22
AA_E_TT_SW_SS_6M_1M_03_1,Depth,0:41,2:52,2:59,3:21,3:26,5:52,6:01,6:33,6:37,8:52,8:57,9:32,9:37,11:47,12:00,12:29,12:32,14:49,14:54,15:27,15:32,17:52,18:09,18:18,18:22
AA_E_TT_SW_SS_6M_1M_03_1,Thermal,0:39,2:50,2:57,3:19,3:24,5:50,5:59,6:31,6:35,8:50,8:55,9:30,9:35,11:45,11:58,12:27,12:30,14:47,14:52,15:25,15:30,17:50,18:07,18:16,18:20
AA_E_TT_SW_SS_6M_1M_03_1,Lidar,0:27,2:38,2:45,3:07,3:12,5:38,5:47,6:19,6:23,8:38,8:43,9:18,9:23,11:33,11:46,12:15,12:18,14:35,14:40,15:13,15:18,17:38,17:55,18:04,18:08
AA_E_TT_SW_SS_6M_1M_05_0,IR,1:53,5:07,5:19,5:38,5:44,8:07,8:14,8:42,8:46,11:07,11:12,11:44,11:49,14:06,14:15,14:48,14:51,22:17,22:26,22:55,23:00,25:18:00,25:34:00,25:55:00,25:56:00
AA_E_TT_SW_SS_6M_1M_05_0,RGB,1:53,5:07,5:19,5:38,5:44,8:07,8:14,8:42,8:46,11:07,11:12,11:44,11:49,14:06,14:15,14:48,14:51,22:17,22:26,22:55,23:00,25:18:00,25:34:00,25:55:00,25:56:00
AA_E_TT_SW_SS_6M_1M_05_0,Depth,1:53,5:07,5:19,5:38,5:44,8:07,8:14,8:42,8:46,11:07,11:12,11:44,11:49,14:06,14:15,14:48,14:51,22:17,22:26,22:55,23:00,25:18:00,25:34:00,25:55:00,25:56:00
AA_E_TT_SW_SS_6M_1M_05_0,Thermal,1:46,5:00,5:12,5:31,5:37,8:00,8:07,8:35,8:39,11:00,11:05,11:37,11:42,13:59,14:08,14:41,14:44,22:10,22:19,22:48,22:53,25:11:00,25:27:00,25:48:00,25:49:00
AA_E_TT_SW_SS_6M_1M_05_0,Lidar,1:35,4:49,5:01,5:20,5:26,7:49,7:56,8:24,8:28,10:49,10:54,11:26,11:31,13:48,13:57,14:30,14:33,21:59,22:08,22:37,22:42,25:00:00,25:16:00,25:37:00,25:38:00
AA_E_TT_SW_SS_6M_1M_07_0,IR,1:16,3:48,3:57,4:11,4:15,6:08,6:11,6:36,6:47,8:50,8:55,9:29,9:34,11:48,11:53,12:14,12:18,14:03,14:07,14:49,14:55,17:04,17:24,17:39,17:44
AA_E_TT_SW_SS_6M_1M_07_0,RGB,1:16,3:48,3:57,4:11,4:15,6:08,6:11,6:36,6:47,8:50,8:55,9:29,9:34,11:48,11:53,12:14,12:18,14:03,14:07,14:49,14:55,17:04,17:24,17:39,17:44
AA_E_TT_SW_SS_6M_1M_07_0,Depth,1:16,3:48,3:57,4:11,4:15,6:08,6:11,6:36,6:47,8:50,8:55,9:29,9:34,11:48,11:53,12:14,12:18,14:03,14:07,14:49,14:55,17:04,17:24,17:39,17:44
AA_E_TT_SW_SS_6M_1M_07_0,Thermal,1:13,3:44,3:55,4:15,4:20,6:44,6:49,7:13,7:25,9:45,9:50,10:24,10:29,12:46,12:52,13:18,13:22,15:43,15:47,16:29,16:35,18:43,19:03,19:19,19:24
AA_E_TT_SW_SS_6M_1M_07_0,Lidar,0:57,3:28,3:39,3:59,4:04,6:28,6:33,6:57,7:09,9:29,9:34,10:08,10:13,12:30,12:36,13:02,13:06,15:27,15:31,16:13,16:19,18:27,18:47,19:03,19:08
AA_E_TT_SW_SS_6M_50CM_01_0,IR,0:51,2:57,3:06,3:19,3:22,5:59,6:09,6:34,6:37,8:58,9:03,9:36,9:41,11:56,12:05,12:31,12:31,14:59,15:22,15:36,15:42,17:56,18:13,18:28,18:32
AA_E_TT_SW_SS_6M_50CM_01_0,RGB,0:50,2:56,3:05,3:18,3:21,5:58,6:08,6:33,6:36,8:57,9:02,9:35,9:40,11:55,12:04,12:30,12:30,14:58,15:21,15:35,15:41,17:55,18:12,18:27,18:31
AA_E_TT_SW_SS_6M_50CM_01_0,Depth,0:51,2:57,3:06,3:19,3:22,5:59,6:09,6:34,6:37,8:58,9:03,9:36,9:41,11:56,12:05,12:31,12:31,14:59,15:22,15:36,15:42,17:56,18:13,18:28,18:32
AA_E_TT_SW_SS_6M_50CM_01_0,Thermal,0:47,2:53,3:02,3:15,3:18,5:55,6:05,6:30,6:33,8:54,8:59,9:32,9:37,11:52,12:01,12:27,12:27,14:55,15:18,15:32,15:38,17:52,18:09,18:24,18:28
AA_E_TT_SW_SS_6M_50CM_01_0,Lidar,0:23,2:29,2:38,2:51,2:54,5:31,5:41,6:06,6:09,8:30,8:35,9:08,9:13,11:28,11:37,12:03,12:03,14:31,14:54,15:08,15:14,17:28,17:45,18:00,18:04
AA_E_TT_SW_SS_6M_50CM_03_1,IR,0:40,2:51,2:58,3:20,3:25,5:51,6:00,6:32,6:36,8:51,8:56,9:31,9:36,11:46,11:59,12:28,12:31,14:48,14:53,15:26,15:31,17:51,18:08,18:17,18:21
AA_E_TT_SW_SS_6M_50CM_03_1,RGB,0:40,2:51,2:58,3:20,3:25,5:51,6:00,6:32,6:36,8:51,8:56,9:31,9:36,11:46,11:59,12:28,12:31,14:48,14:53,15:26,15:31,17:51,18:08,18:17,18:21
AA_E_TT_SW_SS_6M_50CM_03_1,Depth,0:40,2:51,2:58,3:20,3:25,5:51,6:00,6:32,6:36,8:51,8:56,9:31,9:36,11:46,11:59,12:28,12:31,14:48,14:53,15:26,15:31,17:51,18:08,18:17,18:21
AA_E_TT_SW_SS_6M_50CM_03_1,Thermal,0:39,2:50,2:57,3:19,3:24,5:50,5:59,6:31,6:35,8:50,8:55,9:30,9:35,11:45,11:58,12:27,12:30,14:47,14:52,15:25,15:30,17:50,18:07,18:16,18:20
AA_E_TT_SW_SS_6M_50CM_03_1,Lidar,0:20,2:31,2:38,3:00,3:05,5:31,5:40,6:12,6:16,8:31,8:36,9:11,9:16,11:26,11:39,12:08,12:11,14:28,14:33,15:06,15:11,17:31,17:48,17:57,18:01
AA_E_TT_SW_SS_6M_50CM_05_0,IR,2:02,5:16,5:28,5:47,5:53,8:16,8:23,8:51,8:55,11:16,11:21,11:53,11:58,14:15,14:24,14:57,15:00,22:26,22:35,23:04,23:09,25:27:00,25:43:00,26:04:00,26:05:00
AA_E_TT_SW_SS_6M_50CM_05_0,RGB,2:02,5:16,5:28,5:47,5:53,8:16,8:23,8:51,8:55,11:16,11:21,11:53,11:58,14:15,14:24,14:57,15:00,22:26,22:35,23:04,23:09,25:27:00,25:43:00,26:04:00,26:05:00
AA_E_TT_SW_SS_6M_50CM_05_0,Depth,2:02,5:16,5:28,5:47,5:53,8:16,8:23,8:51,8:55,11:16,11:21,11:53,11:58,14:15,14:24,14:57,15:00,22:26,22:35,23:04,23:09,25:27:00,25:43:00,26:04:00,26:05:00
AA_E_TT_SW_SS_6M_50CM_05_0,Thermal,2:04,5:18,5:30,5:49,5:55,8:18,8:25,8:53,8:57,11:18,11:23,11:55,12:00,14:17,14:26,14:59,15:02,22:28,22:37,23:06,23:11,25:29:00,25:45:00,26:06:00,26:07:00
AA_E_TT_SW_SS_6M_50CM_05_0,Lidar,1:52,5:06,5:18,5:37,5:43,8:06,8:13,8:41,8:45,11:06,11:11,11:43,11:48,14:05,14:14,14:47,14:50,22:16,22:25,22:54,22:59,25:17:00,25:33:00,25:54:00,25:55:00
AA_E_TT_SW_SS_6M_50CM_07_0,IR,1:02,3:33,3:44,4:04,4:09,6:33,6:38,7:02,7:14,9:34,9:39,10:13,10:18,12:35,12:41,13:07,13:11,15:32,15:36,16:18,16:24,18:32,18:52,19:08,19:13
AA_E_TT_SW_SS_6M_50CM_07_0,RGB,1:02,3:33,3:44,4:04,4:09,6:33,6:38,7:02,7:14,9:34,9:39,10:13,10:18,12:35,12:41,13:07,13:11,15:32,15:36,16:18,16:24,18:32,18:52,19:08,19:13
AA_E_TT_SW_SS_6M_50CM_07_0,Depth,1:02,3:33,3:44,4:04,4:09,6:33,6:38,7:02,7:14,9:34,9:39,10:13,10:18,12:35,12:41,13:07,13:11,15:32,15:36,16:18,16:24,18:32,18:52,19:08,19:13
AA_E_TT_SW_SS_6M_50CM_07_0,Thermal,0:57,3:28,3:39,3:59,4:04,6:28,6:33,6:57,7:09,9:29,9:34,10:08,10:13,12:30,12:36,13:02,13:06,15:27,15:31,16:13,16:19,18:27,18:47,19:03,19:08
AA_E_TT_SW_SS_6M_50CM_07_0,Lidar,0:42,3:13,3:24,3:44,3:49,6:13,6:18,6:42,6:54,9:14,9:19,9:53,9:58,12:15,12:21,12:47,12:51,15:12,15:16,15:58,16:04,18:12,18:32,18:48,18:53
AA_E_TT_SW_SS_8M_1M_01_1,IR,1:01,4:43,4:55,5:09,5:12,7:40,7:58,8:16,8:19,10:42,10:47,11:25,11:30,13:39,13:48,14:20,14:20,16:41,17:00,17:15,17:20,19:41,20:10,20:14,20:17
AA_E_TT_SW_SS_8M_1M_01_1,RGB,1:01,4:43,4:55,5:09,5:12,7:40,7:58,8:16,8:19,10:42,10:47,11:25,11:30,13:39,13:48,14:20,14:20,16:41,17:00,17:15,17:20,19:41,20:10,20:14,20:17
AA_E_TT_SW_SS_8M_1M_01_1,Depth,1:01,4:43,4:55,5:09,5:12,7:40,7:58,8:16,8:19,10:42,10:47,11:25,11:30,13:39,13:48,14:20,14:20,16:41,17:00,17:15,17:20,19:41,20:10,20:14,20:17
AA_E_TT_SW_SS_8M_1M_01_1,Thermal,1:02,4:44,4:56,5:10,5:13,7:41,7:59,8:17,8:20,10:43,10:48,11:26,11:31,13:40,13:49,14:21,14:21,16:42,17:01,17:16,17:21,19:42,20:11,20:15,20:18
AA_E_TT_SW_SS_8M_1M_01_1,Lidar,0:53,4:35,4:47,5:01,5:04,7:32,7:50,8:08,8:11,10:34,10:39,11:17,11:22,13:31,13:40,14:12,14:12,16:33,16:52,17:07,17:12,19:33,20:02,20:06,20:09
AA_E_TT_SW_SS_8M_1M_03_1,IR,0:34,2:49,2:57,3:18,3:24,5:50,5:58,6:24,6:28,8:47,8:52,9:27,9:32,11:47,11:53,12:23,12:23,14:46,14:57,15:22,15:25,17:47,17:58,18:17,18:21
AA_E_TT_SW_SS_8M_1M_03_1,RGB,0:34,2:49,2:57,3:18,3:24,5:50,5:58,6:24,6:28,8:47,8:52,9:27,9:32,11:47,11:53,12:23,12:23,14:46,14:57,15:22,15:25,17:47,17:58,18:17,18:21
AA_E_TT_SW_SS_8M_1M_03_1,Depth,0:34,2:49,2:57,3:18,3:24,5:50,5:58,6:24,6:28,8:47,8:52,9:27,9:32,11:47,11:53,12:23,12:23,14:46,14:57,15:22,15:25,17:47,17:58,18:17,18:21
AA_E_TT_SW_SS_8M_1M_03_1,Thermal,0:33,2:48,2:56,3:17,3:23,5:49,5:57,6:23,6:27,8:46,8:51,9:26,9:31,11:46,11:52,12:22,12:22,14:45,14:56,15:21,15:24,17:46,17:57,18:16,18:20
AA_E_TT_SW_SS_8M_1M_03_1,Lidar,0:22,2:37,2:45,3:06,3:12,5:38,5:46,6:12,6:16,8:35,8:40,9:15,9:20,11:35,11:41,12:11,12:11,14:34,14:45,15:10,15:13,17:35,17:46,18:05,18:09
AA_E_TT_SW_SS_8M_1M_05_0,IR,0:43,4:43,4:53,5:14,5:19,6:53,6:56,7:28,7:34,9:54,9:59,10:30,10:35,12:54,13:02,13:39,13:39,15:52,16:01,16:34,16:39,18:53,19:25,19:30,19:34
AA_E_TT_SW_SS_8M_1M_05_0,RGB,0:43,4:43,4:53,5:14,5:19,6:53,6:56,7:28,7:34,9:54,9:59,10:30,10:35,12:54,13:02,13:39,13:39,15:52,16:01,16:34,16:39,18:53,19:25,19:30,19:34
AA_E_TT_SW_SS_8M_1M_05_0,Depth,0:43,4:43,4:53,5:14,5:19,6:53,6:56,7:28,7:34,9:54,9:59,10:30,10:35,12:54,13:02,13:39,13:39,15:52,16:01,16:34,16:39,18:53,19:25,19:30,19:34
AA_E_TT_SW_SS_8M_1M_05_0,Thermal,0:40,4:40,4:50,5:11,5:16,6:50,6:53,7:25,7:31,9:51,9:56,10:27,10:32,12:51,12:59,13:36,13:36,15:49,15:58,16:31,16:36,18:50,19:22,19:27,19:31
AA_E_TT_SW_SS_8M_1M_05_0,Lidar,0:30,4:30,4:40,5:01,5:06,6:40,6:43,7:15,7:21,9:41,9:46,10:17,10:22,12:41,12:49,13:26,13:26,15:39,15:48,16:21,16:26,18:40,19:12,19:17,19:21
AA_E_TT_SW_SS_8M_1M_07_0,IR,0:42,2:36,2:45,3:02,3:04,5:00,5:04,5:22,5:22,7:28,7:33,8:07,8:12,10:26,10:34,11:04,11:04,13:06,13:13,13:44,13:50,16:05,16:28,16:45,16:50
AA_E_TT_SW_SS_8M_1M_07_0,RGB,0:42,2:36,2:45,3:02,3:04,5:00,5:04,5:22,5:22,7:28,7:33,8:07,8:12,10:26,10:34,11:04,11:04,13:06,13:13,13:44,13:50,16:05,16:28,16:45,16:50
AA_E_TT_SW_SS_8M_1M_07_0,Depth,0:42,2:36,2:45,3:02,3:04,5:00,5:04,5:22,5:22,7:28,7:33,8:07,8:12,10:26,10:34,11:04,11:04,13:06,13:13,13:44,13:50,16:05,16:28,16:45,16:50
AA_E_TT_SW_SS_8M_1M_07_0,Thermal,0:41,3:18,3:29,3:55,3:59,6:38,6:42,7:08,7:08,9:38,9:43,10:17,10:22,12:36,12:44,13:14,13:14,15:34,15:43,16:15,16:21,18:36,18:58,19:15,19:20
AA_E_TT_SW_SS_8M_1M_07_0,Lidar,0:29,3:06,3:17,3:43,3:47,6:26,6:30,6:56,6:56,9:26,9:31,10:05,10:10,12:24,12:32,13:02,13:02,15:22,15:31,16:03,16:09,18:24,18:46,19:03,19:08
AA_E_TT_SW_SS_8M_50CM_01_0,IR,0:43,4:25,4:37,4:51,4:54,7:22,7:40,7:58,8:01,10:24,10:29,11:07,11:12,13:21,13:30,14:02,14:02,16:23,16:42,16:57,17:02,19:23,19:52,19:56,19:59
AA_E_TT_SW_SS_8M_50CM_01_0,RGB,0:42,4:24,4:36,4:50,4:53,7:21,7:39,7:57,8:00,10:23,10:28,11:06,11:11,13:20,13:29,14:01,14:01,16:22,16:41,16:56,17:01,19:22,19:51,19:55,19:58
AA_E_TT_SW_SS_8M_50CM_01_0,Depth,0:43,4:25,4:37,4:51,4:54,7:22,7:40,7:58,8:01,10:24,10:29,11:07,11:12,13:21,13:30,14:02,14:02,16:23,16:42,16:57,17:02,19:23,19:52,19:56,19:59
AA_E_TT_SW_SS_8M_50CM_01_0,Thermal,0:36,4:18,4:30,4:44,4:47,7:15,7:33,7:51,7:54,10:17,10:22,11:00,11:05,13:14,13:23,13:55,13:55,16:16,16:35,16:50,16:55,19:16,19:45,19:49,19:52
AA_E_TT_SW_SS_8M_50CM_01_0,Lidar,0:17,3:59,4:11,4:25,4:28,6:56,7:14,7:32,7:35,9:58,10:03,10:41,10:46,12:55,13:04,13:36,13:36,15:57,16:16,16:31,16:36,18:57,19:26,19:30,19:33
AA_E_TT_SW_SS_8M_50CM_03_1,IR,0:31,2:46,2:54,3:15,3:21,5:47,5:55,6:21,6:25,8:44,8:49,9:24,9:29,11:44,11:50,12:20,12:20,14:43,14:54,15:19,15:22,17:44,17:55,18:14,18:18
AA_E_TT_SW_SS_8M_50CM_03_1,RGB,0:31,2:46,2:54,3:15,3:21,5:47,5:55,6:21,6:25,8:44,8:49,9:24,9:29,11:44,11:50,12:20,12:20,14:43,14:54,15:19,15:22,17:44,17:55,18:14,18:18
AA_E_TT_SW_SS_8M_50CM_03_1,Depth,0:31,2:46,2:54,3:15,3:21,5:47,5:55,6:21,6:25,8:44,8:49,9:24,9:29,11:44,11:50,12:20,12:20,14:43,14:54,15:19,15:22,17:44,17:55,18:14,18:18
AA_E_TT_SW_SS_8M_50CM_03_1,Thermal,0:29,2:44,2:52,3:13,3:19,5:45,5:53,6:19,6:23,8:42,8:47,9:22,9:27,11:42,11:48,12:18,12:18,14:41,14:52,15:17,15:20,17:42,17:53,18:12,18:16
AA_E_TT_SW_SS_8M_50CM_03_1,Lidar,0:19,2:34,2:42,3:03,3:09,5:35,5:43,6:09,6:13,8:32,8:37,9:12,9:17,11:32,11:38,12:08,12:08,14:31,14:42,15:07,15:10,17:32,17:43,18:02,18:06
AA_E_TT_SW_SS_8M_50CM_05_0,IR,0:41,4:41,4:51,5:12,5:17,6:51,6:54,7:26,7:32,9:52,9:57,10:28,10:33,12:52,13:00,13:37,13:37,15:50,15:59,16:32,16:37,18:51,19:23,19:28,19:32
AA_E_TT_SW_SS_8M_50CM_05_0,RGB,0:41,4:41,4:51,5:12,5:17,6:51,6:54,7:26,7:32,9:52,9:57,10:28,10:33,12:52,13:00,13:37,13:37,15:50,15:59,16:32,16:37,18:51,19:23,19:28,19:32
AA_E_TT_SW_SS_8M_50CM_05_0,Depth,0:41,4:41,4:51,5:12,5:17,6:51,6:54,7:26,7:32,9:52,9:57,10:28,10:33,12:52,13:00,13:37,13:37,15:50,15:59,16:32,16:37,18:51,19:23,19:28,19:32
AA_E_TT_SW_SS_8M_50CM_05_0,Thermal,0:38,4:38,4:48,5:09,5:14,6:48,6:51,7:23,7:29,9:49,9:54,10:25,10:30,12:49,12:57,13:34,13:34,15:47,15:56,16:29,16:34,18:48,19:20,19:25,19:29
AA_E_TT_SW_SS_8M_50CM_05_0,Lidar,0:27,4:27,4:37,4:58,5:03,6:37,6:40,7:12,7:18,9:38,9:43,10:14,10:19,12:38,12:46,13:23,13:23,15:36,15:45,16:18,16:23,18:37,19:09,19:14,19:18
AA_E_TT_SW_SS_8M_50CM_07_0,IR,0:47,3:24,3:35,4:01,4:05,6:44,6:48,7:14,7:14,9:44,9:49,10:23,10:28,12:42,12:50,13:20,13:20,15:40,15:49,16:21,16:27,18:42,19:04,19:21,19:26
AA_E_TT_SW_SS_8M_50CM_07_0,RGB,0:47,3:24,3:35,4:01,4:05,6:44,6:48,7:14,7:14,9:44,9:49,10:23,10:28,12:42,12:50,13:20,13:20,15:40,15:49,16:21,16:27,18:42,19:04,19:21,19:26
AA_E_TT_SW_SS_8M_50CM_07_0,Depth,0:47,3:24,3:35,4:01,4:05,6:44,6:48,7:14,7:14,9:44,9:49,10:23,10:28,12:42,12:50,13:20,13:20,15:40,15:49,16:21,16:27,18:42,19:04,19:21,19:26
AA_E_TT_SW_SS_8M_50CM_07_0,Thermal,0:43,3:20,3:31,3:57,4:01,6:40,6:44,7:10,7:10,9:40,9:45,10:19,10:24,12:38,12:46,13:16,13:16,15:36,15:45,16:17,16:23,18:38,19:00,19:17,19:22
AA_E_TT_SW_SS_8M_50CM_07_0,Lidar,0:34,3:11,3:22,3:48,3:52,6:31,6:35,7:01,7:01,9:31,9:36,10:10,10:15,12:29,12:37,13:07,13:07,15:27,15:36,16:08,16:14,18:29,18:51,19:08,19:13
AA_E_TT_SW_SS_S_1M_01_1,IR,1:40,3:43,3:49,4:03,4:09,6:44,6:56,7:26,7:27,9:46,9:51,10:22,10:27,12:45,12:50,13:15,13:15,15:45,15:55,16:18,16:27,18:47,19:08,19:15,19:17
AA_E_TT_SW_SS_S_1M_01_1,RGB,1:40,3:43,3:49,4:03,4:09,6:44,6:56,7:26,7:27,9:46,9:51,10:22,10:27,12:45,12:50,13:15,13:15,15:45,15:55,16:18,16:27,18:47,19:08,19:15,19:17
AA_E_TT_SW_SS_S_1M_01_1,Depth,1:40,3:43,3:49,4:03,4:09,6:44,6:56,7:26,7:27,9:46,9:51,10:22,10:27,12:45,12:50,13:15,13:15,15:45,15:55,16:18,16:27,18:47,19:08,19:15,19:17
AA_E_TT_SW_SS_S_1M_01_1,Thermal,1:39,3:42,3:48,4:02,4:08,6:43,6:55,7:25,7:26,9:45,9:50,10:21,10:26,12:44,12:49,13:14,13:14,15:44,15:54,16:17,16:26,18:46,19:07,19:14,19:16
AA_E_TT_SW_SS_S_1M_01_1,Lidar,1:24,3:27,3:33,3:47,3:53,6:28,6:40,7:10,7:11,9:30,9:35,10:06,10:11,12:29,12:34,12:59,12:59,15:29,15:39,16:02,16:11,18:31,18:52,18:59,19:01
AA_E_TT_SW_SS_S_1M_03_1,IR,1:00,3:28,3:34,3:52,4:00,6:28,6:36,7:05,7:09,9:28,9:33,10:05,10:10,12:32,12:44,13:03,13:09,15:30,15:36,15:58,16:05,18:29,18:40,19:01,19:07
AA_E_TT_SW_SS_S_1M_03_1,RGB,1:00,3:28,3:34,3:52,4:00,6:28,6:36,7:05,7:09,9:28,9:33,10:05,10:10,12:32,12:44,13:03,13:09,15:30,15:36,15:58,16:05,18:29,18:40,19:01,19:07
AA_E_TT_SW_SS_S_1M_03_1,Depth,1:00,3:28,3:34,3:52,4:00,6:28,6:36,7:05,7:09,9:28,9:33,10:05,10:10,12:32,12:44,13:03,13:09,15:30,15:36,15:58,16:05,18:29,18:40,19:01,19:07
AA_E_TT_SW_SS_S_1M_03_1,Thermal,0:57,3:25,3:31,3:49,3:57,6:25,6:33,7:02,7:06,9:25,9:30,10:02,10:07,12:29,12:41,13:00,13:06,15:27,15:33,15:55,16:02,18:26,18:37,18:58,19:04
AA_E_TT_SW_SS_S_1M_03_1,Lidar,0:42,3:10,3:16,3:34,3:42,6:10,6:18,6:47,6:51,9:10,9:15,9:47,9:52,12:14,12:26,12:45,12:51,15:12,15:18,15:40,15:47,18:11,18:22,18:43,18:49
AA_E_TT_SW_SS_S_1M_05_0,IR,1:07,3:36,3:47,4:12,4:16,6:34,6:39,7:11,7:16,9:32,9:37,10:12,10:17,12:35,12:45,13:14,13:20,15:38,15:41,16:11,16:17,18:33,18:47,19:08,19:11
AA_E_TT_SW_SS_S_1M_05_0,RGB,1:07,3:36,3:47,4:12,4:16,6:34,6:39,7:11,7:16,9:32,9:37,10:12,10:17,12:35,12:45,13:14,13:20,15:38,15:41,16:11,16:17,18:33,18:47,19:08,19:11
AA_E_TT_SW_SS_S_1M_05_0,Depth,1:07,3:36,3:47,4:12,4:16,6:34,6:39,7:11,7:16,9:32,9:37,10:12,10:17,12:35,12:45,13:14,13:20,15:38,15:41,16:11,16:17,18:33,18:47,19:08,19:11
AA_E_TT_SW_SS_S_1M_05_0,Thermal,1:05,3:34,3:45,4:10,4:14,6:32,6:37,7:09,7:14,9:30,9:35,10:10,10:15,12:33,12:43,13:12,13:18,15:36,15:39,16:09,16:15,18:31,18:45,19:06,19:09
AA_E_TT_SW_SS_S_1M_05_0,Lidar,0:54,3:23,3:34,3:59,4:03,6:21,6:26,6:58,7:03,9:19,9:24,9:59,10:04,12:22,12:32,13:01,13:07,15:25,15:28,15:58,16:04,18:20,18:34,18:55,18:58
AA_E_TT_SW_SS_S_1M_07_0,IR,1:33,3:56,4:03,4:28,4:33,6:55,6:57,7:19,7:27,9:51,9:56,10:32,10:37,12:53,13:00,13:33,13:36,15:55,16:01,16:30,16:36,18:54,19:08,19:22,19:27
AA_E_TT_SW_SS_S_1M_07_0,RGB,1:33,3:56,4:03,4:28,4:33,6:55,6:57,7:19,7:27,9:51,9:56,10:32,10:37,12:53,13:00,13:33,13:36,15:55,16:01,16:30,16:36,18:54,19:08,19:22,19:27
AA_E_TT_SW_SS_S_1M_07_0,Depth,1:33,3:56,4:03,4:28,4:33,6:55,6:57,7:19,7:27,9:51,9:56,10:32,10:37,12:53,13:00,13:33,13:36,15:55,16:01,16:30,16:36,18:54,19:08,19:22,19:27
AA_E_TT_SW_SS_S_1M_07_0,Thermal,1:29,3:52,3:59,4:24,4:29,6:51,6:53,7:15,7:23,9:47,9:52,10:28,10:33,12:49,12:56,13:29,13:32,15:51,15:57,16:26,16:32,18:50,19:04,19:18,19:23
AA_E_TT_SW_SS_S_1M_07_0,Lidar,1:16,3:39,3:46,4:11,4:16,6:38,6:40,7:02,7:10,9:34,9:39,10:15,10:20,12:36,12:43,13:16,13:19,15:38,15:44,16:13,16:19,18:37,18:51,19:05,19:10
AA_E_TT_SW_SS_S_50CM_01_0,IR,0:46,2:57,3:06,3:21,3:24,5:57,6:00,6:20,6:20,8:57,9:02,9:31,9:36,11:57,12:06,12:28,12:28,17:57,18:08,18:20,18:26,20:56,21:09,21:20,21:23
AA_E_TT_SW_SS_S_50CM_01_0,RGB,0:46,2:57,3:06,3:21,3:24,5:57,6:00,6:20,6:20,8:57,9:02,9:31,9:36,11:57,12:06,12:28,12:28,17:57,18:08,18:20,18:26,20:56,21:09,21:20,21:23
AA_E_TT_SW_SS_S_50CM_01_0,Depth,0:46,2:57,3:06,3:21,3:24,5:57,6:00,6:20,6:20,8:57,9:02,9:31,9:36,11:57,12:06,12:28,12:28,17:57,18:08,18:20,18:26,20:56,21:09,21:20,21:23
AA_E_TT_SW_SS_S_50CM_01_0,Thermal,0:39,2:50,2:59,3:14,3:17,5:50,5:53,6:13,6:13,8:50,8:55,9:24,9:29,11:50,11:59,12:21,12:21,17:50,18:01,18:13,18:19,20:49,21:02,21:13,21:16
AA_E_TT_SW_SS_S_50CM_01_0,Lidar,0:17,2:28,2:37,2:52,2:55,5:28,5:31,5:51,5:51,8:28,8:33,9:02,9:07,11:28,11:37,11:59,11:59,17:28,17:39,17:51,17:57,20:27,20:40,20:51,20:54
AA_E_TT_SW_SS_S_50CM_03_1,IR,0:54,3:22,3:28,3:46,3:54,6:22,6:30,6:59,7:03,9:22,9:27,9:59,10:04,12:26,12:38,12:57,13:03,15:24,15:30,15:52,15:59,18:23,18:34,18:55,19:01
AA_E_TT_SW_SS_S_50CM_03_1,RGB,0:54,3:22,3:28,3:46,3:54,6:22,6:30,6:59,7:03,9:22,9:27,9:59,10:04,12:26,12:38,12:57,13:03,15:24,15:30,15:52,15:59,18:23,18:34,18:55,19:01
AA_E_TT_SW_SS_S_50CM_03_1,Depth,0:54,3:22,3:28,3:46,3:54,6:22,6:30,6:59,7:03,9:22,9:27,9:59,10:04,12:26,12:38,12:57,13:03,15:24,15:30,15:52,15:59,18:23,18:34,18:55,19:01
AA_E_TT_SW_SS_S_50CM_03_1,Thermal,0:52,3:20,3:26,3:44,3:52,6:20,6:28,6:57,7:01,9:20,9:25,9:57,10:02,12:24,12:36,12:55,13:01,15:22,15:28,15:50,15:57,18:21,18:32,18:53,18:59
AA_E_TT_SW_SS_S_50CM_03_1,Lidar,0:39,3:07,3:13,3:31,3:39,6:07,6:15,6:44,6:48,9:07,9:12,9:44,9:49,12:11,12:23,12:42,12:48,15:09,15:15,15:37,15:44,18:08,18:19,18:40,18:46
AA_E_TT_SW_SS_S_50CM_05_0,IR,1:08,3:37,3:48,4:13,4:17,6:35,6:40,7:12,7:17,9:33,9:38,10:13,10:18,12:36,12:46,13:15,13:21,15:39,15:42,16:12,16:18,18:34,18:48,19:09,19:12
AA_E_TT_SW_SS_S_50CM_05_0,RGB,1:08,3:37,3:48,4:13,4:17,6:35,6:40,7:12,7:17,9:33,9:38,10:13,10:18,12:36,12:46,13:15,13:21,15:39,15:42,16:12,16:18,18:34,18:48,19:09,19:12
AA_E_TT_SW_SS_S_50CM_05_0,Depth,1:08,3:37,3:48,4:13,4:17,6:35,6:40,7:12,7:17,9:33,9:38,10:13,10:18,12:36,12:46,13:15,13:21,15:39,15:42,16:12,16:18,18:34,18:48,19:09,19:12
AA_E_TT_SW_SS_S_50CM_05_0,Thermal,1:05,3:34,3:45,4:10,4:14,6:32,6:37,7:09,7:14,9:30,9:35,10:10,10:15,12:33,12:43,13:12,13:18,15:36,15:39,16:09,16:15,18:31,18:45,19:06,19:09
AA_E_TT_SW_SS_S_50CM_05_0,Lidar,0:51,3:20,3:31,3:56,4:00,6:18,6:23,6:55,7:00,9:16,9:21,9:56,10:01,12:19,12:29,12:58,13:04,15:22,15:25,15:55,16:01,18:17,18:31,18:52,18:55
AA_E_TT_SW_SS_S_50CM_07_0,IR,1:06,3:29,3:36,4:01,4:06,6:28,6:30,6:52,7:00,9:24,9:29,10:05,10:10,12:26,12:33,13:06,13:09,15:28,15:34,16:03,16:09,18:27,18:41,18:55,19:00
AA_E_TT_SW_SS_S_50CM_07_0,RGB,1:06,3:29,3:36,4:01,4:06,6:28,6:30,6:52,7:00,9:24,9:29,10:05,10:10,12:26,12:33,13:06,13:09,15:28,15:34,16:03,16:09,18:27,18:41,18:55,19:00
AA_E_TT_SW_SS_S_50CM_07_0,Depth,1:06,3:29,3:36,4:01,4:06,6:28,6:30,6:52,7:00,9:24,9:29,10:05,10:10,12:26,12:33,13:06,13:09,15:28,15:34,16:03,16:09,18:27,18:41,18:55,19:00
AA_E_TT_SW_SS_S_50CM_07_0,Thermal,1:01,3:24,3:31,3:56,4:01,6:23,6:25,6:47,6:55,9:19,9:24,10:00,10:05,12:21,12:28,13:01,13:04,15:23,15:29,15:58,16:04,18:22,18:36,18:50,18:55
AA_E_TT_SW_SS_S_50CM_07_0,Lidar,0:51,3:14,3:21,3:46,3:51,6:13,6:15,6:37,6:45,9:09,9:14,9:50,9:55,12:11,12:18,12:51,12:54,15:13,15:19,15:48,15:54,18:12,18:26,18:40,18:45
AA_K_TT_CL_DY_6M_1M_02_0,RGB,0:14,2:23,2:30,3:01,3:05,5:22,5:27,5:57,6:01,8:24,8:29,8:57,9:02,11:23,11:36,11:55,11:55,14:22,14:30,14:52,15:01,17:23,17:42,17:49,17:52
AA_K_TT_CL_DY_6M_1M_04_0,RGB,0:13,2:22,2:30,2:55,3:01,5:20,5:31,5:58,6:06,8:20,8:25,9:04,9:09,11:21,11:25,12:04,12:07,14:18,14:22,14:53,14:59,17:21,17:47,17:58,18:02
AA_K_TT_CL_DY_6M_1M_06_0,RGB,0:07,2:26,2:36,3:03,3:08,5:35,5:41,6:09,6:18,8:25,8:30,9:06,9:11,11:24,11:31,12:08,12:08,14:26,14:30,14:59,15:04,17:25,17:48,18:02,18:05
AA_K_TT_CL_DY_6M_1M_08_0,RGB,0:19,2:29,2:36,3:01,3:06,5:31,5:36,6:08,6:08,8:29,8:34,9:11,9:16,11:28,11:35,12:12,12:12,14:28,14:32,14:59,15:04,17:27,17:39,18:04,18:06
AA_K_TT_CL_DY_6M_50CM_02_0,RGB,1:03,3:13,3:20,3:51,3:55,6:12,6:17,6:47,6:51,9:14,9:19,9:47,9:52,12:13,12:26,12:45,12:45,15:12,15:20,15:42,15:51,18:13,18:32,18:39,18:42
AA_K_TT_CL_DY_6M_50CM_04_0,RGB,0:19,2:28,2:36,3:01,3:07,5:26,5:37,6:04,6:12,8:26,8:31,9:10,9:15,11:27,11:31,12:10,12:13,14:24,14:28,14:59,15:05,17:27,17:53,18:04,18:08
AA_K_TT_CL_DY_6M_50CM_06_0,RGB,0:21,2:40,2:50,3:17,3:22,5:49,5:55,6:23,6:32,8:39,8:44,9:20,9:25,11:38,11:45,12:22,12:22,14:40,14:44,15:13,15:18,17:39,18:02,18:16,18:19
AA_K_TT_CL_DY_8M_1M_02_0,RGB,0:07,2:19,2:26,2:47,2:52,5:16,5:31,5:51,6:01,8:16,8:21,8:55,9:00,11:16,11:23,11:59,12:02,14:16,14:27,14:53,14:58,17:15,17:26,17:36,17:39
AA_K_TT_CL_DY_8M_1M_04_0,RGB,0:24,2:33,2:50,3:11,3:16,5:35,5:41,6:13,6:21,8:33,8:38,9:21,9:26,11:31,11:40,12:20,12:24,14:33,14:44,15:11,15:16,17:33,17:47,18:06,18:17
AA_K_TT_CL_DY_8M_1M_06_0,RGB,0:15,2:23,2:38,3:00,3:05,5:23,5:30,6:03,6:03,8:21,8:26,9:04,9:09,11:21,11:32,11:58,12:03,14:20,14:29,14:59,15:07,17:23,17:33,17:46,17:56
AA_K_TT_CL_DY_8M_50CM_02_0,RGB,0:26,2:38,2:45,3:06,3:11,5:35,5:50,6:10,6:20,8:35,8:40,9:14,9:19,11:35,11:42,12:18,12:21,14:35,14:46,15:12,15:17,17:34,17:45,17:55,17:58
AA_K_TT_CL_DY_8M_50CM_04_0,RGB,0:31,2:40,2:57,3:18,3:23,5:42,5:48,6:20,6:28,8:40,8:45,9:28,9:33,11:38,11:47,12:27,12:31,14:40,14:51,15:18,15:23,17:40,17:54,18:13,18:24
AA_K_TT_CL_DY_8M_50CM_06_0,RGB,0:12,2:20,2:35,2:57,3:02,5:20,5:27,6:00,6:00,8:18,8:23,9:01,9:06,11:18,11:29,11:55,12:00,14:17,14:26,14:56,15:04,17:20,17:30,17:43,17:53
AA_K_TT_CL_DY_S_1M_02_0,RGB,0:14,2:18,2:30,2:51,2:53,5:21,5:32,6:05,6:08,10:02,10:07,10:25,10:30,13:19,13:29,13:48,13:48,16:20,16:27,16:44,16:49,19:18,19:26,19:36,19:40
AA_K_TT_CL_DY_S_1M_04_0,RGB,0:37,2:51,3:04,3:28,3:35,5:50,5:57,6:31,6:38,8:50,8:55,9:32,9:37,11:50,12:06,12:28,12:28,14:51,14:57,15:28,15:32,17:52,18:11,18:26,18:31
AA_K_TT_CL_DY_S_1M_06_0,RGB,1:40,4:06,4:12,4:38,4:43,7:05,7:12,7:46,7:54,10:04,10:09,10:45,10:50,13:04,13:17,13:40,13:45,16:04,16:18,16:46,16:51,19:03,19:29,19:40,19:46
AA_K_TT_CL_DY_S_50CM_02_0,RGB,0:27,2:31,2:43,3:04,3:06,5:34,5:45,6:18,6:21,10:15,10:20,10:38,10:43,13:32,13:42,14:01,14:01,16:33,16:40,16:57,17:02,19:31,19:39,19:49,19:53
AA_K_TT_CL_DY_S_50CM_04_0,RGB,0:43,2:54,3:08,3:29,3:36,5:54,6:06,6:35,6:41,8:54,8:59,9:37,9:42,11:53,12:02,12:25,12:25,14:53,15:05,15:32,15:37,17:54,18:07,18:31,18:38
AA_K_TT_CL_DY_S_50CM_06_0,RGB,1:34,4:00,4:06,4:32,4:37,6:59,7:06,7:40,7:48,9:58,10:03,10:39,10:44,12:58,13:11,13:34,13:39,15:58,16:12,16:40,16:45,18:57,19:23,19:34,19:40
AA_K_TT_CL_NT_6M_1M_02_0,RGB,0:40,2:51,2:57,3:22,3:24,5:52,5:57,6:28,6:34,8:50,8:55,9:18,9:23,11:49,11:55,12:21,12:21,14:49,15:07,15:23,15:28,17:50,18:00,18:16,18:18
AA_K_TT_CL_NT_6M_1M_04_0_쓰러짐유기2개,RGB,0:09,0:00,0:00,0:00,0:00,0:00,0:00,0:00,0:00,0:00,0:00,0:00,0:00,0:00,0:00,0:00,0:00,5:15,5:20,5:57,6:03,8:19,8:43,8:55,8:59
AA_K_TT_CL_NT_6M_1M_04_0_침입까지만,RGB,0:10,2:16,2:26,2:52,3:00,5:17,5:25,6:01,6:05,8:16,8:21,9:00,9:05,11:16,11:26,11:54,11:54,0:00,0:00,0:00,0:00,0:00,0:00,0:00,0:00
AA_K_TT_CL_NT_6M_1M_06_0,RGB,0:09,2:19,2:26,2:52,2:56,5:19,5:24,6:01,6:06,8:18,8:23,9:02,9:07,11:19,11:23,11:58,12:02,14:19,14:27,14:55,14:58,17:16,17:34,17:46,17:51
AA_K_TT_CL_NT_6M_50CM_02_0,RGB,0:29,2:40,2:46,3:11,3:13,5:41,5:46,6:17,6:23,8:39,8:44,9:07,9:12,11:38,11:44,12:10,12:10,14:38,14:56,15:12,15:17,17:39,17:49,18:05,18:07
AA_K_TT_CL_NT_6M_50CM_04_0_쓰러짐유기2개,RGB,0:18,0:00,0:00,0:00,0:00,0:00,0:00,0:00,0:00,0:00,0:00,0:00,0:00,0:00,0:00,0:00,0:00,5:24,5:29,6:06,6:12,8:28,8:52,9:04,9:08
AA_K_TT_CL_NT_6M_50CM_04_0_침입까지만,RGB,0:13,2:19,2:29,2:55,3:03,5:20,5:28,6:04,6:08,8:19,8:24,9:03,9:08,11:19,11:29,11:57,11:57,0:00,0:00,0:00,0:00,0:00,0:00,0:00,0:00
AA_K_TT_CL_NT_6M_50CM_06_0,RGB,0:10,2:20,2:27,2:53,2:57,5:20,5:25,6:02,6:07,8:19,8:24,9:03,9:08,11:20,11:24,11:59,12:03,14:20,14:28,14:56,14:59,17:17,17:35,17:47,17:52
AA_K_TT_CL_NT_8M_1M_02_0,RGB,0:10,2:27,2:36,2:56,3:01,5:28,5:39,6:08,6:16,8:27,8:32,8:58,9:03,11:26,11:39,12:02,12:02,14:27,14:39,15:04,15:10,17:27,17:34,17:54,17:58
AA_K_TT_CL_NT_8M_1M_04_0,RGB,0:16,2:26,2:36,2:56,3:07,5:31,5:39,6:16,6:23,8:34,8:39,9:16,9:21,11:36,11:47,12:09,12:09,14:35,14:42,15:12,15:18,17:33,17:54,18:07,18:14
AA_K_TT_CL_NT_8M_1M_06_0,RGB,0:09,2:19,2:32,2:54,3:01,6:21,6:30,7:01,7:08,9:19,9:24,9:59,10:04,12:19,12:30,12:57,13:00,15:20,15:29,15:53,16:00,18:21,18:31,18:55,19:01
AA_K_TT_CL_NT_8M_50CM_02_0,RGB,0:57,3:14,3:23,3:43,3:48,6:15,6:26,6:55,7:03,9:14,9:19,9:45,9:50,12:13,12:26,12:49,12:49,15:14,15:26,15:51,15:57,18:14,18:21,18:41,18:45
AA_K_TT_CL_NT_8M_50CM_04_0,RGB,0:26,2:36,2:46,3:06,3:17,5:41,5:49,6:26,6:33,8:44,8:49,9:26,9:31,11:46,11:57,12:19,12:19,14:45,14:52,15:22,15:28,17:43,18:04,18:17,18:24
AA_K_TT_CL_NT_8M_50CM_06_0,RGB,0:24,2:34,2:47,3:09,3:16,6:36,6:45,7:16,7:23,9:34,9:39,10:14,10:19,12:34,12:45,13:12,13:15,15:35,15:44,16:08,16:15,18:36,18:46,19:10,19:16
AA_K_TT_CL_NT_S_1M_02_0,RGB,0:15,2:26,2:31,2:57,3:01,5:22,5:31,5:53,5:55,8:24,8:29,9:01,9:06,11:21,11:27,11:46,11:46,14:25,14:40,14:55,15:01,17:21,17:32,17:47,17:51
AA_K_TT_CL_NT_S_1M_04_0,RGB,0:40,3:14,3:25,3:43,3:49,6:13,6:20,6:46,6:53,9:13,9:18,9:51,9:56,12:11,12:18,12:46,12:46,15:12,15:20,15:52,15:57,18:13,18:31,18:49,18:53
AA_K_TT_CL_NT_S_1M_06_0,RGB,0:46,3:34,3:45,4:05,4:10,6:31,6:40,7:01,7:10,9:37,9:42,10:11,10:16,12:32,12:40,13:04,13:10,15:35,15:39,16:08,16:12,18:34,18:44,19:01,19:06
AA_K_TT_CL_NT_S_1M_08_0,RGB,1:00,4:03,4:15,4:45,4:49,7:03,7:11,7:41,7:50,10:01,10:06,10:43,10:48,13:04,13:14,13:45,13:45,16:06,16:13,16:43,16:49,19:10,19:28,19:41,19:47
AA_K_TT_CL_NT_S_50CM_02_0,RGB,0:33,2:44,2:49,3:15,3:19,5:40,5:49,6:11,6:13,8:42,8:47,9:19,9:24,11:39,11:45,12:04,12:04,14:43,14:58,15:13,15:19,17:39,17:50,18:05,18:09
AA_K_TT_CL_NT_S_50CM_04_0,RGB,0:38,3:12,3:23,3:41,3:47,6:11,6:18,6:44,6:51,9:11,9:16,9:49,9:54,12:09,12:16,12:44,12:44,15:10,15:18,15:50,15:55,18:11,18:29,18:47,18:51
AA_K_TT_CL_NT_S_50CM_06_0,RGB,0:51,3:39,3:50,4:10,4:15,6:36,6:45,7:06,7:15,9:42,9:47,10:16,10:21,12:37,12:45,13:09,13:15,15:40,15:44,16:13,16:17,18:39,18:49,19:06,19:11
AA_K_TT_CL_NT_S_50CM_08_0,RGB,1:00,4:03,4:15,4:45,4:49,7:03,7:11,7:41,7:50,10:01,10:06,10:43,10:48,13:04,13:14,13:45,13:45,16:06,16:13,16:43,16:49,19:10,19:28,19:41,19:47
AA_K_TT_CL_SR_6M_1M_02_0,RGB,0:23,2:33,2:49,3:11,3:14,5:32,5:57,6:24,6:31,8:33,8:38,9:12,9:17,11:32,11:40,12:13,12:18,14:33,14:52,15:15,15:20,17:33,17:43,18:00,18:04
AA_K_TT_CL_SR_6M_1M_04_0,RGB,0:42,2:58,3:07,3:40,3:43,5:59,6:04,6:32,6:42,8:59,9:04,9:42,9:47,11:56,12:11,12:46,12:46,14:57,15:00,15:37,15:41,17:58,18:15,18:35,18:41
AA_K_TT_CL_SR_6M_1M_06_0,RGB,0:11,2:20,2:28,2:55,3:00,5:20,5:27,5:50,5:59,8:19,8:24,8:58,9:03,11:19,11:27,11:58,11:58,14:19,14:23,14:56,15:00,17:19,17:35,17:56,18:01
AA_K_TT_CL_SR_6M_50CM_02_0,RGB,0:20,2:30,2:46,3:08,3:11,5:29,5:54,6:21,6:28,8:30,8:35,9:09,9:14,11:29,11:37,12:10,12:15,14:30,14:49,15:12,15:17,17:30,17:40,17:57,18:01
AA_K_TT_CL_SR_6M_50CM_04_0,RGB,0:40,2:56,3:05,3:38,3:41,5:57,6:02,6:30,6:40,8:57,9:02,9:40,9:45,11:54,12:09,12:44,12:44,14:55,14:58,15:35,15:39,17:56,18:13,18:33,18:39
AA_K_TT_CL_SR_6M_50CM_06_0,RGB,0:26,2:35,2:43,3:10,3:15,5:35,5:42,6:05,6:14,8:34,8:39,9:13,9:18,11:34,11:42,12:13,12:13,14:34,14:38,15:11,15:15,17:34,17:50,18:11,18:16
AA_K_TT_CL_SR_8M_1M_02_0,RGB,0:08,2:21,2:30,2:54,3:00,5:22,5:30,5:55,6:03,8:21,8:26,8:59,9:04,11:20,11:28,11:58,12:03,14:19,14:26,14:48,14:57,17:20,17:38,17:52,17:55
AA_K_TT_CL_SR_8M_1M_04_0,RGB,0:30,2:39,2:50,3:13,3:23,5:40,5:50,6:16,6:24,8:38,8:43,9:24,9:29,11:38,11:48,12:29,12:29,14:35,14:41,15:18,15:25,17:38,17:53,18:19,18:24
AA_K_TT_CL_SR_8M_1M_06_0,RGB,0:08,2:18,2:26,2:55,3:01,5:19,5:25,6:01,6:01,8:20,9:05,8:57,9:02,11:19,11:26,12:03,12:06,14:18,14:24,14:52,14:57,17:19,17:38,17:53,17:58
AA_K_TT_CL_SR_8M_1M_08_0,RGB,0:15,2:27,2:41,3:02,3:05,5:27,5:36,6:08,6:18,8:22,8:27,9:06,9:11,11:28,11:35,12:06,12:06,14:23,14:33,15:01,15:07,17:25,17:36,17:54,18:01
AA_K_TT_CL_SR_8M_50CM_02_0,RGB,0:35,2:48,2:57,3:21,3:27,5:49,5:57,6:22,6:30,8:48,8:53,9:26,9:31,11:47,11:55,12:25,12:30,14:46,14:53,15:15,15:24,17:47,18:05,18:19,18:22
AA_K_TT_CL_SR_8M_50CM_04_0,RGB,0:36,2:45,2:56,3:19,3:29,5:46,5:56,6:22,6:30,8:44,8:49,9:30,9:35,11:44,11:54,12:35,12:35,14:41,14:47,15:24,15:31,17:44,17:59,18:25,18:30
AA_K_TT_CL_SR_8M_50CM_06_0,RGB,0:20,2:30,2:38,3:07,3:13,5:31,5:37,6:13,6:13,8:32,8:37,9:09,9:14,11:31,11:38,12:15,12:18,14:30,14:36,15:04,15:09,17:31,17:50,18:05,18:10
AA_K_TT_CL_SR_8M_50CM_08_0,RGB,0:14,2:26,2:40,3:01,3:04,5:26,5:35,6:07,6:17,8:21,8:26,9:05,9:10,11:27,11:34,12:05,12:05,14:22,14:32,15:00,15:06,17:24,17:35,17:53,18:00
AA_K_TT_CL_SR_S_1M_02_0,RGB,0:21,2:32,2:42,3:01,3:06,5:31,5:48,6:05,6:11,8:30,8:35,9:19,9:24,11:34,11:43,12:14,12:14,14:29,14:33,14:56,15:03,17:29,17:49,17:55,18:00
AA_K_TT_CL_SR_S_1M_04_0,RGB,0:58,3:37,3:50,4:17,4:24,6:38,6:46,7:19,7:27,9:37,9:42,10:25,10:30,12:38,12:45,13:19,13:21,15:34,15:52,16:16,16:20,18:38,18:54,19:13,19:23
AA_K_TT_CL_SR_S_1M_06_0,RGB,0:33,2:49,2:57,3:27,3:33,5:54,6:00,6:26,6:38,8:45,8:50,9:26,9:31,11:43,11:55,12:21,12:27,14:47,14:52,15:22,15:26,17:45,17:57,18:17,18:22
AA_K_TT_CL_SR_S_50CM_02_0,RGB,0:19,2:30,2:40,2:59,3:04,5:29,5:46,6:03,6:09,8:28,8:33,9:17,9:22,11:32,11:41,12:12,12:12,14:27,14:31,14:54,15:01,17:27,17:47,17:53,17:58
AA_K_TT_CL_SR_S_50CM_04_0,RGB,0:43,3:22,3:35,4:02,4:09,6:23,6:31,7:04,7:12,9:22,9:27,10:10,10:15,12:23,12:30,13:04,13:06,15:19,15:37,16:01,16:05,18:23,18:39,18:58,19:08
AA_K_TT_CL_SR_S_50CM_06_0,RGB,0:42,2:58,3:06,3:36,3:42,6:03,6:09,6:35,6:47,8:54,8:59,9:35,9:40,11:52,12:04,12:30,12:36,14:56,15:01,15:31,15:35,17:54,18:06,18:26,18:31
AA_K_TT_CL_SS_6M_1M_02_0,RGB,0:21,2:31,2:43,3:03,3:06,5:30,6:00,6:16,6:21,8:32,8:37,9:09,9:14,11:31,11:40,12:09,12:09,14:32,14:40,15:08,15:14,17:30,17:49,17:59,18:01
AA_K_TT_CL_SS_6M_1M_04_0,RGB,0:14,2:18,2:32,2:54,3:00,5:18,5:23,5:56,6:02,8:18,8:23,9:04,9:09,11:16,11:21,11:57,12:00,14:15,14:21,14:54,15:03,17:20,17:41,17:51,17:56
AA_K_TT_CL_SS_6M_1M_06_0,RGB,0:26,2:43,2:50,3:14,3:18,5:45,5:51,6:29,6:35,8:41,8:46,9:29,9:34,11:43,11:50,12:21,12:24,14:43,14:46,15:18,15:23,17:43,18:00,18:14,18:19
AA_K_TT_CL_SS_6M_50CM_02_0,RGB,0:24,2:34,2:46,3:06,3:09,5:33,6:03,6:19,6:24,8:35,8:40,9:12,9:17,11:34,11:43,12:12,12:12,14:35,14:43,15:11,15:17,17:33,17:52,18:02,18:04
AA_K_TT_CL_SS_6M_50CM_04_0,RGB,0:12,2:19,2:32,2:57,3:01,5:19,5:25,5:58,6:05,8:21,8:26,9:06,9:11,11:20,11:23,12:00,12:03,14:18,14:23,14:59,15:06,17:23,17:39,17:52,17:58
AA_K_TT_CL_SS_6M_50CM_06_0,RGB,0:24,2:35,2:41,3:06,3:09,5:38,5:41,6:12,6:12,8:35,8:40,9:15,9:20,11:35,11:41,12:17,12:17,14:35,14:38,15:05,15:08,17:32,17:44,18:10,18:12
AA_K_TT_CL_SS_8M_1M_02_0,RGB,0:21,2:31,2:44,3:04,3:09,5:30,5:32,6:01,6:14,8:26,8:31,9:03,9:08,11:24,11:33,12:04,12:04,14:27,14:36,14:57,15:05,17:27,17:40,17:53,17:58
AA_K_TT_CL_SS_8M_1M_04_0,RGB,0:11,2:21,2:32,2:56,3:03,5:19,5:30,6:02,6:08,8:21,8:26,9:02,9:07,11:21,11:37,11:58,11:58,14:20,14:27,14:56,15:02,17:20,17:40,17:59,18:05
AA_K_TT_CL_SS_8M_1M_06_0,RGB,0:19,2:30,2:38,2:59,3:05,5:29,5:36,5:58,6:09,8:28,8:33,9:12,9:17,11:27,11:34,12:12,12:16,14:28,14:39,15:04,15:11,17:31,17:44,17:55,17:59
AA_K_TT_CL_SS_8M_50CM_02_0,RGB,0:42,2:52,3:05,3:25,3:30,5:51,5:53,6:22,6:35,8:47,8:52,9:24,9:29,11:45,11:54,12:25,12:25,14:48,14:57,15:18,15:26,17:48,18:01,18:14,18:19
AA_K_TT_CL_SS_8M_50CM_04_0,RGB,0:19,2:29,2:40,3:04,3:11,5:27,5:38,6:10,6:16,8:29,8:34,9:10,9:15,11:29,11:45,12:06,12:06,14:28,14:35,15:04,15:10,17:28,17:48,18:07,18:13
AA_K_TT_CL_SS_8M_50CM_06_0,RGB,0:37,2:48,2:56,3:17,3:23,5:47,5:54,6:16,6:27,8:46,8:51,9:30,9:35,11:45,11:52,12:30,12:34,14:46,14:57,15:22,15:29,17:49,18:02,18:13,18:17
AA_K_TT_CL_SS_S_1M_02_0,RGB,0:22,2:31,2:36,3:03,3:05,5:31,5:46,6:02,6:11,8:32,8:37,8:56,9:01,11:33,11:37,12:01,12:01,15:23,15:31,15:51,15:55,18:30,18:45,18:56,18:59
AA_K_TT_CL_SS_S_1M_04_0,RGB,0:26,3:01,3:10,3:35,3:40,6:04,6:09,6:28,6:38,9:03,9:08,9:44,9:49,11:59,12:15,12:39,12:41,15:01,15:05,15:39,15:43,18:01,18:17,18:33,18:40
AA_K_TT_CL_SS_S_1M_06_0,RGB,0:47,3:15,3:21,3:53,3:57,6:13,6:17,6:55,6:55,9:11,9:16,9:54,9:59,12:06,12:17,12:51,12:55,15:13,15:19,15:52,15:56,18:14,18:28,18:43,18:46
AA_K_TT_CL_SS_S_50CM_02_0,RGB,0:10,2:21,2:32,2:51,2:53,5:21,5:47,5:54,5:59,8:20,8:25,8:50,8:55,11:18,11:27,11:44,11:44,14:19,14:25,14:47,14:52,17:20,17:37,17:42,17:45
AA_K_TT_CL_SS_S_50CM_04_0,RGB,0:28,3:03,3:12,3:37,3:42,6:06,6:11,6:30,6:40,9:05,9:10,9:46,9:51,12:01,12:17,12:41,12:43,15:03,15:07,15:41,15:45,18:03,18:19,18:35,18:42
AA_K_TT_CL_SS_S_50CM_06_0,RGB,0:53,3:21,3:27,3:59,4:03,6:19,6:23,7:01,7:01,9:17,9:22,10:00,10:05,12:12,12:23,12:57,13:01,15:19,15:25,15:58,16:02,18:20,18:34,18:49,18:52
AA_K_TT_FG_DY_6M_1M_02_0,RGB,0:08,2:14,2:21,2:44,2:51,5:14,5:22,5:46,5:55,8:14,8:19,8:51,8:56,11:15,11:20,11:55,11:55,14:15,14:21,14:47,14:52,17:13,17:33,17:38,17:41
AA_K_TT_FG_DY_6M_1M_04_4,RGB,0:11,2:20,2:29,2:44,2:47,5:18,5:23,5:50,5:53,8:17,8:22,8:46,8:51,11:17,11:23,11:53,11:53,14:19,14:27,14:53,15:00,17:18,17:31,17:38,17:41
AA_K_TT_FG_DY_6M_1M_06_0,RGB,0:37,2:48,2:56,3:25,3:30,5:45,5:54,6:20,6:24,8:47,8:52,9:25,9:30,11:46,11:59,12:26,12:32,14:45,14:52,15:31,15:35,17:46,17:58,18:20,18:24
AA_K_TT_FG_DY_6M_1M_08_0,RGB,0:15,2:22,2:29,3:02,3:07,5:22,5:27,6:00,6:04,8:24,8:29,9:04,9:09,14:22,14:29,15:09,15:12,17:23,17:25,18:01,18:07,20:23,20:35,21:00,21:04
AA_K_TT_FG_DY_6M_50CM_02_0,RGB,0:17,2:24,2:31,2:54,3:01,5:24,5:32,5:56,6:05,8:24,8:29,9:01,9:06,11:25,11:30,12:05,12:05,14:25,14:31,14:57,15:02,17:23,17:43,17:48,17:51
AA_K_TT_FG_DY_6M_50CM_04_0,RGB,0:27,2:36,2:44,3:00,3:03,5:34,5:39,6:06,6:09,8:33,8:38,9:02,9:07,11:36,11:40,12:10,12:10,14:37,14:45,15:12,15:19,17:37,17:50,17:57,18:00
AA_K_TT_FG_DY_6M_50CM_06_0,RGB,0:45,2:56,3:04,3:33,3:38,5:53,6:02,6:28,6:32,8:55,9:00,9:33,9:38,11:54,12:07,12:34,12:40,14:53,15:00,15:39,15:43,17:54,18:06,18:28,18:32
AA_K_TT_FG_DY_6M_50CM_08_0,RGB,0:27,2:34,2:41,3:14,3:19,5:34,5:39,6:12,6:16,8:36,8:41,9:16,9:21,14:34,14:41,15:21,15:24,17:35,17:37,18:13,18:19,20:35,20:47,21:12,21:16
AA_K_TT_FG_DY_8M_1M_02_0,RGB,0:19,2:28,2:34,2:53,3:02,5:30,5:50,6:04,6:12,8:29,8:34,9:03,9:08,11:28,11:38,11:59,11:59,14:27,14:36,14:55,15:00,17:27,17:34,17:49,17:53
AA_K_TT_FG_DY_8M_1M_04_0,RGB,0:21,2:31,2:42,3:10,3:13,5:28,5:39,6:04,6:11,8:58,9:03,9:46,9:51,11:57,12:06,12:31,12:33,14:59,15:08,15:36,15:43,18:11,18:28,18:53,18:58
AA_K_TT_FG_DY_8M_1M_06_0,RGB,0:45,3:29,3:41,4:07,4:13,6:30,6:37,7:10,7:17,9:31,9:36,10:19,10:24,12:29,12:36,13:13,13:18,15:29,15:41,16:09,16:16,18:33,19:02,19:13,19:16
AA_K_TT_FG_DY_8M_50CM_02_0,RGB,0:25,2:34,2:40,2:59,3:08,5:36,5:56,6:10,6:18,8:35,8:40,9:09,9:14,11:34,11:44,12:05,12:05,14:33,14:42,15:01,15:06,17:33,17:40,17:55,17:59
AA_K_TT_FG_DY_8M_50CM_04_0,RGB,1:00,3:10,3:21,3:49,3:52,6:07,6:18,6:43,6:50,9:37,9:42,10:25,10:30,12:36,12:45,13:10,13:12,15:38,15:47,16:15,16:22,18:50,19:07,19:32,19:37
AA_K_TT_FG_DY_8M_50CM_06_0,RGB,0:59,3:43,3:55,4:21,4:27,6:44,6:51,7:24,7:31,9:45,9:50,10:33,10:38,12:43,12:50,13:27,13:32,15:43,15:55,16:23,16:30,18:47,19:16,19:27,19:30
AA_K_TT_FG_DY_S_1M_02_0,RGB,0:09,2:19,2:26,2:38,2:42,5:16,5:23,5:48,5:50,8:17,8:22,8:57,9:02,11:14,11:19,11:48,11:48,14:17,14:23,14:43,14:48,17:14,17:20,17:41,17:45
AA_K_TT_FG_DY_S_1M_04_0,RGB,1:06,3:22,3:30,3:50,3:55,6:21,6:26,6:57,7:01,9:18,9:23,9:56,10:01,12:16,12:26,12:51,12:58,15:16,15:24,16:03,16:08,18:17,18:34,18:45,18:50
AA_K_TT_FG_DY_S_1M_06_0,RGB,0:49,3:35,3:43,4:07,4:13,6:33,6:42,7:24,7:31,9:43,9:48,10:24,10:29,12:41,12:49,13:25,13:30,15:59,16:08,16:40,16:46,19:02,19:14,19:40,19:44
AA_K_TT_FG_DY_S_50CM_02_0,RGB,0:13,2:22,2:29,2:41,2:45,5:19,5:25,5:51,5:53,8:20,8:25,9:00,9:05,11:17,11:22,11:51,11:51,14:20,14:26,14:46,14:51,17:17,17:23,17:44,17:48
AA_K_TT_FG_DY_S_50CM_04_0,RGB,1:08,3:24,3:32,3:52,3:57,6:23,6:28,6:59,7:03,9:20,9:25,9:58,10:03,12:18,12:28,12:53,13:00,15:18,15:26,16:05,16:10,18:19,18:36,18:47,18:52
AA_K_TT_FG_DY_S_50CM_06_0,RGB,0:47,3:33,3:41,4:05,4:11,6:31,6:40,7:22,7:29,9:41,9:46,10:22,10:27,12:39,12:47,13:23,13:28,15:57,16:06,16:38,16:44,19:00,19:12,19:38,19:42
AA_K_TT_FG_NT_6M_1M_02_0,RGB,0:07,2:17,2:31,2:40,2:46,5:17,5:23,5:48,5:54,8:15,8:20,8:46,8:51,11:15,11:24,11:39,11:39,14:16,14:27,14:53,15:01,17:15,17:23,17:41,17:43
AA_K_TT_FG_NT_6M_1M_04_0,RGB,0:37,3:41,3:51,4:12,4:16,6:43,6:46,7:13,7:19,9:41,9:46,10:21,10:26,12:42,13:00,13:22,13:22,15:43,15:46,16:16,16:18,18:40,18:53,19:16,19:19
AA_K_TT_FG_NT_6M_1M_06_0,RGB,0:09,3:55,4:04,4:28,4:36,6:50,6:56,7:35,7:42,9:52,9:57,10:34,10:39,12:50,12:57,13:28,13:28,15:55,16:02,16:36,16:41,18:50,19:09,19:37,19:41
AA_K_TT_FG_NT_6M_50CM_02_0,RGB,0:43,2:53,3:07,3:16,3:22,5:53,5:59,6:24,6:30,8:51,8:56,9:22,9:27,11:51,12:00,12:15,12:15,14:52,15:03,15:29,15:37,17:51,17:59,18:17,18:19
AA_K_TT_FG_NT_6M_50CM_04_0,RGB,0:33,3:37,3:47,4:08,4:12,6:39,6:42,7:09,7:15,9:37,9:42,10:17,10:22,12:38,12:56,13:18,13:18,15:39,15:42,16:12,16:14,18:36,18:49,19:12,19:15
AA_K_TT_FG_NT_6M_50CM_06_0,RGB,0:20,4:06,4:15,4:39,4:47,7:01,7:07,7:46,7:53,10:03,10:08,10:45,10:50,13:01,13:08,13:39,13:39,16:06,16:13,16:47,16:52,19:01,19:20,19:48,19:52
AA_K_TT_FG_NT_8M_1M_02_0,RGB,0:29,2:41,2:49,3:07,3:13,5:40,5:50,6:20,6:24,8:41,8:46,9:12,9:17,11:41,11:53,12:09,12:09,14:39,14:45,15:06,15:10,17:41,17:53,18:04,18:06
AA_K_TT_FG_NT_8M_1M_04_0,RGB,0:35,3:02,3:15,3:41,3:44,6:14,6:19,6:54,6:54,9:16,9:21,9:55,10:00,12:12,12:18,12:49,12:49,15:14,15:20,15:50,15:54,18:17,18:30,18:52,18:56
AA_K_TT_FG_NT_8M_1M_06_0,RGB,0:50,3:03,3:18,3:38,3:44,6:00,6:05,6:32,6:42,9:05,9:10,9:44,9:49,12:01,12:08,12:44,12:44,15:03,15:16,15:41,15:46,18:00,18:28,18:42,18:45
AA_K_TT_FG_NT_8M_50CM_02_0,RGB,0:54,3:06,3:14,3:32,3:38,6:05,6:15,6:45,6:49,9:06,9:11,9:37,9:42,12:06,12:18,12:34,12:34,15:04,15:10,15:31,15:35,18:06,18:18,18:29,18:31
AA_K_TT_FG_NT_8M_50CM_04_0,RGB,0:56,3:23,3:36,4:02,4:05,6:35,6:40,7:15,7:15,9:37,9:42,10:16,10:21,12:33,12:39,13:10,13:10,15:35,15:41,16:11,16:15,18:38,18:51,19:13,19:17
AA_K_TT_FG_NT_8M_50CM_06_0,RGB,1:00,3:13,3:28,3:48,3:54,6:10,6:15,6:42,6:52,9:15,9:20,9:54,9:59,12:11,12:18,12:54,12:54,15:13,15:26,15:51,15:56,18:10,18:38,18:52,18:55
AA_K_TT_FG_NT_S_1M_02_0,RGB,0:15,2:28,2:35,2:49,2:55,5:24,5:33,5:53,5:58,8:24,8:29,9:01,9:06,11:28,11:31,11:49,11:49,14:23,14:30,14:48,14:56,17:22,17:30,17:48,17:52
AA_K_TT_FG_NT_S_1M_04_0,RGB,0:37,2:54,3:02,3:23,3:27,5:52,5:58,6:35,6:41,8:55,9:00,9:31,9:36,11:52,12:00,12:27,12:27,14:50,15:03,15:29,15:33,17:52,18:07,18:20,18:25
AA_K_TT_FG_NT_S_1M_06_0,RGB,0:40,3:06,3:17,3:45,3:48,6:06,6:13,6:54,7:01,9:06,9:11,9:51,9:56,12:03,12:12,12:46,12:53,15:16,15:24,15:54,16:00,18:32,18:54,19:09,19:15
AA_K_TT_FG_NT_S_50CM_02_0,RGB,59:43:00,1:56,2:03,2:17,2:23,4:52,5:01,5:21,5:26,7:52,7:57,8:29,8:34,10:56,10:59,11:17,11:17,13:51,13:58,14:16,14:24,16:50,16:58,17:16,17:20
AA_K_TT_FG_NT_S_50CM_04_0,RGB,0:47,3:04,3:12,3:33,3:37,6:02,6:08,6:45,6:51,9:05,9:10,9:41,9:46,12:02,12:10,12:37,12:37,15:00,15:13,15:39,15:43,18:02,18:17,18:30,18:35
AA_K_TT_FG_NT_S_50CM_06_0,RGB,0:41,3:07,3:18,3:46,3:49,6:07,6:14,6:55,7:02,9:07,9:12,9:52,9:57,12:04,12:13,12:47,12:54,15:17,15:25,15:55,16:01,18:33,18:55,19:10,19:16
AA_K_TT_FG_SR_6M_1M_02_0,RGB,1:07,3:15,3:24,3:48,3:52,6:14,6:16,6:47,6:54,9:15,9:20,9:53,9:58,12:13,12:21,12:54,12:58,15:14,15:20,15:44,15:50,18:14,18:31,18:36,18:40
AA_K_TT_FG_SR_6M_1M_04_0,RGB,1:44,3:51,4:00,4:21,4:26,6:50,6:53,7:29,7:35,9:52,9:57,10:32,10:37,12:50,12:55,13:24,13:28,15:50,15:56,16:25,16:31,18:52,19:07,19:20,19:24
AA_K_TT_FG_SR_6M_1M_06_0,RGB,0:48,3:37,3:48,4:03,4:10,6:38,6:44,7:14,7:18,9:34,9:39,10:20,10:25,12:35,12:43,13:16,13:16,15:36,15:43,16:14,16:19,18:35,18:59,19:14,19:18
AA_K_TT_FG_SR_6M_1M_08_0,RGB,1:16,3:26,3:37,4:03,4:07,6:24,6:27,7:02,7:10,9:25,9:30,10:07,10:12,12:25,12:32,13:06,13:06,18:37,18:46,19:07,19:14,21:33,21:47,22:13,22:13
AA_K_TT_FG_SR_6M_50CM_02_0,RGB,1:54,4:02,4:11,4:35,4:39,7:01,7:03,7:34,7:41,10:02,10:07,10:40,10:45,13:00,13:08,13:41,13:45,16:01,16:07,16:31,16:37,19:01,19:18,19:23,19:27
AA_K_TT_FG_SR_6M_50CM_04_0,RGB,1:27,3:34,3:43,4:04,4:09,6:33,6:36,7:12,7:18,9:35,9:40,10:15,10:20,12:33,12:38,13:07,13:11,15:33,15:39,16:08,16:14,18:35,18:50,19:03,19:07
AA_K_TT_FG_SR_6M_50CM_06_0,RGB,0:27,3:16,3:27,3:42,3:49,6:17,6:23,6:53,6:57,9:13,9:18,9:59,10:04,12:14,12:22,12:55,12:55,15:15,15:22,15:53,15:58,18:14,18:38,18:53,18:57
AA_K_TT_FG_SR_6M_50CM_08_0,RGB,0:39,2:49,3:00,3:26,3:30,5:47,5:50,6:25,6:33,8:48,8:53,9:30,9:35,11:48,11:55,12:29,12:29,18:00,18:09,18:30,18:37,20:56,21:10,21:36,21:36
AA_K_TT_FG_SR_8M_1M_02_0,RGB,0:18,2:31,2:38,3:00,3:04,5:28,5:39,6:08,6:13,8:27,8:32,9:02,9:07,11:28,11:37,12:10,12:13,14:27,14:36,14:49,14:55,17:27,17:45,17:49,17:53
AA_K_TT_FG_SR_8M_1M_04_0,RGB,0:38,2:55,3:08,3:31,3:35,5:45,5:55,6:25,6:31,8:50,8:55,9:32,9:37,11:47,11:56,12:24,12:26,14:50,14:57,15:22,15:28,17:48,18:06,18:24,18:29
AA_K_TT_FG_SR_8M_1M_06_0,RGB,0:38,2:48,2:57,3:23,3:28,5:47,5:54,6:29,6:32,8:50,8:55,9:35,9:40,11:48,11:57,12:34,12:34,14:45,14:55,15:27,15:35,17:46,18:16,18:29,18:35
AA_K_TT_FG_SR_8M_50CM_02_0,RGB,0:14,2:27,2:34,2:56,3:00,5:24,5:35,6:04,6:09,8:23,8:28,8:58,9:03,11:24,11:33,12:06,12:09,14:23,14:32,14:45,14:51,17:23,17:41,17:45,17:49
AA_K_TT_FG_SR_8M_50CM_04_0,RGB,0:31,2:48,3:01,3:24,3:28,5:38,5:48,6:18,6:24,8:43,8:48,9:25,9:30,11:40,11:49,12:17,12:19,14:43,14:50,15:15,15:21,17:41,17:59,18:17,18:22
AA_K_TT_FG_SR_8M_50CM_06_0,RGB,0:45,2:55,3:04,3:30,3:35,5:54,6:01,6:36,6:39,8:57,9:02,9:42,9:47,11:55,12:04,12:41,12:41,14:52,15:02,15:34,15:42,17:53,18:23,18:36,18:42
AA_K_TT_FG_SR_S_1M_02_0,RGB,1:46,3:57,4:03,4:23,4:26,6:58,7:11,7:25,7:34,9:58,10:03,10:43,10:48,12:54,13:00,13:37,13:37,15:56,16:02,16:29,16:34,18:54,19:21,19:26,19:29
AA_K_TT_FG_SR_S_1M_04_0,RGB,1:43,3:52,4:04,4:31,4:35,7:03,7:12,7:46,7:49,9:57,10:02,10:38,10:43,12:53,13:01,13:34,13:38,15:56,16:03,16:27,16:34,18:52,19:05,19:23,19:28
AA_K_TT_FG_SR_S_1M_06_0,RGB,0:48,3:02,3:09,3:39,3:45,6:00,6:10,6:40,6:47,9:13,9:18,9:48,9:53,13:07,13:20,13:51,13:56,17:14,17:25,17:58,18:02,20:14,20:29,20:48,20:53
AA_K_TT_FG_SR_S_50CM_02_0,RGB,0:09,2:20,2:26,2:46,2:49,5:21,5:34,5:48,5:57,8:21,8:26,9:06,9:11,11:17,11:23,12:00,12:00,14:19,14:25,14:52,14:57,17:17,17:44,17:49,17:52
AA_K_TT_FG_SR_S_50CM_04_0,RGB,1:12,3:21,3:33,4:00,4:04,6:32,6:41,7:15,7:18,9:26,9:31,10:07,10:12,12:22,12:30,13:03,13:07,15:25,15:32,15:56,16:03,18:21,18:34,18:52,18:57
AA_K_TT_FG_SR_S_50CM_06_0,RGB,0:29,2:42,2:52,3:19,3:24,5:41,5:49,6:23,6:33,8:38,8:43,9:22,9:27,11:37,11:47,12:20,12:27,14:40,14:49,15:19,15:25,17:42,17:56,18:16,18:22
AA_K_TT_FG_SR_S_50CM_07_0,RGB,0:50,3:03,3:11,3:41,3:46,6:03,6:11,6:41,6:48,9:13,9:18,9:51,9:56,13:07,13:23,13:53,13:59,17:12,17:26,17:59,18:04,20:15,20:31,20:49,20:55
AA_K_TT_FG_SS_6M_1M_02_0,RGB,0:34,2:44,2:53,3:11,3:16,5:44,5:50,6:20,6:23,8:46,8:51,9:17,9:22,11:43,11:57,12:10,12:13,14:43,14:46,15:06,15:12,17:43,17:59,18:09,18:14
AA_K_TT_FG_SS_6M_1M_04_0,RGB,0:30,2:39,2:45,3:08,3:13,5:39,5:45,6:23,6:23,8:39,8:44,9:20,9:25,11:37,11:47,12:13,12:18,14:39,14:47,15:15,15:22,17:39,18:08,18:13,18:17
AA_K_TT_FG_SS_6M_1M_06_0,RGB,0:14,2:20,2:28,3:01,3:07,5:24,5:29,6:05,6:10,8:24,8:29,9:12,9:17,11:19,11:25,12:07,12:07,14:19,14:30,15:04,15:10,17:21,17:31,18:03,18:08
AA_K_TT_FG_SS_6M_50CM_02_0,RGB,0:42,2:52,3:01,3:19,3:24,5:52,5:58,6:28,6:31,8:54,8:59,9:25,9:30,11:51,12:05,12:18,12:21,14:51,14:54,15:14,15:20,17:51,18:07,18:17,18:22
AA_K_TT_FG_SS_6M_50CM_04_0,RGB,0:25,2:34,2:40,3:03,3:08,5:34,5:40,6:18,6:18,8:34,8:39,9:15,9:20,11:32,11:42,12:08,12:13,14:34,14:42,15:10,15:17,17:34,18:03,18:08,18:12
AA_K_TT_FG_SS_6M_50CM_06_0,RGB,0:27,2:33,2:41,3:14,3:20,5:37,5:42,6:18,6:23,8:37,8:42,9:25,9:30,11:32,11:38,12:20,12:20,14:32,14:43,15:17,15:23,17:34,17:44,18:16,18:21
AA_K_TT_FG_SS_8M_1M_02_0,RGB,1:07,3:18,3:30,3:42,3:49,6:14,6:33,6:45,6:51,9:12,9:17,9:46,9:51,12:12,12:29,13:03,13:03,15:16,15:24,15:44,15:50,18:12,18:22,18:36,18:42
AA_K_TT_FG_SS_8M_1M_04_0,RGB,0:38,2:50,2:58,3:24,3:28,5:59,6:04,6:32,6:36,8:47,8:52,9:34,9:39,11:47,12:01,12:26,12:26,14:48,14:58,15:27,15:31,17:48,18:02,18:15,18:22
AA_K_TT_FG_SS_8M_1M_06_0,RGB,0:09,2:31,2:39,3:05,3:11,5:35,5:40,6:01,6:15,8:33,8:38,9:15,9:20,11:32,11:45,12:23,12:23,14:31,14:41,15:13,15:18,17:32,17:48,18:07,18:17
AA_K_TT_FG_SS_8M_50CM_02_0,RGB,0:25,2:36,2:48,3:00,3:07,5:32,5:51,6:03,6:09,8:30,8:35,9:04,9:09,11:30,11:47,12:21,12:21,14:34,14:42,15:02,15:08,17:30,17:40,17:54,18:00
AA_K_TT_FG_SS_8M_50CM_04_0,RGB,0:57,3:09,3:17,3:43,3:47,6:18,6:23,6:51,6:55,9:06,9:11,9:53,9:58,12:06,12:20,12:45,12:45,15:07,15:17,15:46,15:50,18:07,18:21,18:34,18:41
AA_K_TT_FG_SS_8M_50CM_06_0,RGB,0:18,2:40,2:48,3:14,3:20,5:44,5:49,6:10,6:24,8:42,8:47,9:24,9:29,11:41,11:54,12:32,12:32,14:40,14:50,15:22,15:27,17:41,17:57,18:16,18:26
AA_K_TT_FG_SS_S_1M_02_0,RGB,0:31,2:39,2:45,3:00,3:04,5:38,5:45,6:04,6:10,8:42,8:47,9:13,9:18,11:37,11:43,12:08,12:12,14:38,14:43,15:05,15:14,17:36,17:45,18:00,18:04
AA_K_TT_FG_SS_S_1M_04_0,RGB,0:34,2:52,3:01,3:20,3:25,5:52,5:59,6:28,6:32,8:52,8:57,9:30,9:35,11:50,11:54,12:27,12:28,14:52,14:56,15:26,15:32,17:53,18:02,18:23,18:26
AA_K_TT_FG_SS_S_1M_06_0,RGB,0:52,3:13,3:24,3:53,3:58,6:14,6:22,7:01,7:07,9:05,9:10,9:59,10:04,12:12,12:17,12:49,12:56,15:10,15:19,15:48,15:54,18:15,18:28,18:50,18:56
AA_K_TT_FG_SS_S_50CM_02_0,RGB,0:18,2:26,2:32,2:47,2:51,5:25,5:32,5:51,5:57,8:29,8:34,9:00,9:05,11:24,11:30,11:55,11:59,14:25,14:30,14:52,15:01,17:23,17:32,17:47,17:51
AA_K_TT_FG_SS_S_50CM_04_0,RGB,0:10,2:22,2:31,2:57,3:01,5:23,5:32,6:06,6:10,8:22,8:27,9:00,9:05,11:22,11:29,12:02,12:06,14:25,14:32,14:54,15:00,17:23,17:43,17:54,17:59
AA_K_TT_FG_SS_S_50CM_06_0,RGB,1:15,3:36,3:47,4:16,4:21,6:37,6:45,7:24,7:30,9:28,9:33,10:22,10:27,12:35,12:40,13:12,13:19,15:33,15:42,16:11,16:17,18:38,18:51,19:13,19:19
AA_K_TT_RN_DY_6M_1M_02_0,RGB,0:23,2:35,2:45,2:57,3:02,5:34,5:39,6:10,6:14,8:33,8:38,9:04,9:09,11:34,11:39,12:02,12:02,14:35,14:39,15:01,15:08,17:34,17:39,17:45,17:51
AA_K_TT_RN_DY_6M_1M_04_0,RGB,0:35,2:47,2:54,3:14,3:19,5:46,5:50,6:17,6:20,8:49,8:54,9:28,9:33,11:44,11:51,12:24,12:26,14:45,14:51,15:13,15:18,17:45,17:58,18:11,18:17
AA_K_TT_RN_DY_6M_1M_06_0,RGB,1:08,3:59,4:04,4:27,4:32,7:00,7:04,7:30,7:36,10:02,10:07,10:39,10:44,13:03,13:07,13:35,13:35,16:02,16:09,16:34,16:38,19:01,19:13,19:29,19:33
AA_K_TT_RN_DY_6M_1M_07_0,RGB,0:43,4:04,4:15,4:37,4:40,7:03,7:05,7:30,7:36,10:05,10:10,10:37,10:42,13:03,13:07,13:38,13:40,16:01,16:06,16:37,16:40,19:00,19:18,19:26,19:30
AA_K_TT_RN_DY_6M_1M_08_0,RGB,0:25,3:15,3:21,3:47,3:50,6:18,6:22,6:41,6:46,9:15,9:20,9:57,10:02,12:16,12:22,12:51,12:51,15:16,15:21,15:50,15:54,18:17,18:25,18:44,18:50
AA_K_TT_RN_DY_6M_50CM_02_0,RGB,0:32,2:44,2:54,3:06,3:11,5:43,5:48,6:19,6:23,8:42,8:47,9:13,9:18,11:43,11:48,12:11,12:11,14:44,14:48,15:10,15:17,17:43,17:48,17:54,18:00
AA_K_TT_RN_DY_6M_50CM_04_0,RGB,0:58,3:10,3:17,3:37,3:42,6:09,6:13,6:40,6:43,9:12,9:17,9:51,9:56,12:07,12:14,12:47,12:49,15:08,15:14,15:36,15:41,18:08,18:21,18:34,18:40
AA_K_TT_RN_DY_6M_50CM_05_0,RGB,0:19,3:40,3:51,4:13,4:16,6:39,6:41,7:06,7:12,9:41,9:46,10:13,10:18,12:39,12:43,13:14,13:16,15:37,15:42,16:13,16:16,18:36,18:54,19:02,19:06
AA_K_TT_RN_DY_6M_50CM_06_0,RGB,1:51,4:42,4:47,5:10,5:15,7:43,7:47,8:13,8:19,10:45,10:50,11:22,11:27,13:46,13:50,14:18,14:18,16:45,16:52,17:17,17:21,19:44,19:56,20:12,20:16
AA_K_TT_RN_DY_6M_50CM_07_0,RGB,0:22,3:12,3:18,3:44,3:47,6:15,6:19,6:38,6:43,9:12,9:17,9:54,9:59,12:13,12:19,12:48,12:48,15:13,15:18,15:47,15:51,18:14,18:22,18:41,18:47
AA_K_TT_RN_DY_8M_1M_02_0,RGB,0:17,2:38,2:43,2:54,2:58,5:42,5:48,6:13,6:18,8:41,8:46,9:04,9:09,11:39,11:48,12:06,12:06,14:39,14:53,15:11,15:16,17:38,17:44,17:50,17:57
AA_K_TT_RN_DY_8M_1M_04_0,RGB,0:31,2:42,2:51,3:16,3:20,5:42,5:49,6:13,6:18,8:42,8:47,9:25,9:30,11:40,11:48,12:18,12:23,14:41,14:49,15:15,15:22,17:41,17:56,18:14,18:17
AA_K_TT_RN_DY_8M_1M_06_0,RGB,1:16,3:32,3:42,4:08,4:13,6:31,6:39,7:02,7:11,9:28,9:33,10:11,10:16,12:29,12:39,13:10,13:15,15:29,15:37,16:04,16:11,18:28,18:51,18:58,19:03
AA_K_TT_RN_DY_8M_1M_07_0,RGB,0:12,3:10,3:21,3:51,3:55,6:13,6:18,6:47,6:54,9:10,9:15,9:50,9:55,12:09,12:18,12:48,12:52,15:09,15:17,15:48,15:54,18:11,18:38,18:50,18:53
AA_K_TT_RN_DY_8M_50CM_02_0,RGB,0:26,2:47,2:52,3:03,3:07,5:51,5:57,6:22,6:27,8:50,8:55,9:13,9:18,11:48,11:57,12:15,12:15,14:48,15:02,15:20,15:25,17:47,17:53,17:59,18:06
AA_K_TT_RN_DY_8M_50CM_04_0,RGB,0:44,2:55,3:04,3:29,3:33,5:55,6:02,6:26,6:31,8:55,9:00,9:38,9:43,11:53,12:01,12:31,12:36,14:54,15:02,15:28,15:35,17:54,18:09,18:27,18:30
AA_K_TT_RN_DY_8M_50CM_05_0,RGB,0:46,3:02,3:12,3:38,3:43,6:01,6:09,6:32,6:41,8:58,9:03,9:41,9:46,11:59,12:09,12:40,12:45,14:59,15:07,15:34,15:41,17:58,18:21,18:28,18:33
AA_K_TT_RN_DY_8M_50CM_06_0,RGB,0:25,3:23,3:34,4:04,4:08,6:26,6:31,7:00,7:07,9:23,9:28,10:03,10:08,12:22,12:31,13:01,13:05,15:22,15:30,16:01,16:07,18:24,18:51,19:03,19:06
AA_K_TT_RN_DY_S_1M_02_0,RGB,0:44,2:56,3:06,3:12,3:16,5:56,6:01,6:30,6:33,8:55,9:00,9:40,9:45,11:54,12:07,12:24,12:24,14:57,15:02,15:16,15:30,18:22,18:32,18:44,18:47
AA_K_TT_RN_DY_S_1M_04_0,RGB,0:46,3:02,3:13,3:25,3:34,6:01,6:08,6:36,6:40,9:02,9:07,9:38,9:43,12:00,12:10,12:30,12:30,15:02,15:12,15:37,15:44,18:01,18:28,18:33,18:37
AA_K_TT_RN_DY_S_1M_05_0,RGB,0:23,2:58,3:10,3:37,3:40,6:01,6:07,6:34,6:45,9:02,9:07,9:42,9:47,11:59,12:05,12:35,12:39,14:59,15:03,15:37,15:42,18:01,18:31,18:40,18:44
AA_K_TT_RN_DY_S_1M_06_0,RGB,1:23,3:34,3:45,4:12,4:14,6:38,6:41,7:03,7:15,9:35,9:40,10:16,10:21,12:35,12:40,13:19,13:22,15:35,15:41,16:18,16:23,18:37,19:07,19:14,19:17
AA_K_TT_RN_DY_S_50CM_02_0,RGB,1:26,3:38,3:48,3:54,3:58,6:38,6:43,7:12,7:15,9:37,9:42,10:22,10:27,12:36,12:49,13:06,13:06,15:39,15:44,15:58,16:12,19:04,19:14,19:26,19:29
AA_K_TT_RN_DY_S_50CM_04_0,RGB,1:03,3:19,3:30,3:42,3:51,6:18,6:25,6:53,6:57,9:19,9:24,9:55,10:00,12:17,12:27,12:47,12:47,15:19,15:29,15:54,16:01,18:18,18:45,18:50,18:54
AA_K_TT_RN_DY_S_50CM_05_0,RGB,0:20,2:55,3:07,3:34,3:37,5:58,6:04,6:31,6:42,8:59,9:04,9:39,9:44,11:56,12:02,12:32,12:36,14:56,15:00,15:34,15:39,17:58,18:28,18:37,18:41
AA_K_TT_RN_DY_S_50CM_06_0,RGB,1:18,3:29,3:40,4:07,4:09,6:33,6:36,6:58,7:10,9:30,9:35,10:11,10:16,12:30,12:35,13:14,13:17,15:30,15:36,16:13,16:18,18:32,19:02,19:09,19:12
AA_K_TT_RN_NT_6M_1M_02_0,RGB,0:16,2:32,2:47,2:59,3:04,5:34,5:38,6:02,6:08,8:31,8:36,9:10,9:15,11:32,11:40,12:07,12:07,14:31,14:38,14:59,15:03,17:31,17:49,18:01,18:04
AA_K_TT_RN_NT_6M_1M_04_0,RGB,0:32,2:51,3:01,3:23,3:27,5:49,5:55,6:21,6:27,8:51,8:56,9:34,9:39,11:50,12:00,12:25,12:25,14:49,14:55,15:20,15:28,17:49,18:01,18:17,18:22
AA_K_TT_RN_NT_6M_1M_05_0,RGB,0:51,3:08,3:17,3:33,3:37,6:08,6:14,6:25,6:41,9:08,9:13,9:38,9:43,12:08,12:11,12:36,12:39,15:06,15:11,15:39,15:46,18:05,18:25,18:42,18:47
AA_K_TT_RN_NT_6M_1M_06_0,RGB,0:56,3:08,3:17,3:39,3:44,6:09,6:13,6:39,6:46,9:06,9:11,9:44,9:49,12:05,12:16,12:40,12:44,15:05,15:12,15:40,15:46,18:05,18:20,18:33,18:37
AA_K_TT_RN_NT_6M_50CM_02_0,RGB,0:37,2:53,3:08,3:20,3:25,5:55,5:59,6:23,6:29,8:52,8:57,9:31,9:36,11:53,12:01,12:28,12:28,14:52,14:59,15:20,15:24,17:52,18:10,18:22,18:25
AA_K_TT_RN_NT_6M_50CM_04_0,RGB,0:40,2:59,3:09,3:31,3:35,5:57,6:03,6:29,6:35,8:59,9:04,9:42,9:47,11:58,12:08,12:33,12:33,14:57,15:03,15:28,15:36,17:57,18:09,18:25,18:30
AA_K_TT_RN_NT_6M_50CM_06_0,RGB,0:17,2:34,2:43,2:59,3:03,5:34,5:40,5:51,6:07,8:34,8:39,9:04,9:09,11:34,11:37,12:02,12:05,14:32,14:37,15:05,15:12,17:31,17:51,18:08,18:13
AA_K_TT_RN_NT_6M_50CM_08_0,RGB,0:18,2:30,2:39,3:01,3:06,5:31,5:35,6:01,6:08,8:28,8:33,9:06,9:11,11:27,11:38,12:02,12:06,14:27,14:34,15:02,15:08,17:27,17:42,17:55,17:59
AA_K_TT_RN_NT_8M_1M_02_0,RGB,0:18,2:39,2:46,3:02,3:07,5:37,5:38,6:00,6:07,8:36,8:41,9:17,9:22,11:37,11:48,12:11,12:11,14:36,14:52,15:10,15:15,17:35,17:44,17:56,18:04
AA_K_TT_RN_NT_8M_1M_04_0_침입까지만,RGB,0:38,2:58,3:07,3:36,3:40,6:00,6:10,6:35,6:41,8:58,9:03,9:40,9:45,12:01,12:09,12:36,12:39,0:00,0:00,0:00,0:00,0:00,0:00,0:00,0:00
AA_K_TT_RN_NT_8M_1M_05_0,RGB,1:08,3:25,3:37,4:02,4:08,6:25,6:31,6:58,7:06,9:27,9:32,10:06,10:11,12:23,12:28,13:05,13:05,15:23,15:29,16:01,16:07,18:24,18:33,18:49,18:56
AA_K_TT_RN_NT_8M_1M_06_0,RGB,0:39,3:09,3:20,3:38,3:44,6:11,6:17,6:38,6:45,9:08,9:13,9:48,9:53,12:07,12:17,12:50,12:50,15:07,15:13,15:41,15:46,18:07,18:19,18:33,18:37
AA_K_TT_RN_NT_8M_50CM_02_0,RGB,0:32,2:53,3:00,3:16,3:21,5:51,5:52,6:14,6:21,8:50,8:55,9:31,9:36,11:51,12:02,12:25,12:25,14:50,15:06,15:24,15:29,17:49,17:58,18:10,18:18
AA_K_TT_RN_NT_8M_50CM_05_0,RGB,0:41,2:58,3:10,3:35,3:41,5:58,6:04,6:31,6:39,9:00,9:05,9:39,9:44,11:56,12:01,12:38,12:38,14:56,15:02,15:34,15:40,17:57,18:06,18:22,18:29
AA_K_TT_RN_NT_8M_50CM_07_0,RGB,0:27,2:57,3:08,3:26,3:32,5:59,6:05,6:26,6:33,8:56,9:01,9:36,9:41,11:55,12:05,12:38,12:38,14:55,15:01,15:29,15:34,17:55,18:07,18:21,18:25
AA_K_TT_RN_NT_S_1M_02_0,RGB,0:22,3:10,3:18,3:31,3:35,6:10,6:17,6:39,6:44,9:37,9:42,10:02,10:07,12:37,12:46,13:05,13:05,15:35,15:42,16:06,16:13,18:36,18:54,19:00,19:04
AA_K_TT_RN_NT_S_1M_04_0,RGB,1:00,3:14,3:19,3:41,3:45,6:11,6:16,6:51,6:56,9:16,9:21,9:57,10:02,12:15,12:36,12:40,12:40,15:16,15:21,15:43,15:48,18:14,18:33,18:40,18:44
AA_K_TT_RN_NT_S_1M_05_0,RGB,2:06,5:21,5:50,6:01,6:05,8:25,8:30,9:00,9:06,11:20,11:25,12:02,12:07,14:24,14:30,15:04,15:04,17:24,17:28,17:53,17:59,20:26,20:51,20:59,21:02
AA_K_TT_RN_NT_S_1M_06_0,RGB,0:10,2:55,3:03,3:28,3:33,5:53,5:59,6:30,6:30,8:52,8:57,9:30,9:35,11:54,12:00,12:36,12:39,14:55,15:00,15:30,15:36,17:55,18:27,18:32,18:36
AA_K_TT_RN_NT_S_50CM_02_0,RGB,0:47,3:35,3:43,3:56,4:00,6:35,6:42,7:04,7:09,10:02,10:07,10:27,10:32,13:02,13:11,13:30,13:30,16:00,16:07,16:31,16:38,19:01,19:19,19:25,19:29
AA_K_TT_RN_NT_S_50CM_04_0,RGB,0:13,2:27,2:32,2:54,2:58,5:24,5:29,6:04,6:09,8:29,8:34,9:10,9:15,11:28,11:49,11:53,11:53,14:29,14:34,14:56,15:01,17:27,17:46,17:53,17:57
AA_K_TT_RN_NT_S_50CM_05_0,RGB,1:57,5:12,5:41,5:52,5:56,8:16,8:21,8:51,8:57,11:11,11:16,11:53,11:58,14:15,14:21,14:55,14:55,17:15,17:19,17:44,17:50,20:17,20:42,20:50,20:53
AA_K_TT_RN_NT_S_50CM_06_0,RGB,0:06,2:51,2:59,3:24,3:29,5:49,5:55,6:26,6:26,8:48,8:53,9:26,9:31,11:50,11:56,12:32,12:35,14:51,14:56,15:26,15:32,17:51,18:23,18:28,18:32
AA_K_TT_RN_SR_6M_1M_02_0,RGB,0:21,2:33,2:42,2:56,2:59,5:32,5:35,6:04,6:09,8:33,8:38,8:57,9:02,12:28,12:41,13:06,13:08,15:32,15:36,15:59,16:05,18:33,18:44,18:56,18:59
AA_K_TT_RN_SR_6M_1M_04_0,RGB,1:05,4:13,4:20,4:48,4:53,7:12,7:21,7:49,7:53,10:13,10:18,10:49,10:54,13:14,13:20,13:49,13:49,16:12,16:20,16:42,16:47,19:11,19:29,19:44,19:46
AA_K_TT_RN_SR_6M_1M_06_0,RGB,0:39,2:54,3:00,3:26,3:29,5:54,6:00,6:27,6:30,8:52,8:57,9:32,9:37,11:52,12:02,12:26,12:26,14:52,14:56,15:26,15:30,17:53,18:02,18:24,18:28
AA_K_TT_RN_SR_6M_1M_08_0,RGB,0:13,2:44,2:50,3:20,3:23,5:47,5:53,6:23,6:28,8:49,8:54,9:27,9:32,11:43,11:51,12:19,12:19,14:44,14:46,15:18,15:25,17:44,17:56,18:15,18:19
AA_K_TT_RN_SR_6M_50CM_02_0,RGB,0:42,2:54,3:03,3:17,3:20,5:53,5:56,6:25,6:30,8:54,8:59,9:18,9:23,12:49,13:02,13:27,13:29,15:53,15:57,16:20,16:26,18:54,19:05,19:17,19:20
AA_K_TT_RN_SR_6M_50CM_04_0,RGB,0:57,4:05,4:12,4:40,4:45,7:04,7:13,7:41,7:45,10:05,10:10,10:41,10:46,13:06,13:12,13:41,13:41,16:04,16:12,16:34,16:39,19:03,19:21,19:36,19:38
AA_K_TT_RN_SR_6M_50CM_06_0,RGB,0:26,2:41,2:47,3:13,3:16,5:41,5:47,6:14,6:17,8:39,8:44,9:19,9:24,11:39,11:49,12:13,12:13,14:39,14:43,15:13,15:17,17:40,17:49,18:11,18:15
AA_K_TT_RN_SR_6M_50CM_08_0,RGB,0:17,2:48,2:54,3:24,3:27,5:51,5:57,6:27,6:32,8:53,8:58,9:31,9:36,11:47,11:55,12:23,12:23,14:48,14:50,15:22,15:29,17:48,18:00,18:19,18:23
AA_K_TT_RN_SR_8M_1M_02_0,RGB,0:35,3:07,3:13,3:26,3:30,6:09,6:18,6:45,6:50,9:09,9:14,9:43,9:48,12:07,12:14,12:40,12:43,15:05,15:11,15:36,15:44,18:05,18:12,18:26,18:30
AA_K_TT_RN_SR_8M_1M_04_0,RGB,0:58,3:11,3:22,3:46,3:49,6:14,6:26,6:48,6:53,9:12,9:17,9:45,9:50,12:11,12:25,12:48,12:54,15:09,15:18,15:52,15:56,18:11,18:37,18:49,18:54
AA_K_TT_RN_SR_8M_1M_05_0,RGB,0:54,3:14,3:25,3:48,3:56,6:09,6:13,6:45,6:49,9:07,9:12,9:46,9:51,12:08,12:12,12:45,12:49,15:13,15:17,15:44,15:50,18:11,18:17,18:40,18:43
AA_K_TT_RN_SR_8M_1M_06_0,RGB,0:12,9:15,9:27,9:51,9:55,12:17,12:24,12:59,13:06,15:14,15:19,15:53,15:58,18:15,18:27,18:53,18:56,21:18,21:24,21:52,22:00,24:15:00,24:32:00,24:44:00,24:51:00
AA_K_TT_RN_SR_8M_50CM_02_0,RGB,0:47,3:19,3:25,3:38,3:42,6:21,6:30,6:57,7:02,9:21,9:26,9:55,10:00,12:19,12:26,12:52,12:55,15:17,15:23,15:48,15:56,18:17,18:24,18:38,18:42
AA_K_TT_RN_SR_8M_50CM_04_0,RGB,1:09,3:22,3:33,3:57,4:00,6:25,6:37,6:59,7:04,9:23,9:28,9:56,10:01,12:22,12:36,12:59,13:05,15:20,15:29,16:03,16:07,18:22,18:48,19:00,19:05
AA_K_TT_RN_SR_8M_50CM_05_0,RGB,5:29,7:49,8:00,8:23,8:31,10:44,10:48,11:20,11:24,13:42,13:47,14:21,14:26,16:43,16:47,17:20,17:24,19:48,19:52,20:19,20:25,22:46,22:52,23:15,23:18
AA_K_TT_RN_SR_8M_50CM_07_0,RGB,0:27,9:30,9:42,10:06,10:10,12:32,12:39,13:14,13:21,15:29,15:34,16:08,16:13,18:30,18:42,19:08,19:11,21:33,21:39,22:07,22:15,24:30:00,24:47:00,24:59:00,25:06:00
AA_K_TT_RN_SR_S_1M_02_0,RGB,0:13,2:25,2:32,2:42,2:52,5:25,5:38,6:07,6:12,8:27,8:32,8:56,9:01,11:24,11:34,11:57,11:57,14:27,14:32,14:55,14:59,17:26,17:32,17:40,17:49
AA_K_TT_RN_SR_S_1M_04_0,RGB,1:25,3:36,3:51,4:08,4:12,6:35,6:41,7:13,7:16,9:33,9:38,10:07,10:12,12:32,12:44,13:10,13:13,15:32,15:40,16:02,16:11,18:30,18:49,19:04,19:07
AA_K_TT_RN_SR_S_1M_05_0,RGB,0:34,3:01,3:08,3:35,3:38,6:03,6:06,6:36,6:40,9:00,9:05,9:34,9:39,12:02,12:07,12:45,12:47,15:01,15:03,15:35,15:38,18:02,18:14,18:36,18:37
AA_K_TT_RN_SR_S_1M_06_0,RGB,1:19,3:35,3:44,4:05,4:09,6:37,6:42,7:09,7:16,9:34,9:39,10:21,10:26,12:39,12:41,13:19,13:24,15:35,15:42,16:12,16:18,18:34,18:45,19:02,19:07
AA_K_TT_RN_SR_S_50CM_02_0,RGB,0:20,2:32,2:39,2:49,2:59,5:32,5:45,6:14,6:19,8:34,8:39,9:03,9:08,11:31,11:41,12:04,12:04,14:34,14:39,15:02,15:06,17:33,17:39,17:47,17:56
AA_K_TT_RN_SR_S_50CM_04_0,RGB,1:33,3:44,3:59,4:16,4:20,6:43,6:49,7:21,7:24,9:41,9:46,10:15,10:20,12:40,12:52,13:18,13:21,15:40,15:48,16:10,16:19,18:38,18:57,19:12,19:15
AA_K_TT_RN_SR_S_50CM_05_0,RGB,0:29,2:56,3:03,3:30,3:33,5:58,6:01,6:31,6:35,8:55,9:00,9:29,9:34,11:57,12:02,12:40,12:42,14:56,14:58,15:30,15:33,17:57,18:09,18:31,18:32
AA_K_TT_RN_SR_S_50CM_06_0,RGB,0:37,2:53,3:02,3:23,3:27,5:55,6:00,6:27,6:34,8:52,8:57,9:39,9:44,11:57,11:59,12:37,12:42,14:53,15:00,15:30,15:36,17:52,18:03,18:20,18:25
AA_K_TT_RN_SS_6M_1M_02_0,RGB,0:07,2:28,2:38,2:55,2:59,5:28,5:36,6:00,6:05,8:27,8:32,8:56,9:01,11:28,11:40,12:01,12:01,14:27,14:35,14:52,15:00,17:27,17:50,17:54,17:57
AA_K_TT_RN_SS_6M_1M_03_0,RGB,0:58,3:15,3:20,3:43,3:47,6:13,6:18,6:44,6:48,9:16,9:21,9:51,9:56,12:15,12:22,12:43,12:43,15:17,15:20,15:47,15:52,18:14,18:43,18:45,18:50
AA_K_TT_RN_SS_6M_1M_04_0,RGB,0:56,3:14,3:20,3:40,3:45,6:14,6:22,6:44,6:49,9:12,9:17,9:50,9:55,12:13,12:20,12:47,12:47,15:11,15:16,15:40,15:45,18:12,18:34,18:41,18:42
AA_K_TT_RN_SS_6M_50CM_02_0,RGB,0:33,2:54,3:04,3:21,3:25,5:54,6:02,6:26,6:31,8:53,8:58,9:22,9:27,11:54,12:06,12:27,12:27,14:53,15:01,15:18,15:26,17:53,18:16,18:20,18:23
AA_K_TT_RN_SS_6M_50CM_04_0,RGB,0:26,2:43,2:48,3:11,3:15,5:41,5:46,6:12,6:16,8:44,8:49,9:19,9:24,11:43,11:50,12:11,12:11,14:45,14:48,15:15,15:20,17:42,18:11,18:13,18:18
AA_K_TT_RN_SS_6M_50CM_06_0,RGB,0:34,2:52,2:58,3:18,3:23,5:52,6:00,6:22,6:27,8:50,8:55,9:28,9:33,11:51,11:58,12:25,12:25,14:49,14:54,15:18,15:23,17:50,18:12,18:19,18:20
AA_K_TT_RN_SS_8M_1M_02_0,RGB,0:18,2:29,2:44,3:01,3:09,5:28,5:36,6:07,6:12,8:29,8:34,9:03,9:08,11:29,11:43,12:06,12:12,14:28,14:33,14:52,15:00,17:27,17:36,17:54,17:57
AA_K_TT_RN_SS_8M_1M_04_0,RGB,0:37,2:53,3:02,3:21,3:27,5:50,5:56,6:29,6:29,8:51,8:56,9:37,9:42,11:52,12:00,12:28,12:30,14:50,14:58,15:23,15:29,17:41,17:51,18:03,18:07
AA_K_TT_RN_SS_8M_1M_05_0,RGB,0:55,3:10,3:23,3:48,3:51,6:11,6:12,6:44,6:48,8:50,8:55,9:18,9:23,11:22,11:28,12:02,12:02,14:22,14:29,14:56,15:04,17:24,18:00,18:06,18:11
AA_K_TT_RN_SS_8M_50CM_02_0,RGB,0:25,2:36,2:51,3:08,3:16,5:35,5:43,6:14,6:19,8:36,8:41,9:10,9:15,11:36,11:50,12:13,12:19,14:35,14:40,14:59,15:07,17:34,17:43,18:01,18:04
AA_K_TT_RN_SS_8M_50CM_04_0,RGB,0:38,2:54,3:03,3:22,3:28,5:51,5:57,6:30,6:30,8:52,8:57,9:38,9:43,11:53,12:01,12:29,12:31,14:51,14:59,15:24,15:30,17:42,17:52,18:04,18:08
AA_K_TT_RN_SS_8M_50CM_05_0,RGB,0:12,2:27,2:40,3:05,3:08,5:28,5:29,6:01,6:05,8:07,8:12,8:35,8:40,10:39,10:45,11:19,11:19,13:39,13:46,14:13,14:21,16:41,17:17,17:23,17:28
AA_K_TT_RN_SS_S_1M_02_0,RGB,0:51,3:02,3:09,3:26,3:29,6:03,6:09,6:30,6:36,9:02,9:07,9:33,9:38,12:05,12:09,12:28,12:28,15:03,15:07,15:28,15:41,18:05,18:15,18:23,18:27
AA_K_TT_RN_SS_S_1M_03_0,RGB,0:35,2:58,3:12,3:32,3:36,5:59,6:03,6:33,6:43,8:56,9:01,9:37,9:42,11:56,12:00,12:40,12:43,14:56,15:03,15:30,15:34,18:02,18:12,18:34,18:38
AA_K_TT_RN_SS_S_1M_04_0,RGB,0:27,3:07,3:21,3:45,3:50,6:10,6:19,6:47,6:50,9:09,9:14,9:47,9:52,12:08,12:15,12:48,12:52,15:13,15:16,15:50,15:55,18:09,18:38,18:50,18:53
AA_K_TT_RN_SS_S_1M_05_0,RGB,0:51,3:23,3:34,4:04,4:10,6:24,6:28,6:54,7:02,9:26,9:31,10:10,10:15,12:25,12:29,12:54,12:56,15:23,15:31,15:57,16:06,18:26,18:55,19:04,19:07
AA_K_TT_RN_SS_S_1M_06_0,RGB,0:25,3:00,3:16,3:40,3:45,6:08,6:08,6:34,6:41,9:02,9:07,9:45,9:50,12:01,12:11,12:43,12:49,15:03,15:08,15:38,15:45,18:07,18:27,18:43,18:48
AA_K_TT_RN_SS_S_1M_08_0,RGB,1:26,3:36,3:51,4:16,4:20,6:33,6:43,7:04,7:14,9:32,9:37,10:14,10:19,12:35,12:39,13:01,13:11,15:36,15:42,16:07,16:12,18:31,18:47,19:04,19:08
AA_K_TT_RN_SS_S_50CM_02_0,RGB,0:21,2:32,2:39,2:56,2:59,5:33,5:39,6:00,6:06,8:32,8:37,9:03,9:08,11:35,11:39,11:58,11:58,14:33,14:37,14:58,15:11,17:35,17:45,17:53,17:57
AA_K_TT_RN_SS_S_50CM_03_0,RGB,0:30,2:53,3:07,3:27,3:31,5:54,5:58,6:28,6:38,8:51,8:56,9:32,9:37,11:51,11:55,12:35,12:38,14:51,14:58,15:25,15:29,17:57,18:07,18:29,18:33
AA_K_TT_RN_SS_S_50CM_04_0,RGB,0:17,2:57,3:11,3:35,3:40,6:00,6:09,6:37,6:40,8:59,9:04,9:37,9:42,11:58,12:05,12:38,12:42,15:03,15:06,15:40,15:45,17:59,18:28,18:40,18:43
AA_K_TT_RN_SS_S_50CM_05_0,RGB,0:43,3:15,3:26,3:56,4:02,6:16,6:20,6:46,6:54,9:18,9:23,10:02,10:07,12:17,12:21,12:46,12:48,15:15,15:23,15:49,15:58,18:18,18:47,18:56,18:59
AA_K_TT_RN_SS_S_50CM_06_0,RGB,0:22,2:57,3:13,3:37,3:42,6:05,6:05,6:31,6:38,8:59,9:04,9:42,9:47,11:58,12:08,12:40,12:46,15:00,15:05,15:35,15:42,18:04,18:24,18:40,18:45
AA_K_TT_RN_SS_S_50CM_08_0,RGB,1:21,3:31,3:46,4:11,4:15,6:28,6:38,6:59,7:09,9:27,9:32,10:09,10:14,12:30,12:34,12:56,13:06,15:31,15:37,16:02,16:07,18:26,18:42,18:59,19:03
AA_K_TT_SN_DY_6M_1M_02_0,RGB,0:14,2:22,2:31,2:44,2:47,5:22,5:37,6:08,6:11,8:21,8:26,9:01,9:06,11:22,11:28,12:00,12:00,14:22,14:30,14:55,15:05,17:21,17:27,17:40,17:45
AA_K_TT_SN_DY_6M_1M_04_0,RGB,0:43,2:51,3:01,3:28,3:34,5:50,5:59,6:35,6:37,8:51,8:57,9:30,9:35,11:43,11:48,12:30,12:32,14:44,14:50,15:24,15:24,17:45,18:05,18:22,18:32
AA_K_TT_SN_DY_6M_1M_06_0,RGB,0:38,2:48,2:54,3:15,3:20,5:45,5:53,6:19,6:28,8:47,8:52,9:13,9:18,11:44,11:51,12:26,12:26,14:42,14:47,15:22,15:26,17:43,17:51,18:19,18:23
AA_K_TT_SN_DY_6M_1M_07_0,RGB,0:13,2:23,2:34,3:03,3:06,5:23,5:27,5:54,5:57,8:23,8:28,9:03,9:08,11:23,11:32,12:06,12:09,14:23,14:26,14:58,15:02,17:23,17:50,18:04,18:07
AA_K_TT_SN_DY_6M_50CM_02_0,RGB,0:15,2:23,2:32,2:45,2:48,5:23,5:38,6:09,6:12,8:22,8:27,9:02,9:07,11:23,11:29,12:01,12:01,14:23,14:31,14:56,15:06,17:22,17:28,17:41,17:46
AA_K_TT_SN_DY_6M_50CM_04_0,RGB,1:03,3:11,3:21,3:48,3:54,6:10,6:19,6:55,6:57,9:11,9:17,9:50,9:55,12:03,12:08,12:50,12:52,15:04,15:10,15:44,15:44,18:05,18:25,18:42,18:52
AA_K_TT_SN_DY_6M_50CM_06_0,RGB,0:28,2:38,2:44,3:05,3:10,5:35,5:43,6:09,6:18,8:37,8:42,9:03,9:08,11:34,11:41,12:16,12:16,14:32,14:37,15:12,15:16,17:33,17:41,18:09,18:13
AA_K_TT_SN_DY_8M_1M_02_0,RGB,0:30,2:40,2:45,3:03,3:05,5:39,5:50,6:17,6:24,8:41,8:46,9:16,9:21,11:38,11:46,12:14,12:14,14:42,14:52,15:14,15:19,17:37,17:46,17:59,18:03
AA_K_TT_SN_DY_8M_1M_04_0,RGB,0:38,2:43,2:51,3:19,3:23,5:45,5:53,6:27,6:30,8:42,8:47,9:30,9:35,11:39,11:48,12:14,12:20,14:42,14:52,15:23,15:30,17:39,18:04,18:19,18:25
AA_K_TT_SN_DY_8M_1M_06_0,RGB,0:38,2:48,3:00,3:24,3:29,5:52,5:59,6:42,6:42,8:47,8:52,9:36,9:41,11:48,12:00,12:41,12:41,14:47,15:01,15:34,15:39,20:49,21:09,21:31,21:37
AA_K_TT_SN_DY_8M_1M_07_0,RGB,1:06,3:15,3:31,3:55,4:00,6:15,6:23,6:50,6:54,9:14,9:19,9:53,9:58,12:14,12:23,12:53,12:57,15:15,15:22,15:50,15:58,18:14,18:30,18:53,18:58
AA_K_TT_SN_DY_8M_50CM_02_0,RGB,0:35,2:45,2:50,3:08,3:10,5:44,5:55,6:22,6:29,8:46,8:51,9:21,9:26,11:43,11:51,12:19,12:19,14:47,14:57,15:19,15:24,17:42,17:51,18:04,18:08
AA_K_TT_SN_DY_8M_50CM_04_0,RGB,0:44,2:49,2:57,3:25,3:29,5:51,5:59,6:33,6:36,8:48,8:53,9:36,9:41,11:45,11:54,12:20,12:26,14:48,14:58,15:29,15:36,17:45,18:10,18:25,18:31
AA_K_TT_SN_DY_8M_50CM_06_0,RGB,0:31,2:41,2:53,3:17,3:22,5:45,5:52,6:35,6:35,8:40,8:45,9:29,9:34,11:41,11:53,12:34,12:34,14:40,14:54,15:27,15:32,20:42,21:02,21:24,21:30
AA_K_TT_SN_DY_S_1M_02_0,RGB,0:33,2:53,2:58,3:13,3:18,5:52,6:05,6:25,6:29,8:52,8:57,9:32,9:37,11:54,12:03,12:28,12:28,14:52,14:57,15:26,15:36,17:52,18:07,18:10,18:15
AA_K_TT_SN_DY_S_1M_04_0,RGB,1:39,3:47,4:03,4:26,4:31,6:46,6:58,7:34,7:38,9:48,9:53,10:33,10:38,12:47,12:55,13:17,13:17,15:44,15:57,16:30,16:36,18:47,19:05,19:21,19:27
AA_K_TT_SN_DY_S_1M_06_0,RGB,1:01,3:37,3:45,4:23,4:26,6:38,6:48,7:23,7:30,9:37,9:42,10:22,10:27,12:38,12:46,13:24,13:26,15:38,15:48,16:23,16:29,18:37,18:53,19:15,19:21
AA_K_TT_SN_DY_S_1M_07_0,RGB,0:40,3:01,3:14,3:39,3:43,6:00,6:06,6:34,6:42,9:02,9:07,9:45,9:50,12:01,12:07,12:44,12:47,15:00,15:06,15:40,15:45,18:04,18:34,18:43,18:48
AA_K_TT_SN_DY_S_50CM_02_0,RGB,0:34,2:54,2:59,3:14,3:19,5:53,6:06,6:26,6:30,8:53,8:58,9:33,9:38,11:55,12:04,12:29,12:29,14:53,14:58,15:27,15:37,17:53,18:08,18:11,18:16
AA_K_TT_SN_DY_S_50CM_04_0,RGB,1:41,3:49,4:05,4:28,4:33,6:48,7:00,7:36,7:40,9:50,9:55,10:35,10:40,12:49,12:57,13:19,13:19,15:46,15:59,16:32,16:38,18:49,19:07,19:23,19:29
AA_K_TT_SN_DY_S_50CM_06_0,RGB,1:02,3:38,3:46,4:24,4:27,6:39,6:49,7:24,7:31,9:38,9:43,10:23,10:28,12:39,12:47,13:25,13:27,15:39,15:49,16:24,16:30,18:38,18:54,19:16,19:22
AA_K_TT_SN_NT_6M_1M_02_0,RGB,0:44,2:53,3:06,3:21,3:25,5:53,5:59,6:32,6:37,8:52,8:57,9:31,9:36,11:51,12:00,12:27,12:27,14:51,15:00,15:24,15:28,17:52,18:11,18:18,18:21
AA_K_TT_SN_NT_6M_1M_04_0,RGB,0:50,2:57,3:08,3:35,3:39,5:56,6:00,6:45,6:45,8:57,9:02,9:47,9:52,11:55,12:09,12:31,12:31,14:53,14:59,15:34,15:39,17:56,18:21,18:37,18:41
AA_K_TT_SN_NT_6M_1M_06_0,RGB,1:00,3:06,3:15,3:52,3:55,6:08,6:15,6:55,7:00,9:09,9:14,9:53,9:58,12:08,12:17,12:52,12:52,15:09,15:17,15:51,15:56,18:09,18:41,18:48,18:52
AA_K_TT_SN_NT_6M_1M_08_0,RGB,1:45,3:59,4:21,4:39,4:46,6:57,7:04,7:39,7:44,9:58,10:03,10:37,10:42,12:58,13:10,13:51,13:54,15:59,16:05,16:35,16:42,19:02,19:24,19:34,19:39
AA_K_TT_SN_NT_6M_50CM_02_0,RGB,0:50,2:59,3:12,3:27,3:31,5:59,6:05,6:38,6:43,8:58,9:03,9:37,9:42,11:57,12:06,12:33,12:33,14:57,15:06,15:30,15:34,17:58,18:17,18:24,18:27
AA_K_TT_SN_NT_6M_50CM_04_0,RGB,0:53,3:00,3:11,3:38,3:42,5:59,6:03,6:48,6:48,9:00,9:05,9:50,9:55,11:58,12:12,12:34,12:34,14:56,15:02,15:37,15:42,17:59,18:24,18:40,18:44
AA_K_TT_SN_NT_6M_50CM_06_0,RGB,1:03,3:09,3:18,3:55,3:58,6:11,6:18,6:58,7:03,9:12,9:17,9:56,10:01,12:11,12:20,12:55,12:55,15:12,15:20,15:54,15:59,18:12,18:44,18:51,18:55
AA_K_TT_SN_NT_6M_50CM_08_0,RGB,1:02,3:16,3:38,3:56,4:03,6:14,6:21,6:56,7:01,9:15,9:20,9:54,9:59,12:15,12:27,13:08,13:11,15:16,15:22,15:52,15:59,18:19,18:41,18:51,18:56
AA_K_TT_SN_NT_8M_1M_02_0,RGB,0:29,2:36,2:45,3:13,3:17,5:37,5:41,6:14,6:20,8:37,8:42,9:18,9:23,11:35,11:43,12:08,12:08,14:36,14:42,15:14,15:19,17:36,17:54,18:01,18:06
AA_K_TT_SN_NT_8M_1M_04_0,RGB,1:14,3:20,3:30,4:04,4:07,6:20,6:28,7:08,7:08,9:20,9:25,10:02,10:07,12:18,12:27,13:00,13:00,15:19,15:27,16:08,16:10,18:20,18:45,19:03,19:06
AA_K_TT_SN_NT_8M_1M_06_0,RGB,0:40,2:53,3:02,3:26,3:33,5:49,6:14,6:41,6:49,9:00,9:05,9:38,9:43,11:59,12:08,12:43,12:43,15:01,15:12,15:35,15:43,18:01,18:21,18:35,18:41
AA_K_TT_SN_NT_8M_1M_08_0,RGB,1:00,3:25,3:39,4:04,4:13,6:23,6:31,7:04,7:15,9:25,9:30,10:05,10:10,12:23,12:39,13:04,13:10,15:26,15:32,16:04,16:16,18:25,18:50,19:02,19:07
AA_K_TT_SN_NT_8M_50CM_02_0,RGB,0:22,2:29,2:38,3:06,3:10,5:30,5:34,6:07,6:13,8:30,8:35,9:11,9:16,11:28,11:36,12:01,12:01,14:29,14:35,15:07,15:12,17:29,17:47,17:54,17:59
AA_K_TT_SN_NT_8M_50CM_04_0,RGB,1:10,3:16,3:26,4:00,4:03,6:16,6:24,7:04,7:04,9:16,9:21,9:58,10:03,12:14,12:23,12:56,12:56,15:15,15:23,16:04,16:06,18:16,18:41,18:59,19:02
AA_K_TT_SN_NT_8M_50CM_06_0,RGB,0:45,2:58,3:07,3:31,3:38,5:54,6:19,6:46,6:54,9:05,9:10,9:43,9:48,12:04,12:13,12:48,12:48,15:06,15:17,15:40,15:48,18:06,18:26,18:40,18:46
AA_K_TT_SN_NT_8M_50CM_08_0,RGB,1:16,3:41,3:55,4:20,4:29,6:39,6:47,7:20,7:31,9:41,9:46,10:21,10:26,12:39,12:55,13:20,13:26,15:42,15:48,16:20,16:32,18:41,19:06,19:18,19:23
AA_K_TT_SN_NT_S_1M_02_0,RGB,0:31,2:38,2:49,3:09,3:11,5:39,5:49,6:17,6:24,8:39,8:44,9:23,9:28,11:38,11:48,12:16,12:16,14:39,14:44,15:22,15:26,17:40,17:55,18:02,18:08
AA_K_TT_SN_NT_S_1M_04_0,RGB,1:05,3:12,3:24,3:52,3:58,6:13,6:23,6:54,6:56,9:12,9:17,9:59,10:04,12:12,12:34,12:47,12:47,15:17,15:33,16:03,16:07,18:16,18:39,18:45,18:56
AA_K_TT_SN_NT_S_1M_06_0,RGB,0:45,2:56,3:10,3:35,3:42,6:00,6:06,6:40,6:48,8:55,9:00,9:41,9:46,11:50,12:00,12:40,12:45,14:54,14:58,15:38,15:43,17:55,18:16,18:29,18:33
AA_K_TT_SN_NT_S_50CM_02_0,RGB,0:17,2:24,2:35,2:55,2:57,5:25,5:35,6:03,6:10,8:25,8:30,9:09,9:14,11:24,11:34,12:02,12:02,14:25,14:30,15:08,15:12,17:26,17:41,17:48,17:54
AA_K_TT_SN_NT_S_50CM_04_0,RGB,1:14,3:21,3:33,4:01,4:07,6:22,6:32,7:03,7:05,9:21,9:26,10:08,10:13,12:21,12:43,12:56,12:56,15:26,15:42,16:12,16:16,18:25,18:48,18:54,19:05
AA_K_TT_SN_NT_S_50CM_06_0,RGB,0:59,3:10,3:24,3:49,3:56,6:14,6:20,6:54,7:02,9:09,9:14,9:55,10:00,12:04,12:14,12:54,12:59,15:08,15:12,15:52,15:57,18:09,18:30,18:43,18:47
AA_K_TT_SN_SR_6M_1M_02_0,RGB,0:08,2:20,2:34,2:46,2:51,5:19,5:25,5:51,5:56,8:20,8:25,8:56,9:01,11:17,11:23,11:56,12:01,14:21,14:33,14:52,14:58,17:31,17:46,17:53,17:57
AA_K_TT_SN_SR_6M_1M_04_0,RGB,0:23,2:33,2:42,3:05,3:09,5:34,5:42,6:10,6:14,8:33,8:41,9:17,9:22,11:32,11:41,12:13,12:13,14:34,14:42,15:12,15:18,17:33,18:00,18:14,18:18
AA_K_TT_SN_SR_6M_1M_06_0,RGB,0:41,2:51,2:55,3:16,3:22,5:51,5:55,6:28,6:30,8:51,8:56,9:32,9:37,11:50,11:58,12:29,12:29,14:51,14:53,15:25,15:31,17:51,18:12,18:21,18:26
AA_K_TT_SN_SR_6M_1M_08_0,RGB,0:14,2:22,2:40,3:00,3:05,5:23,5:29,5:57,6:01,8:23,8:28,9:02,9:07,11:23,11:30,12:05,12:05,14:24,14:28,14:57,15:03,17:23,17:45,18:02,18:08
AA_K_TT_SN_SR_6M_50CM_02_0,RGB,0:47,2:59,3:13,3:25,3:30,5:58,6:04,6:30,6:35,8:59,9:04,9:35,9:40,11:56,12:02,12:35,12:40,15:00,15:12,15:31,15:37,18:10,18:25,18:32,18:36
AA_K_TT_SN_SR_6M_50CM_04_0,RGB,0:25,2:35,2:44,3:07,3:11,5:36,5:44,6:12,6:16,8:35,8:43,9:19,9:24,11:34,11:43,12:15,12:15,14:36,14:44,15:14,15:20,17:35,18:02,18:16,18:20
AA_K_TT_SN_SR_6M_50CM_06_0,RGB,0:39,2:49,2:53,3:14,3:20,5:49,5:53,6:26,6:28,8:49,8:54,9:30,9:35,11:48,11:56,12:27,12:27,14:49,14:51,15:23,15:29,17:49,18:10,18:19,18:24
AA_K_TT_SN_SR_6M_50CM_08_0,RGB,0:12,2:20,2:38,2:58,3:03,5:21,5:27,5:55,5:59,8:21,8:26,9:00,9:05,11:21,11:28,12:03,12:03,14:22,14:26,14:55,15:01,17:21,17:43,18:00,18:06
AA_K_TT_SN_SR_8M_1M_02_0,RGB,0:29,2:42,2:55,3:13,3:20,5:39,5:50,6:24,6:30,8:39,8:44,9:19,9:24,11:40,11:56,12:20,12:25,14:38,14:48,15:09,15:16,17:44,18:01,18:06,18:11
AA_K_TT_SN_SR_8M_1M_04_0,RGB,0:39,2:49,3:01,3:27,3:32,5:49,5:58,6:31,6:31,8:49,8:54,9:32,9:37,11:48,12:00,12:31,12:33,14:46,15:01,15:28,15:37,17:47,18:04,18:26,18:33
AA_K_TT_SN_SR_8M_1M_06_0,RGB,0:32,2:43,2:56,3:18,3:23,5:42,5:49,6:21,6:25,8:42,8:47,9:21,9:26,11:43,11:53,12:23,12:23,14:40,14:49,15:19,15:23,17:50,18:00,18:24,18:28
AA_K_TT_SN_SR_8M_1M_08_0,RGB,1:07,3:18,3:30,3:54,4:00,6:17,6:25,7:03,7:07,9:18,9:23,10:14,10:19,12:17,12:25,12:59,13:03,15:17,15:23,15:50,15:58,18:16,18:38,18:53,18:59
AA_K_TT_SN_SR_8M_50CM_02_0,RGB,0:27,2:40,2:53,3:11,3:18,5:37,5:48,6:22,6:28,8:37,8:42,9:17,9:22,11:38,11:54,12:18,12:23,14:36,14:46,15:07,15:14,17:42,17:59,18:04,18:09
AA_K_TT_SN_SR_8M_50CM_04_0,RGB,0:58,3:08,3:20,3:46,3:51,6:08,6:17,6:50,6:50,9:08,9:13,9:51,9:56,12:07,12:19,12:50,12:52,15:05,15:20,15:47,15:56,18:06,18:23,18:45,18:52
AA_K_TT_SN_SR_8M_50CM_06_0,RGB,0:50,3:01,3:14,3:36,3:41,6:00,6:07,6:39,6:43,9:00,9:05,9:39,9:44,12:01,12:11,12:41,12:41,14:58,15:05,15:35,15:39,18:06,18:16,18:40,18:44
AA_K_TT_SN_SR_8M_50CM_08_0,RGB,1:16,3:27,3:39,4:03,4:09,6:26,6:34,7:12,7:16,9:27,9:32,10:23,10:28,12:26,12:34,13:08,13:12,15:26,15:32,15:59,16:07,18:25,18:47,19:02,19:08
AA_K_TT_SN_SR_S_1M_02_0,RGB,0:16,2:26,2:36,2:57,3:01,5:32,5:42,6:07,6:09,8:27,8:32,9:07,9:12,11:26,11:47,12:02,12:02,14:29,14:37,15:03,15:09,17:25,17:42,17:50,17:54
AA_K_TT_SN_SR_S_1M_04_0,RGB,0:54,3:04,3:23,3:42,3:45,6:05,6:10,6:48,6:51,9:04,9:09,9:46,9:51,12:05,12:17,12:45,12:48,15:02,15:08,15:52,15:57,18:04,18:28,18:45,18:49
AA_K_TT_SN_SR_S_1M_06_0,RGB,1:45,4:04,4:13,4:37,4:40,7:01,7:06,7:39,7:46,10:03,10:08,10:43,10:48,13:01,13:10,13:38,13:41,16:05,16:13,16:48,16:54,19:04,19:19,19:29,19:34
AA_K_TT_SN_SR_S_1M_07_0,RGB,0:10,2:45,2:49,3:20,3:24,5:42,5:46,6:19,6:24,8:43,8:48,9:20,9:25,11:45,11:51,12:23,12:25,14:45,14:51,15:20,15:26,17:42,18:12,18:22,18:27
AA_K_TT_SN_SR_S_50CM_02_0,RGB,0:29,2:39,2:49,3:10,3:14,5:45,5:55,6:20,6:22,8:40,8:45,9:20,9:25,11:40,12:01,12:16,12:16,14:43,14:51,15:17,15:23,17:39,17:56,18:04,18:08
AA_K_TT_SN_SR_S_50CM_04_0,RGB,0:58,3:08,3:27,3:46,3:49,6:09,6:14,6:52,6:55,9:08,9:13,9:50,9:55,12:09,12:21,12:49,12:52,15:06,15:12,15:56,16:01,18:08,18:32,18:49,18:53
AA_K_TT_SN_SR_S_50CM_06_0,RGB,1:46,4:05,4:14,4:38,4:41,7:02,7:07,7:40,7:47,10:04,10:09,10:44,10:49,13:02,13:11,13:39,13:42,16:06,16:14,16:49,16:55,19:05,19:20,19:30,19:35
AA_K_TT_SN_SR_S_50CM_07_0,RGB,0:06,2:41,2:45,3:16,3:20,5:38,5:42,6:15,6:20,8:39,8:44,9:16,9:21,11:41,11:47,12:19,12:21,14:41,14:47,15:16,15:22,17:38,18:08,18:18,18:23
AA_K_TT_SN_SS_6M_1M_02_0,RGB,0:49,2:58,3:04,3:23,3:26,6:04,6:14,6:40,6:45,8:58,9:03,9:38,9:43,11:58,12:25,12:36,12:36,14:57,15:04,15:27,15:31,18:00,18:06,18:25,18:29
AA_K_TT_SN_SS_6M_1M_04_0,RGB,0:57,3:07,3:20,3:47,3:51,6:04,6:09,6:50,6:50,9:02,9:07,9:46,9:51,12:06,12:10,12:51,12:55,15:03,15:08,15:50,15:52,18:04,18:28,18:45,18:48
AA_K_TT_SN_SS_6M_1M_06_0,RGB,0:32,2:40,2:48,3:20,3:23,5:39,5:49,6:23,6:31,9:41,9:46,10:24,10:29,12:39,12:47,13:24,13:24,15:39,15:44,16:26,16:32,18:39,19:05,19:22,19:25
AA_K_TT_SN_SS_6M_1M_08_0,RGB,1:02,3:21,3:31,4:06,4:09,6:20,6:27,6:56,7:06,9:21,9:26,10:08,10:13,12:20,12:25,12:56,13:01,15:20,15:27,16:03,16:10,18:22,18:40,18:55,18:59
AA_K_TT_SN_SS_6M_50CM_02_0,RGB,0:10,2:19,2:25,2:44,2:47,5:25,5:35,6:01,6:06,8:19,8:24,8:59,9:04,11:19,11:46,11:57,11:57,14:18,14:25,14:48,14:52,17:21,17:27,17:46,17:50
AA_K_TT_SN_SS_6M_50CM_04_0,RGB,1:00,3:10,3:23,3:50,3:54,6:07,6:12,6:53,6:53,9:05,9:10,9:49,9:54,12:09,12:13,12:54,12:58,15:06,15:11,15:53,15:55,18:07,18:31,18:48,18:51
AA_K_TT_SN_SS_6M_50CM_06_0,RGB,0:43,2:51,2:59,3:31,3:34,5:50,6:00,6:34,6:42,9:52,9:57,10:35,10:40,12:50,12:58,13:35,13:35,15:50,15:55,16:37,16:43,18:50,19:16,19:33,19:36
AA_K_TT_SN_SS_6M_50CM_08_0,RGB,1:37,3:56,4:06,4:41,4:44,6:55,7:02,7:31,7:41,9:56,10:01,10:43,10:48,12:55,13:00,13:31,13:36,15:55,16:02,16:38,16:45,18:57,19:15,19:30,19:34
AA_K_TT_SN_SS_8M_1M_02_0,RGB,0:41,2:49,2:57,3:15,3:22,5:49,6:00,6:21,6:28,8:49,8:54,9:29,9:34,11:48,11:54,12:15,12:15,14:49,14:58,15:23,15:28,17:50,18:05,18:11,18:17
AA_K_TT_SN_SS_8M_1M_04_0,RGB,1:06,3:12,3:21,3:56,4:02,6:11,6:19,6:55,6:58,9:10,9:15,9:56,10:01,12:09,12:23,12:51,12:51,15:11,15:23,15:53,16:00,18:10,18:26,18:40,18:47
AA_K_TT_SN_SS_8M_1M_06_0,RGB,0:45,2:57,3:12,3:40,3:46,5:54,5:59,6:31,6:41,8:59,9:04,9:37,9:42,11:55,12:08,12:46,12:46,14:52,14:57,15:32,15:37,17:54,18:20,18:33,18:39
AA_K_TT_SN_SS_8M_1M_08_0,RGB,0:11,2:26,2:39,3:07,3:13,5:27,5:33,6:02,6:10,8:27,8:32,9:13,9:18,14:15,14:26,15:00,15:00,17:18,17:32,18:03,18:08,20:20,20:41,20:56,21:01
AA_K_TT_SN_SS_8M_50CM_02_0,RGB,0:40,2:48,2:56,3:14,3:21,5:48,5:59,6:20,6:27,8:48,8:53,9:28,9:33,11:47,11:53,12:14,12:14,14:48,14:57,15:22,15:27,17:49,18:04,18:10,18:16
AA_K_TT_SN_SS_8M_50CM_04_0,RGB,1:16,3:22,3:31,4:06,4:12,6:21,6:29,7:05,7:08,9:20,9:25,10:06,10:11,12:19,12:33,13:01,13:01,15:21,15:33,16:03,16:10,18:20,18:36,18:50,18:57
AA_K_TT_SN_SS_8M_50CM_06_0,RGB,0:57,3:09,3:24,3:52,3:58,6:06,6:11,6:43,6:53,9:11,9:16,9:49,9:54,12:07,12:20,12:58,12:58,15:04,15:09,15:44,15:49,18:06,18:32,18:45,18:51
AA_K_TT_SN_SS_8M_50CM_08_0,RGB,0:12,2:27,2:40,3:08,3:14,5:28,5:34,6:03,6:11,8:28,8:33,9:14,9:19,14:16,14:27,15:01,15:01,17:19,17:33,18:04,18:09,20:21,20:42,20:57,21:02
AA_K_TT_SN_SS_S_1M_02_0,RGB,0:31,2:39,2:50,3:03,3:06,5:39,5:45,6:09,6:15,8:40,8:45,9:30,9:35,11:37,11:41,12:12,12:12,14:39,14:51,15:14,15:20,17:38,17:43,17:59,18:02
AA_K_TT_SN_SS_S_1M_04_0,RGB,1:28,3:40,3:45,4:17,4:19,6:39,6:42,7:17,7:20,9:43,9:48,10:20,10:25,12:38,12:45,13:16,13:22,15:40,15:52,16:22,16:27,18:39,19:00,19:06,19:10
AA_K_TT_SN_SS_S_1M_06_0,RGB,1:00,3:52,4:00,4:28,4:35,7:00,7:12,7:42,7:48,9:51,9:56,10:37,10:42,12:52,12:58,13:30,13:35,15:52,15:56,16:32,16:38,18:48,19:03,19:30,19:33
AA_K_TT_SN_SS_S_1M_07_0,RGB,0:31,2:42,3:01,3:19,3:23,5:44,5:51,6:20,6:26,8:40,8:45,9:23,9:28,12:19,12:30,13:05,13:08,15:39,15:43,16:18,16:23,18:43,19:00,19:17,19:22
AA_K_TT_SN_SS_S_50CM_02_0,RGB,0:30,2:38,2:49,3:02,3:05,5:38,5:44,6:08,6:14,8:39,8:44,9:29,9:34,11:36,11:40,12:11,12:11,14:38,14:50,15:13,15:19,17:37,17:42,17:58,18:01
AA_K_TT_SN_SS_S_50CM_04_0,RGB,1:30,3:42,3:47,4:19,4:21,6:41,6:44,7:19,7:22,9:45,9:50,10:22,10:27,12:40,12:47,13:18,13:24,15:42,15:54,16:24,16:29,18:41,19:02,19:08,19:12
AA_K_TT_SN_SS_S_50CM_06_0,RGB,0:44,3:36,3:44,4:12,4:19,6:44,6:56,7:26,7:32,9:35,9:40,10:21,10:26,12:36,12:42,13:14,13:19,15:36,15:40,16:16,16:22,18:32,18:47,19:14,19:17
AA_K_TT_SW_DY_6M_1M_02_0,RGB,0:51,2:57,3:05,3:18,3:23,5:53,6:00,6:34,6:40,8:48,8:54,9:40,9:45,11:58,12:04,12:24,12:24,14:54,15:08,15:39,15:48,17:58,18:08,18:18,18:20
AA_K_TT_SW_DY_6M_1M_04_0,RGB,0:18,2:30,2:35,2:49,3:01,5:30,5:33,6:08,6:12,8:27,8:32,9:07,9:12,11:28,11:35,12:04,12:06,14:27,14:32,15:02,15:08,17:29,17:40,17:56,17:59
AA_K_TT_SW_DY_6M_1M_06_0,RGB,0:18,2:35,2:44,3:09,3:13,5:46,5:54,6:26,6:30,8:38,8:43,9:14,9:19,11:35,11:44,12:21,12:21,14:34,14:42,15:18,15:21,17:48,18:02,18:18,18:21
AA_K_TT_SW_DY_6M_1M_08_0,RGB,0:30,3:25,3:37,3:56,4:03,6:29,6:35,7:06,7:13,9:26,9:31,10:06,10:11,12:29,12:35,13:07,13:10,15:25,15:26,15:48,15:53,18:25,18:32,19:00,19:02
AA_K_TT_SW_DY_6M_50CM_02_0,RGB,0:25,2:31,2:39,2:52,2:57,5:27,5:34,6:08,6:14,8:22,8:28,9:14,9:19,11:32,11:38,11:58,11:58,14:28,14:42,15:13,15:22,17:32,17:42,17:52,17:54
AA_K_TT_SW_DY_6M_50CM_04_0,RGB,0:29,2:41,2:46,3:00,3:12,5:41,5:44,6:19,6:23,8:38,8:43,9:18,9:23,11:39,11:46,12:15,12:17,14:38,14:43,15:13,15:19,17:40,17:51,18:07,18:10
AA_K_TT_SW_DY_6M_50CM_06_0,RGB,0:36,2:53,3:02,3:27,3:31,6:04,6:12,6:44,6:48,8:56,9:01,9:32,9:37,11:53,12:02,12:39,12:39,14:52,15:00,15:36,15:39,18:06,18:20,18:36,18:39
AA_K_TT_SW_DY_6M_50CM_08_0,RGB,0:46,3:41,3:53,4:12,4:19,6:45,6:51,7:22,7:29,9:42,9:47,10:22,10:27,12:45,12:51,13:23,13:26,15:41,15:42,16:04,16:09,18:41,18:48,19:16,19:18
AA_K_TT_SW_DY_8M_1M_02_0,RGB,1:07,3:18,3:31,3:37,3:40,6:17,6:33,6:56,7:05,9:20,9:25,9:51,9:56,12:15,12:22,12:29,12:29,15:19,15:29,15:50,15:55,18:18,18:28,18:33,18:35
AA_K_TT_SW_DY_8M_1M_04_0,RGB,0:16,2:26,2:34,2:49,2:53,5:26,5:34,6:05,6:10,8:24,8:29,9:03,9:08,11:25,11:38,11:59,11:59,14:25,14:35,14:57,15:04,17:23,17:40,17:56,18:03
AA_K_TT_SW_DY_8M_1M_06_0,RGB,0:26,2:47,2:58,3:21,3:28,5:46,5:53,6:25,6:33,9:01,9:06,9:47,9:52,17:35,17:43,18:22,18:25,21:21,21:27,22:07,22:14,25:12:00,25:27:00,25:38:00,25:45:00
AA_K_TT_SW_DY_8M_1M_08_0,RGB,0:16,2:39,2:48,3:13,3:21,5:41,5:48,6:19,6:22,8:40,8:45,9:20,9:25,11:39,11:52,12:11,12:15,14:40,14:46,15:12,15:17,17:38,17:58,18:10,18:20
AA_K_TT_SW_DY_8M_1M_10_0,RGB,1:05,3:17,3:29,3:43,3:51,6:16,6:25,6:51,6:57,9:16,9:21,9:57,10:02,12:15,12:29,12:47,12:54,15:17,15:29,15:49,15:54,18:18,18:28,18:50,18:56
AA_K_TT_SW_DY_8M_50CM_02_0,RGB,0:43,2:54,3:07,3:13,3:16,5:53,6:09,6:32,6:41,8:56,9:01,9:27,9:32,11:51,11:58,12:05,12:05,14:55,15:05,15:26,15:31,17:54,18:04,18:09,18:11
AA_K_TT_SW_DY_8M_50CM_04_0,RGB,0:29,2:39,2:47,3:02,3:06,5:39,5:47,6:18,6:23,8:37,8:42,9:16,9:21,11:38,11:51,12:12,12:12,14:38,14:48,15:10,15:17,17:36,17:53,18:09,18:16
AA_K_TT_SW_DY_8M_50CM_06_0,RGB,0:25,2:46,2:57,3:20,3:27,5:45,5:52,6:24,6:32,9:00,9:05,9:46,9:51,17:34,17:42,18:21,18:24,21:20,21:26,22:06,22:13,25:11:00,25:26:00,25:37:00,25:44:00
AA_K_TT_SW_DY_8M_50CM_08_0,RGB,0:08,2:31,2:40,3:05,3:13,5:33,5:40,6:11,6:14,8:32,8:37,9:12,9:17,11:31,11:44,12:03,12:07,14:32,14:38,15:04,15:09,17:30,17:50,18:02,18:12
AA_K_TT_SW_DY_8M_50CM_10_0,RGB,1:29,3:41,3:53,4:07,4:15,6:40,6:49,7:15,7:21,9:40,9:45,10:21,10:26,12:39,12:53,13:11,13:18,15:41,15:53,16:13,16:18,18:42,18:52,19:14,19:20
AA_K_TT_SW_DY_S_1M_02_0,RGB,0:20,2:25,2:36,2:51,2:56,5:24,5:39,5:55,6:00,8:21,8:26,8:52,8:57,11:23,11:32,11:48,11:48,14:19,14:29,14:59,15:08,17:21,17:31,17:54,17:57
AA_K_TT_SW_DY_S_1M_04_0,RGB,1:13,3:19,3:26,3:47,3:51,6:23,6:30,6:55,6:59,9:19,9:24,9:56,10:01,12:17,12:27,12:51,12:51,15:20,15:26,15:50,15:56,18:18,18:33,18:42,18:53
AA_K_TT_SW_DY_S_1M_06_0,RGB,0:18,2:50,3:01,3:27,3:32,5:49,5:53,6:25,6:31,8:49,8:54,9:34,9:39,18:00,18:07,18:39,18:44,20:59,21:02,21:38,21:43,24:01:00,24:07:00,24:32:00,24:38:00
AA_K_TT_SW_DY_S_1M_08_0,RGB,0:30,3:12,3:24,3:48,3:53,6:14,6:21,6:43,6:50,9:07,9:12,9:50,9:55,12:08,12:17,12:30,12:30,15:09,15:15,15:42,15:48,18:08,18:29,18:37,18:45
AA_K_TT_SW_DY_S_50CM_02_0,RGB,0:15,2:26,2:29,2:43,2:48,5:26,5:38,6:00,6:03,8:25,8:30,8:59,9:04,11:23,11:31,11:46,11:46,14:20,14:32,14:57,15:02,17:23,17:45,17:47,17:49
AA_K_TT_SW_DY_S_50CM_04_0,RGB,1:20,3:26,3:33,3:54,3:58,6:30,6:37,7:02,7:06,9:26,9:31,10:03,10:08,12:24,12:34,12:58,12:58,15:27,15:33,15:57,16:03,18:25,18:40,18:49,19:00
AA_K_TT_SW_DY_S_50CM_06_0,RGB,0:27,2:59,3:10,3:36,3:41,5:58,6:02,6:34,6:40,8:58,9:03,9:43,9:48,18:09,18:16,18:48,18:53,21:08,21:11,21:47,21:52,24:10:00,24:16:00,24:41:00,24:47:00
AA_K_TT_SW_DY_S_50CM_08_0,RGB,0:46,3:28,3:40,4:04,4:09,6:30,6:37,6:59,7:06,9:23,9:28,10:06,10:11,12:24,12:33,12:46,12:46,15:25,15:31,15:58,16:04,18:24,18:45,18:53,19:01
AA_K_TT_SW_NT_6M_1M_02_0,RGB,1:00,3:12,3:25,3:43,3:47,6:07,6:20,6:43,6:47,9:21,9:26,9:46,9:51,12:32,12:42,13:09,13:09,15:13,15:23,15:39,15:43,18:09,18:20,18:31,18:32
AA_K_TT_SW_NT_6M_1M_04_0,RGB,0:14,2:23,2:34,2:56,2:58,5:23,5:30,6:01,6:05,8:24,8:29,9:01,9:06,11:21,11:29,11:58,11:58,14:22,14:31,14:58,15:03,17:22,17:35,17:52,17:57
AA_K_TT_SW_NT_6M_1M_06_0,RGB,0:41,3:01,3:06,3:33,3:39,6:00,6:10,6:48,6:48,8:59,9:04,9:35,9:40,11:57,12:04,12:39,12:39,14:59,15:06,15:34,15:38,17:57,18:16,18:27,18:34
AA_K_TT_SW_NT_6M_1M_08_0,RGB,0:27,2:50,3:02,3:19,3:23,5:49,5:53,6:16,6:26,8:50,8:55,9:26,9:31,14:30,14:40,15:03,15:07,17:29,17:34,18:00,18:05,20:27,20:44,20:56,20:59
AA_K_TT_SW_NT_6M_50CM_02_0,RGB,1:29,3:41,3:54,4:12,4:16,6:36,6:49,7:12,7:16,9:50,9:55,10:15,10:20,13:01,13:11,13:38,13:38,15:42,15:52,16:08,16:12,18:38,18:49,19:00,19:01
AA_K_TT_SW_NT_6M_50CM_04_0,RGB,0:27,2:36,2:47,3:09,3:11,5:36,5:43,6:14,6:18,8:37,8:42,9:14,9:19,11:34,11:42,12:11,12:11,14:35,14:44,15:11,15:16,17:35,17:48,18:05,18:10
AA_K_TT_SW_NT_6M_50CM_06_0,RGB,0:43,3:03,3:08,3:35,3:41,6:02,6:12,6:50,6:50,9:01,9:06,9:37,9:42,11:59,12:06,12:41,12:41,15:01,15:08,15:36,15:40,17:59,18:18,18:29,18:36
AA_K_TT_SW_NT_6M_50CM_08_0,RGB,0:06,2:29,2:41,2:58,3:02,5:28,5:32,5:55,6:05,8:29,8:34,9:05,9:10,14:09,14:19,14:42,14:46,17:08,17:13,17:39,17:44,20:06,20:23,20:35,20:38
AA_K_TT_SW_NT_8M_1M_02_0,RGB,0:08,2:20,2:37,2:51,2:55,5:14,5:29,5:53,5:58,8:18,8:23,8:50,8:55,11:17,11:28,11:53,11:53,14:31,14:37,15:00,15:07,17:17,17:32,17:47,17:50
AA_K_TT_SW_NT_8M_1M_04_0,RGB,0:10,2:21,2:32,2:53,2:56,5:21,5:25,5:49,5:53,8:23,8:28,8:59,9:04,11:21,11:28,11:59,11:59,14:20,14:26,14:55,15:00,17:19,17:39,17:51,17:54
AA_K_TT_SW_NT_8M_1M_06_0,RGB,0:24,3:40,3:49,4:16,4:20,6:41,6:49,7:25,7:25,9:40,9:45,10:17,10:22,12:40,12:52,13:23,13:28,15:40,15:48,16:15,16:23,18:44,19:03,19:19,19:24
AA_K_TT_SW_NT_8M_1M_08_0_배회까지만,RGB,0:09,2:44,2:59,3:24,3:27,5:45,5:51,6:13,6:25,8:46,8:51,9:25,9:30,0:00,0:00,0:00,0:00,0:00,0:00,0:00,0:00,0:00,0:00,0:00,0:00
AA_K_TT_SW_NT_8M_50CM_02_0,RGB,0:24,2:36,2:53,3:07,3:11,5:30,5:45,6:09,6:14,8:34,8:39,9:06,9:11,11:33,11:44,12:09,12:09,14:47,14:53,15:16,15:23,17:33,17:48,18:03,18:06
AA_K_TT_SW_NT_8M_50CM_04_0,RGB,0:23,2:34,2:45,3:06,3:09,5:34,5:38,6:02,6:06,8:36,8:41,9:12,9:17,11:34,11:41,12:12,12:12,14:33,14:39,15:08,15:13,17:32,17:52,18:04,18:07
AA_K_TT_SW_NT_8M_50CM_06_0,RGB,0:22,3:38,3:47,4:14,4:18,6:39,6:47,7:23,7:23,9:38,9:43,10:15,10:20,12:38,12:50,13:21,13:26,15:38,15:46,16:13,16:21,18:42,19:01,19:17,19:22
AA_K_TT_SW_NT_8M_50CM_08_0_배회까지만,RGB,0:18,2:53,3:08,3:33,3:36,5:54,6:00,6:22,6:34,8:55,9:00,9:34,9:39,0:00,0:00,0:00,0:00,0:00,0:00,0:00,0:00,0:00,0:00,0:00,0:00
AA_K_TT_SW_NT_S_1M_02_0,RGB,1:39,3:39,3:54,4:09,4:12,6:47,6:58,7:33,7:38,9:46,9:51,10:34,10:39,12:43,12:57,13:10,13:10,15:47,16:05,16:26,16:35,18:47,19:00,19:09,19:12
AA_K_TT_SW_NT_S_1M_04_0,RGB,0:17,2:46,2:58,3:16,3:20,5:46,5:48,6:24,6:26,8:47,8:52,9:24,9:29,11:44,11:51,12:16,12:16,14:50,14:56,15:22,15:25,17:43,18:08,18:15,18:19
AA_K_TT_SW_NT_S_1M_06_0,RGB,0:28,3:05,3:15,3:36,3:43,6:05,6:11,6:42,6:54,9:04,9:09,9:44,9:49,12:03,12:11,12:43,12:46,15:02,15:06,15:39,15:44,18:03,18:23,18:32,18:38
AA_K_TT_SW_NT_S_1M_08_0,RGB,0:11,2:41,2:50,3:11,3:15,5:42,5:50,6:10,6:15,8:44,8:49,9:15,9:20,11:40,11:49,12:04,12:04,14:40,14:46,15:15,15:20,17:42,17:59,18:06,18:14
AA_K_TT_SW_NT_S_50CM_02_0,RGB,1:06,3:06,3:21,3:36,3:39,6:14,6:25,7:00,7:05,9:13,9:18,10:01,10:06,12:10,12:24,12:37,12:37,15:14,15:32,15:53,16:02,18:14,18:27,18:36,18:39
AA_K_TT_SW_NT_S_50CM_04_0,RGB,0:31,3:00,3:12,3:30,3:34,6:00,6:02,6:38,6:40,9:01,9:06,9:38,9:43,11:58,12:05,12:30,12:30,15:04,15:10,15:36,15:39,17:57,18:22,18:29,18:33
AA_K_TT_SW_NT_S_50CM_06_0,RGB,0:52,3:29,3:39,4:00,4:07,6:29,6:35,7:06,7:18,9:28,9:33,10:08,10:13,12:27,12:35,13:07,13:10,15:26,15:30,16:03,16:08,18:27,18:47,18:56,19:02
AA_K_TT_SW_NT_S_50CM_08_0,RGB,0:36,3:06,3:15,3:36,3:40,6:07,6:15,6:35,6:40,9:09,9:14,9:40,9:45,12:05,12:14,12:29,12:29,15:05,15:11,15:40,15:45,18:07,18:24,18:31,18:39
AA_K_TT_SW_SR_6M_1M_02_0,RGB,0:07,2:11,2:22,2:34,2:37,5:11,5:17,5:56,6:03,8:22,8:27,9:02,9:07,11:03,11:14,11:59,12:04,14:04,14:12,15:00,15:06,16:56,17:31,17:42,17:44
AA_K_TT_SW_SR_6M_1M_04_0,RGB,0:26,3:15,3:26,3:39,3:42,6:35,6:40,7:07,7:11,9:20,9:25,10:00,10:05,12:23,12:31,13:04,13:04,17:13,17:20,17:46,17:53,20:14,20:24,20:35,20:40
AA_K_TT_SW_SR_6M_1M_06_0,RGB,1:37,4:00,4:07,4:31,4:38,6:59,7:07,7:38,7:47,9:57,10:02,10:41,10:46,12:58,13:10,13:41,13:41,16:01,16:07,16:36,16:41,18:56,19:16,19:38,19:41
AA_K_TT_SW_SR_6M_1M_08_0,RGB,0:21,2:48,2:58,3:22,3:27,5:47,5:54,6:21,6:26,8:47,8:52,9:27,9:32,11:47,11:56,12:31,12:31,14:47,14:51,15:22,15:25,17:44,18:10,18:26,18:29
AA_K_TT_SW_SR_6M_50CM_02_0,RGB,0:43,2:47,2:58,3:10,3:13,5:47,5:53,6:32,6:39,8:58,9:03,9:38,9:43,11:39,11:50,12:35,12:40,14:40,14:48,15:36,15:42,17:32,18:07,18:18,18:20
AA_K_TT_SW_SR_6M_50CM_04_0,RGB,0:16,3:05,3:16,3:29,3:32,6:25,6:30,6:57,7:01,9:10,9:15,9:50,9:55,12:13,12:21,12:54,12:54,17:03,17:10,17:36,17:43,20:04,20:14,20:25,20:30
AA_K_TT_SW_SR_6M_50CM_06_0,RGB,2:02,4:25,4:32,4:56,5:03,7:24,7:32,8:03,8:12,10:22,10:27,11:06,11:11,13:23,13:35,14:06,14:06,16:26,16:32,17:01,17:06,19:21,19:41,20:03,20:06
AA_K_TT_SW_SR_6M_50CM_08_0,RGB,0:41,3:08,3:18,3:42,3:47,6:07,6:14,6:41,6:46,9:07,9:12,9:47,9:52,12:07,12:16,12:51,12:51,15:07,15:11,15:42,15:45,18:04,18:30,18:46,18:49
AA_K_TT_SW_SR_8M_1M_02_0,RGB,0:25,2:27,2:43,2:59,3:05,5:33,5:39,6:09,6:15,8:27,8:32,9:13,9:18,11:26,11:35,12:11,12:15,14:27,14:33,14:53,14:58,17:28,17:39,17:51,17:54
AA_K_TT_SW_SR_8M_1M_04_0,RGB,0:34,2:41,2:54,3:06,3:14,5:40,5:50,6:19,6:24,8:40,8:45,9:15,9:20,11:42,11:50,12:17,12:21,14:40,14:50,15:19,15:23,17:41,17:53,18:18,18:21
AA_K_TT_SW_SR_8M_1M_06_0,RGB,0:28,2:42,2:52,3:17,3:23,5:42,5:50,6:21,6:30,8:42,8:47,9:26,9:31,11:44,11:54,12:30,12:30,14:40,14:48,15:18,15:26,17:41,17:57,18:16,18:22
AA_K_TT_SW_SR_8M_1M_08_0,RGB,3:10,5:42,5:54,6:21,6:24,8:44,8:56,9:23,9:33,12:24,12:29,13:02,13:07,15:24,15:34,16:10,16:10,18:24,18:33,19:10,19:16,21:24,21:46,22:02,22:07
AA_K_TT_SW_SR_8M_1M_10_0,RGB,0:54,4:57,5:16,5:37,5:43,7:58,8:07,8:42,8:49,10:58,11:03,11:40,11:45,13:56,14:04,14:40,14:44,16:59,17:11,17:31,17:39,19:58,20:20,20:30,20:38
AA_K_TT_SW_SR_8M_50CM_02_0,RGB,0:37,2:39,2:55,3:11,3:17,5:45,5:51,6:21,6:27,8:39,8:44,9:25,9:30,11:38,11:47,12:23,12:27,14:39,14:45,15:05,15:10,17:40,17:51,18:03,18:06
AA_K_TT_SW_SR_8M_50CM_04_0,RGB,0:14,2:21,2:34,2:46,2:54,5:20,5:30,5:59,6:04,8:20,8:25,8:55,9:00,11:22,11:30,11:57,12:01,14:20,14:30,14:59,15:03,17:21,17:33,17:58,18:01
AA_K_TT_SW_SR_8M_50CM_06_0,RGB,0:27,2:41,2:51,3:16,3:22,5:41,5:49,6:20,6:29,8:41,8:46,9:25,9:30,11:43,11:53,12:29,12:29,14:39,14:47,15:17,15:25,17:40,17:56,18:15,18:21
AA_K_TT_SW_SR_8M_50CM_08_0,RGB,3:30,6:02,6:14,6:41,6:44,9:04,9:16,9:43,9:53,12:44,12:49,13:22,13:27,15:44,15:54,16:30,16:30,18:44,18:53,19:30,19:36,21:44,22:06,22:22,22:27
AA_K_TT_SW_SR_8M_50CM_10_0,RGB,2:24,6:27,6:46,7:07,7:13,9:28,9:37,10:12,10:19,12:28,12:33,13:10,13:15,15:26,15:34,16:10,16:14,18:29,18:41,19:01,19:09,21:28,21:50,22:00,22:08
AA_K_TT_SW_SR_S_1M_02_0,RGB,0:21,2:21,2:39,2:48,2:55,5:26,5:34,6:11,6:16,8:27,8:32,9:08,9:13,11:21,11:30,11:47,11:52,14:26,14:38,15:01,15:08,17:26,17:41,17:47,17:49
AA_K_TT_SW_SR_S_1M_04_0,RGB,0:16,2:35,2:42,3:01,3:04,5:36,5:43,6:10,6:14,8:36,8:41,9:08,9:13,11:35,11:47,12:12,12:17,14:35,14:41,15:05,15:11,17:35,17:53,18:02,18:06
AA_K_TT_SW_SR_S_1M_06_0,RGB,3:32,6:40,6:51,7:14,7:21,9:40,9:50,10:18,10:27,12:40,12:45,13:22,13:27,15:48,15:50,16:26,16:30,18:40,18:45,19:12,19:17,21:43,21:52,22:18,22:23
AA_K_TT_SW_SR_S_1M_08_0,RGB,0:21,2:45,2:59,3:26,3:30,5:51,5:55,6:18,6:24,8:45,8:50,9:30,9:35,11:43,11:51,12:26,12:30,14:43,14:53,15:29,15:34,17:51,18:07,18:28,18:32
AA_K_TT_SW_SR_S_50CM_02_0,RGB,0:57,2:56,3:06,3:29,3:33,5:59,6:06,6:50,6:54,9:16,9:21,10:12,10:17,12:46,12:58,13:20,13:20,14:18,14:28,15:08,15:04,17:04,17:27,17:36,17:39
AA_K_TT_SW_SR_S_50CM_04_0,RGB,0:42,3:01,3:08,3:27,3:30,6:02,6:09,6:36,6:40,9:02,9:07,9:34,9:39,12:01,12:13,12:38,12:43,15:01,15:07,15:31,15:37,18:01,18:19,18:28,18:32
AA_K_TT_SW_SR_S_50CM_06_0,RGB,3:52,7:00,7:11,7:34,7:41,10:00,10:10,10:38,10:47,13:00,13:05,13:42,13:47,16:08,16:10,16:46,16:50,19:00,19:05,19:32,19:37,22:03,22:12,22:38,22:43
AA_K_TT_SW_SR_S_50CM_08_0,RGB,0:44,3:08,3:22,3:49,3:53,6:14,6:18,6:41,6:47,9:08,9:13,9:53,9:58,12:06,12:14,12:49,12:53,15:06,15:16,15:52,15:57,18:14,18:30,18:51,18:55
AA_K_TT_SW_SS_6M_1M_02_0,RGB,0:09,2:15,2:24,2:37,2:40,5:17,5:27,5:52,5:55,8:16,8:21,8:54,8:59,11:14,11:23,11:49,11:49,14:17,14:40,14:54,15:00,17:14,17:31,17:46,17:50
AA_K_TT_SW_SS_6M_1M_04_0,RGB,0:13,2:24,2:31,2:53,2:58,5:24,5:33,6:05,6:09,8:24,8:29,9:04,9:09,11:19,11:32,12:01,12:04,14:21,14:26,14:59,15:04,17:24,17:41,17:50,17:54
AA_K_TT_SW_SS_6M_1M_06_0,RGB,1:40,4:54,5:06,5:25,5:31,7:54,8:01,8:29,8:33,10:54,10:59,11:31,11:36,13:53,14:02,14:35,14:38,22:04,22:13,22:42,22:47,25:05:00,25:21:00,25:42:00,25:43:00
AA_K_TT_SW_SS_6M_1M_08_0,RGB,0:09,2:40,2:51,3:11,3:16,5:40,5:45,6:09,6:21,8:41,8:46,9:20,9:25,11:42,11:48,12:14,12:18,14:39,14:43,15:25,15:31,17:39,17:59,18:15,18:20
AA_K_TT_SW_SS_6M_50CM_02_0,RGB,0:50,2:56,3:05,3:18,3:21,5:58,6:08,6:33,6:36,8:57,9:02,9:35,9:40,11:55,12:04,12:30,12:30,14:58,15:21,15:35,15:41,17:55,18:12,18:27,18:31
AA_K_TT_SW_SS_6M_50CM_04_0,RGB,0:21,2:32,2:39,3:01,3:06,5:32,5:41,6:13,6:17,8:32,8:37,9:12,9:17,11:27,11:40,12:09,12:12,14:29,14:34,15:07,15:12,17:32,17:49,17:58,18:02
AA_K_TT_SW_SS_6M_50CM_06_0,RGB,1:16,4:30,4:42,5:01,5:07,7:30,7:37,8:05,8:09,10:30,10:35,11:07,11:12,13:29,13:38,14:11,14:14,21:40,21:49,22:18,22:23,24:41:00,24:57:00,25:18:00,25:19:00
AA_K_TT_SW_SS_6M_50CM_08_0,RGB,0:49,3:20,3:31,3:51,3:56,6:20,6:25,6:49,7:01,9:21,9:26,10:00,10:05,12:22,12:28,12:54,12:58,15:19,15:23,16:05,16:11,18:19,18:39,18:55,19:00
AA_K_TT_SW_SS_8M_1M_02_0,RGB,1:03,4:45,4:57,5:11,5:14,7:42,8:00,8:18,8:21,10:44,10:49,11:27,11:32,13:41,13:50,14:22,14:22,16:43,17:02,17:17,17:22,19:43,20:12,20:16,20:19
AA_K_TT_SW_SS_8M_1M_04_0,RGB,0:08,2:23,2:31,2:52,2:58,5:24,5:32,5:58,6:02,8:21,8:26,9:01,9:06,11:21,11:27,11:57,11:57,14:20,14:31,14:56,14:59,17:21,17:32,17:51,17:55
AA_K_TT_SW_SS_8M_1M_06_0,RGB,0:18,4:18,4:28,4:49,4:54,6:28,6:31,7:03,7:09,9:29,9:34,10:05,10:10,12:29,12:37,13:14,13:14,15:27,15:36,16:09,16:14,18:28,19:00,19:05,19:09
AA_K_TT_SW_SS_8M_1M_08_0,RGB,0:25,3:02,3:13,3:39,3:43,6:22,6:26,6:52,6:52,9:22,9:27,10:01,10:06,12:20,12:28,12:58,12:58,15:18,15:27,15:59,16:05,18:20,18:42,18:59,19:04
AA_K_TT_SW_SS_8M_50CM_02_0,RGB,0:49,4:31,4:43,4:57,5:00,7:28,7:46,8:04,8:07,10:30,10:35,11:13,11:18,13:27,13:36,14:08,14:08,16:29,16:48,17:03,17:08,19:29,19:58,20:02,20:05
AA_K_TT_SW_SS_8M_50CM_04_0,RGB,0:19,2:34,2:42,3:03,3:09,5:35,5:43,6:09,6:13,8:32,8:37,9:12,9:17,11:32,11:38,12:08,12:08,14:31,14:42,15:07,15:10,17:32,17:43,18:02,18:06
AA_K_TT_SW_SS_8M_50CM_06_0,RGB,0:25,4:25,4:35,4:56,5:01,6:35,6:38,7:10,7:16,9:36,9:41,10:12,10:17,12:36,12:44,13:21,13:21,15:34,15:43,16:16,16:21,18:35,19:07,19:12,19:16
AA_K_TT_SW_SS_8M_50CM_08_0,RGB,0:12,2:49,3:00,3:26,3:30,6:09,6:13,6:39,6:39,9:09,9:14,9:48,9:53,12:07,12:15,12:45,12:45,15:05,15:14,15:46,15:52,18:07,18:29,18:46,18:51
AA_K_TT_SW_SS_S_1M_02_0,RGB,1:00,3:11,3:20,3:35,3:38,6:11,6:14,6:34,6:34,9:11,9:16,9:45,9:50,12:11,12:20,12:42,12:42,18:11,18:22,18:34,18:40,21:10,21:23,21:34,21:37
AA_K_TT_SW_SS_S_1M_04_0,RGB,0:26,2:54,3:00,3:18,3:26,5:54,6:02,6:31,6:35,8:54,8:59,9:31,9:36,11:58,12:10,12:29,12:35,14:56,15:02,15:24,15:31,17:55,18:06,18:27,18:33
AA_K_TT_SW_SS_S_1M_06_0,RGB,0:44,3:13,3:24,3:49,3:53,6:11,6:16,6:48,6:53,9:09,9:14,9:49,9:54,12:12,12:22,12:51,12:57,15:15,15:18,15:48,15:54,18:10,18:24,18:45,18:48
AA_K_TT_SW_SS_S_1M_08_0,RGB,0:39,3:02,3:09,3:34,3:39,6:01,6:03,6:25,6:33,8:57,9:02,9:38,9:43,11:59,12:06,12:39,12:42,15:01,15:07,15:36,15:42,18:00,18:14,18:28,18:33
AA_K_TT_SW_SS_S_50CM_02_0,RGB,1:18,3:21,3:27,3:41,3:47,6:22,6:34,7:04,7:05,9:24,9:29,10:00,10:05,12:23,12:28,12:53,12:53,15:23,15:33,15:56,16:05,18:25,18:46,18:53,18:55
AA_K_TT_SW_SS_S_50CM_04_0,RGB,0:29,2:57,3:03,3:21,3:29,5:57,6:05,6:34,6:38,8:57,9:02,9:34,9:39,12:01,12:13,12:32,12:38,14:59,15:05,15:27,15:34,17:58,18:09,18:30,18:36
AA_K_TT_SW_SS_S_50CM_06_0,RGB,0:47,3:16,3:27,3:52,3:56,6:14,6:19,6:51,6:56,9:12,9:17,9:52,9:57,12:15,12:25,12:54,13:00,15:18,15:21,15:51,15:57,18:13,18:27,18:48,18:51
AA_K_TT_SW_SS_S_50CM_08_0,RGB,1:05,3:28,3:35,4:00,4:05,6:27,6:29,6:51,6:59,9:23,9:28,10:04,10:09,12:25,12:32,13:05,13:08,15:27,15:33,16:02,16:08,18:26,18:40,18:54,18:59
AA_K_TT_RN_SS_S_50CM_09_0,RGB,0:46,3:01,3:04,3:23,3:26,6:00,6:03,6:31,6:37,8:57,9:02,9:37,9:42,11:58,12:06,12:34,12:34,15:01,15:07,15:35,15:39,18:00,18:13,18:24,18:27
